date,order_id,product,category,region,manager,channel,quantity,price,discount,revenue,cost,profit,customer_id,brand,warehouse,returns,status
2026-05-08,LUX-10000,Шелковый платок,Брендовые вещи,Шымкент,Сатпаева А.,Бутик,1,1369175.36,0,1369175.36,352842.63,1016332.73,VIP-227,Brand_Бре,Склад-Шым,0,completed
2025-12-30,LUX-10001,Часы Rolex,Аксессуары,Шымкент,Ахметова Д.,Бутик,1,1045512.15,0,1045512.15,307732.34,737779.81,VIP-662,Brand_Акс,Склад-Шым,0,completed
2026-02-06,LUX-10002,Очки Ray-Ban,Аксессуары,Алматы,Сатпаева А.,Бутик,1,547858.84,0,547858.84,184096.68,363762.16,VIP-913,Brand_Акс,Склад-Алм,0,completed
2025-11-28,LUX-10003,Клатч вечерний,Аксессуары,Астана,Сатпаева А.,Бутик,1,1520213.1,5,1444202.45,443394.29,1000808.16,VIP-32,Brand_Акс,Склад-Аст,0,completed
2026-01-20,LUX-10004,Chanel No 5,Парфюмерия,Шымкент,Ахметова Д.,Онлайн-магазин,1,168502.8,0,168502.8,38781.21,129721.58,VIP-755,Brand_Пар,Склад-Шым,0,completed
2026-01-16,LUX-10005,Очки Ray-Ban,Аксессуары,Атырау,Омаров Т.,VIP-клиенты,1,452571.06,0,452571.06,91052.57,361518.49,VIP-42,Brand_Акс,Склад-Аты,0,completed
2026-05-05,LUX-10006,Jo Malone Wood Sage,Парфюмерия,Атырау,Ким А.,VIP-клиенты,1,200974.53,0,200974.53,72038.69,128935.85,VIP-193,Brand_Пар,Склад-Аты,0,completed
2025-10-25,LUX-10007,Очки Ray-Ban,Аксессуары,Алматы,Ахметова Д.,VIP-клиенты,1,811779.22,0,811779.22,251705.77,560073.45,VIP-484,Brand_Акс,Склад-Алм,0,cancelled
2025-08-13,LUX-10008,Пиджак кроя Slim,Брендовые вещи,Шымкент,Ким А.,Бутик,1,425318.87,0,425318.87,94607.3,330711.57,VIP-932,Brand_Бре,Склад-Шым,0,cancelled
2025-12-25,LUX-10009,Сумка Birkin,Брендовые вещи,Шымкент,Ахметова Д.,Бутик,1,1532272.96,0,1532272.96,507470.44,1024802.52,VIP-354,Brand_Бре,Склад-Шым,0,completed
2025-11-14,LUX-10010,Dior Sauvage,Парфюмерия,Астана,Омаров Т.,Бутик,1,87311.1,0,87311.1,33076.24,54234.86,VIP-65,Brand_Пар,Склад-Аст,0,completed
2025-11-04,LUX-10011,Золотая цепь,Ювелирные изделия,Астана,Ким А.,Бутик,1,1182689.87,0,1182689.87,393857.95,788831.92,VIP-713,Brand_Юве,Склад-Аст,0,completed
2026-01-17,LUX-10012,Платье Haute Couture,Брендовые вещи,Атырау,Омаров Т.,Бутик,1,788872.26,0,788872.26,226426.11,562446.15,VIP-314,Brand_Бре,Склад-Аты,0,completed
2025-08-04,LUX-10013,Сумка Birkin,Брендовые вещи,Актау,Омаров Т.,VIP-клиенты,1,1029543.69,0,1029543.69,319723.61,709820.08,VIP-44,Brand_Бре,Склад-Акт,0,completed
2026-03-10,LUX-10014,Кольцо с бриллиантом,Ювелирные изделия,Атырау,Сатпаева А.,VIP-клиенты,1,1337857.54,0,1337857.54,437690.69,900166.86,VIP-900,Brand_Юве,Склад-Аты,0,completed
2025-11-28,LUX-10015,Кольцо с бриллиантом,Ювелирные изделия,Актау,Сатпаева А.,Бутик,1,847292.56,0,847292.56,240147.7,607144.86,VIP-254,Brand_Юве,Склад-Акт,0,completed
2026-01-13,LUX-10016,Шелковый платок,Брендовые вещи,Алматы,Ахметова Д.,VIP-клиенты,1,1530216.89,0,1530216.89,485793.0,1044423.89,VIP-931,Brand_Бре,Склад-Алм,0,completed
2025-10-21,LUX-10017,Очки Ray-Ban,Аксессуары,Алматы,Ахметова Д.,VIP-клиенты,2,1266042.36,0,2532084.72,773553.65,1758531.07,VIP-933,Brand_Акс,Склад-Алм,0,completed
2026-04-01,LUX-10018,Шелковый платок,Брендовые вещи,Атырау,Ахметова Д.,Бутик,1,266561.65,0,266561.65,99875.45,166686.2,VIP-103,Brand_Бре,Склад-Аты,0,completed
2025-12-02,LUX-10019,Очки Ray-Ban,Аксессуары,Алматы,Ким А.,Бутик,1,1233853.0,0,1233853.0,317896.01,915957.0,VIP-857,Brand_Акс,Склад-Алм,0,completed
2026-01-29,LUX-10020,Очки Ray-Ban,Аксессуары,Шымкент,Ким А.,Бутик,2,909977.65,0,1819955.29,436930.35,1383024.95,VIP-178,Brand_Акс,Склад-Шым,0,completed
2026-03-25,LUX-10021,Клатч вечерний,Аксессуары,Астана,Омаров Т.,VIP-клиенты,1,520934.62,0,520934.62,136663.41,384271.21,VIP-784,Brand_Акс,Склад-Аст,0,completed
2026-01-23,LUX-10022,Пиджак кроя Slim,Брендовые вещи,Актау,Омаров Т.,VIP-клиенты,1,1015979.96,5,965180.96,280539.33,684641.63,VIP-190,Brand_Бре,Склад-Акт,0,completed
2026-06-18,LUX-10023,Серьги с изумрудом,Ювелирные изделия,Атырау,Ким А.,VIP-клиенты,1,3225261.07,0,3225261.07,646721.82,2578539.25,VIP-410,Brand_Юве,Склад-Аты,0,completed
2025-09-06,LUX-10024,Туфли на шпильке,Брендовые вещи,Атырау,Омаров Т.,Бутик,1,1859938.11,0,1859938.11,477834.23,1382103.88,VIP-786,Brand_Бре,Склад-Аты,0,completed
2025-10-07,LUX-10025,Кожаный ремень,Аксессуары,Астана,Сатпаева А.,VIP-клиенты,1,1205288.18,0,1205288.18,412931.86,792356.31,VIP-723,Brand_Акс,Склад-Аст,0,completed
2026-03-22,LUX-10026,Dior Sauvage,Парфюмерия,Шымкент,Омаров Т.,Бутик,1,177285.24,0,177285.24,51153.73,126131.51,VIP-113,Brand_Пар,Склад-Шым,0,completed
2026-05-29,LUX-10027,Часы Rolex,Аксессуары,Актау,Ким А.,VIP-клиенты,1,1041173.12,0,1041173.12,287825.72,753347.4,VIP-578,Brand_Акс,Склад-Акт,0,completed
2025-11-11,LUX-10028,Клатч вечерний,Аксессуары,Астана,Ким А.,Бутик,1,1357966.03,0,1357966.03,494356.59,863609.44,VIP-139,Brand_Акс,Склад-Аст,0,completed
2026-04-28,LUX-10029,Jo Malone Wood Sage,Парфюмерия,Актау,Ахметова Д.,Бутик,1,242581.72,0,242581.72,50995.83,191585.89,VIP-497,Brand_Пар,Склад-Акт,0,completed
2025-09-14,LUX-10030,Туфли на шпильке,Брендовые вещи,Атырау,Омаров Т.,Бутик,1,556579.58,0,556579.58,199553.62,357025.96,VIP-835,Brand_Бре,Склад-Аты,0,completed
2025-08-22,LUX-10031,Baccarat Rouge 540,Парфюмерия,Алматы,Ким А.,Онлайн-магазин,1,60806.99,0,60806.99,22945.44,37861.55,VIP-747,Brand_Пар,Склад-Алм,0,completed
2026-02-09,LUX-10032,Платье Haute Couture,Брендовые вещи,Шымкент,Ахметова Д.,VIP-клиенты,1,1334222.37,15,1134089.01,314042.7,820046.32,VIP-318,Brand_Бре,Склад-Шым,0,completed
2025-12-12,LUX-10033,Jo Malone Wood Sage,Парфюмерия,Атырау,Ахметова Д.,VIP-клиенты,1,84842.8,0,84842.8,18804.88,66037.92,VIP-918,Brand_Пар,Склад-Аты,0,completed
2025-10-15,LUX-10034,Baccarat Rouge 540,Парфюмерия,Атырау,Сатпаева А.,Онлайн-магазин,1,100007.1,0,100007.1,38015.01,61992.08,VIP-415,Brand_Пар,Склад-Аты,0,completed
2025-07-20,LUX-10035,Baccarat Rouge 540,Парфюмерия,Актау,Ахметова Д.,Бутик,1,251897.92,15,214113.23,57987.85,156125.38,VIP-191,Brand_Пар,Склад-Акт,0,completed
2025-10-27,LUX-10036,Chanel No 5,Парфюмерия,Астана,Ким А.,Бутик,1,236545.78,0,236545.78,77643.08,158902.7,VIP-551,Brand_Пар,Склад-Аст,0,completed
2026-03-19,LUX-10037,Платье Haute Couture,Брендовые вещи,Шымкент,Ахметова Д.,Бутик,1,1231826.97,0,1231826.97,304488.27,927338.7,VIP-338,Brand_Бре,Склад-Шым,0,completed
2025-08-19,LUX-10038,Клатч вечерний,Аксессуары,Шымкент,Ким А.,VIP-клиенты,1,819003.61,0,819003.61,223727.2,595276.4,VIP-80,Brand_Акс,Склад-Шым,0,completed
2025-08-13,LUX-10039,Платиновый браслет,Ювелирные изделия,Атырау,Омаров Т.,Бутик,1,2227227.03,0,2227227.03,848522.74,1378704.29,VIP-537,Brand_Юве,Склад-Аты,0,completed
2025-12-08,LUX-10040,Jo Malone Wood Sage,Парфюмерия,Алматы,Ахметова Д.,Бутик,1,201082.72,0,201082.72,56894.25,144188.47,VIP-299,Brand_Пар,Склад-Алм,0,completed
2026-01-22,LUX-10041,Baccarat Rouge 540,Парфюмерия,Атырау,Ахметова Д.,Бутик,1,66747.39,0,66747.39,24366.37,42381.03,VIP-348,Brand_Пар,Склад-Аты,0,completed
2025-10-10,LUX-10042,Серьги с изумрудом,Ювелирные изделия,Алматы,Омаров Т.,Бутик,1,1392230.7,0,1392230.7,345608.94,1046621.75,VIP-16,Brand_Юве,Склад-Алм,0,completed
2025-12-09,LUX-10043,Часы Rolex,Аксессуары,Атырау,Омаров Т.,VIP-клиенты,1,920661.87,0,920661.87,315886.87,604775.0,VIP-435,Brand_Акс,Склад-Аты,0,completed
2025-08-19,LUX-10044,Серьги с изумрудом,Ювелирные изделия,Шымкент,Сатпаева А.,VIP-клиенты,1,862883.26,0,862883.26,211464.37,651418.89,VIP-97,Brand_Юве,Склад-Шым,0,completed
2026-04-07,LUX-10045,Шелковый платок,Брендовые вещи,Актау,Омаров Т.,Бутик,1,940468.12,10,846421.31,182109.06,664312.25,VIP-300,Brand_Бре,Склад-Акт,0,completed
2026-01-02,LUX-10046,Сумка Birkin,Брендовые вещи,Астана,Омаров Т.,Бутик,1,1661300.73,0,1661300.73,534018.12,1127282.61,VIP-425,Brand_Бре,Склад-Аст,0,completed
2025-07-31,LUX-10047,Туфли на шпильке,Брендовые вещи,Актау,Ким А.,VIP-клиенты,1,597469.67,0,597469.67,206690.17,390779.5,VIP-190,Brand_Бре,Склад-Акт,0,completed
2026-01-25,LUX-10048,Jo Malone Wood Sage,Парфюмерия,Алматы,Ким А.,Бутик,1,174215.74,0,174215.74,58005.54,116210.2,VIP-171,Brand_Пар,Склад-Алм,0,completed
2026-06-26,LUX-10049,Jo Malone Wood Sage,Парфюмерия,Актау,Сатпаева А.,VIP-клиенты,1,94710.16,0,94710.16,36764.55,57945.61,VIP-67,Brand_Пар,Склад-Акт,0,completed
2026-04-07,LUX-10050,Золотая цепь,Ювелирные изделия,Шымкент,Ахметова Д.,Бутик,1,4087582.37,0,4087582.37,991653.95,3095928.41,VIP-264,Brand_Юве,Склад-Шым,0,completed
2026-03-25,LUX-10051,Часы Rolex,Аксессуары,Шымкент,Ким А.,Бутик,1,684342.62,0,684342.62,197739.11,486603.51,VIP-290,Brand_Акс,Склад-Шым,0,completed
2026-05-18,LUX-10052,Кольцо с бриллиантом,Ювелирные изделия,Алматы,Ким А.,VIP-клиенты,2,819399.73,15,1392979.53,475964.09,917015.45,VIP-942,Brand_Юве,Склад-Алм,0,completed
2025-12-07,LUX-10053,Кольцо с бриллиантом,Ювелирные изделия,Астана,Ким А.,Бутик,1,2424591.15,0,2424591.15,721967.14,1702624.01,VIP-745,Brand_Юве,Склад-Аст,0,completed
2026-01-06,LUX-10054,Запонки золотые,Аксессуары,Актау,Ахметова Д.,Бутик,1,401329.79,0,401329.79,156174.94,245154.85,VIP-47,Brand_Акс,Склад-Акт,0,completed
2026-04-21,LUX-10055,Платье Haute Couture,Брендовые вещи,Алматы,Ахметова Д.,Бутик,1,879115.65,0,879115.65,195531.68,683583.97,VIP-297,Brand_Бре,Склад-Алм,0,completed
2026-01-12,LUX-10056,Tom Ford Oud Wood,Парфюмерия,Атырау,Ахметова Д.,Бутик,1,99313.25,0,99313.25,20219.4,79093.85,VIP-337,Brand_Пар,Склад-Аты,0,completed
2025-11-10,LUX-10057,Платиновый браслет,Ювелирные изделия,Актау,Сатпаева А.,Бутик,1,3289849.46,0,3289849.46,681692.06,2608157.4,VIP-728,Brand_Юве,Склад-Акт,0,completed
2026-01-18,LUX-10058,Туфли на шпильке,Брендовые вещи,Актау,Ким А.,Бутик,1,1817386.94,0,1817386.94,465283.02,1352103.92,VIP-560,Brand_Бре,Склад-Акт,0,completed
2026-02-02,LUX-10059,Jo Malone Wood Sage,Парфюмерия,Алматы,Ким А.,VIP-клиенты,1,244791.68,0,244791.68,84196.88,160594.8,VIP-518,Brand_Пар,Склад-Алм,0,completed
2025-08-24,LUX-10060,Сумка Birkin,Брендовые вещи,Шымкент,Омаров Т.,VIP-клиенты,1,1834473.63,5,1742749.95,427213.03,1315536.92,VIP-963,Brand_Бре,Склад-Шым,0,completed
2026-06-01,LUX-10061,Очки Ray-Ban,Аксессуары,Астана,Омаров Т.,Бутик,1,1033696.59,0,1033696.59,350639.84,683056.75,VIP-714,Brand_Акс,Склад-Аст,0,completed
2025-10-13,LUX-10062,Клатч вечерний,Аксессуары,Алматы,Ахметова Д.,VIP-клиенты,2,832544.84,0,1665089.68,602372.94,1062716.74,VIP-291,Brand_Акс,Склад-Алм,0,completed
2026-02-21,LUX-10063,Кожаный ремень,Аксессуары,Шымкент,Сатпаева А.,VIP-клиенты,1,760990.4,15,646841.84,228146.94,418694.9,VIP-638,Brand_Акс,Склад-Шым,0,completed
2026-04-28,LUX-10064,Клатч вечерний,Аксессуары,Шымкент,Омаров Т.,VIP-клиенты,1,339318.67,0,339318.67,83655.95,255662.72,VIP-760,Brand_Акс,Склад-Шым,0,completed
2025-11-07,LUX-10065,Кожаный ремень,Аксессуары,Шымкент,Омаров Т.,Бутик,3,1282866.02,0,3848598.05,1403296.27,2445301.78,VIP-555,Brand_Акс,Склад-Шым,0,completed
2026-05-01,LUX-10066,Очки Ray-Ban,Аксессуары,Атырау,Омаров Т.,Бутик,1,1297324.58,0,1297324.58,342206.73,955117.85,VIP-781,Brand_Акс,Склад-Аты,0,completed
2026-05-26,LUX-10067,Часы Rolex,Аксессуары,Алматы,Ким А.,Бутик,1,309883.99,0,309883.99,110479.03,199404.96,VIP-770,Brand_Акс,Склад-Алм,0,completed
2025-11-05,LUX-10068,Золотая цепь,Ювелирные изделия,Шымкент,Сатпаева А.,Бутик,2,2213379.14,0,4426758.28,1699391.77,2727366.52,VIP-596,Brand_Юве,Склад-Шым,0,completed
2026-04-14,LUX-10069,Платиновый браслет,Ювелирные изделия,Астана,Ким А.,VIP-клиенты,1,4058438.65,0,4058438.65,921136.71,3137301.93,VIP-777,Brand_Юве,Склад-Аст,0,completed
2025-10-28,LUX-10070,Сумка Birkin,Брендовые вещи,Астана,Омаров Т.,Бутик,1,571610.54,0,571610.54,162296.07,409314.48,VIP-78,Brand_Бре,Склад-Аст,0,completed
2026-02-10,LUX-10071,Шелковый платок,Брендовые вещи,Атырау,Ахметова Д.,Бутик,1,1919181.06,10,1727262.96,535253.39,1192009.56,VIP-757,Brand_Бре,Склад-Аты,0,completed
2025-12-05,LUX-10072,Tom Ford Oud Wood,Парфюмерия,Атырау,Омаров Т.,Бутик,3,94744.18,0,284232.54,67822.45,216410.09,VIP-654,Brand_Пар,Склад-Аты,0,completed
2025-08-20,LUX-10073,Часы Rolex,Аксессуары,Алматы,Омаров Т.,VIP-клиенты,1,1497256.9,0,1497256.9,366409.68,1130847.21,VIP-303,Brand_Акс,Склад-Алм,0,completed
2025-11-08,LUX-10074,Колье из жемчуга,Ювелирные изделия,Шымкент,Ахметова Д.,Бутик,1,4539933.22,0,4539933.22,1786182.01,2753751.21,VIP-617,Brand_Юве,Склад-Шым,0,completed
2025-08-19,LUX-10075,Jo Malone Wood Sage,Парфюмерия,Шымкент,Сатпаева А.,VIP-клиенты,1,221173.94,0,221173.94,51320.86,169853.08,VIP-382,Brand_Пар,Склад-Шым,0,completed
2025-08-07,LUX-10076,Tom Ford Oud Wood,Парфюмерия,Шымкент,Ким А.,Бутик,1,151985.18,5,144385.92,43657.65,100728.28,VIP-452,Brand_Пар,Склад-Шым,0,completed
2025-07-20,LUX-10077,Платиновый браслет,Ювелирные изделия,Алматы,Омаров Т.,Онлайн-магазин,1,3583458.49,0,3583458.49,1122070.29,2461388.2,VIP-218,Brand_Юве,Склад-Алм,0,completed
2026-03-05,LUX-10078,Часы Rolex,Аксессуары,Алматы,Ахметова Д.,Бутик,2,792475.84,0,1584951.69,419925.17,1165026.51,VIP-292,Brand_Акс,Склад-Алм,0,completed
2026-05-16,LUX-10079,Кольцо с бриллиантом,Ювелирные изделия,Алматы,Ким А.,VIP-клиенты,2,1421573.1,0,2843146.2,1001681.5,1841464.7,VIP-76,Brand_Юве,Склад-Алм,0,completed
2025-11-08,LUX-10080,Кольцо с бриллиантом,Ювелирные изделия,Шымкент,Ахметова Д.,Бутик,1,951648.71,0,951648.71,327052.84,624595.87,VIP-194,Brand_Юве,Склад-Шым,0,completed
2025-08-24,LUX-10081,Сумка Birkin,Брендовые вещи,Актау,Ким А.,Бутик,1,520948.1,0,520948.1,205581.8,315366.3,VIP-845,Brand_Бре,Склад-Акт,0,completed
2026-07-03,LUX-10082,Пиджак кроя Slim,Брендовые вещи,Шымкент,Омаров Т.,Онлайн-магазин,1,1681488.03,0,1681488.03,566953.53,1114534.5,VIP-407,Brand_Бре,Склад-Шым,0,completed
2025-07-21,LUX-10083,Tom Ford Oud Wood,Парфюмерия,Астана,Ахметова Д.,Бутик,1,198071.14,0,198071.14,54868.97,143202.17,VIP-704,Brand_Пар,Склад-Аст,0,completed
2026-06-24,LUX-10084,Baccarat Rouge 540,Парфюмерия,Атырау,Ким А.,Бутик,1,144398.19,10,129958.37,43926.15,86032.22,VIP-362,Brand_Пар,Склад-Аты,0,completed
2026-06-01,LUX-10085,Часы Rolex,Аксессуары,Атырау,Ким А.,Бутик,3,385088.97,0,1155266.91,298928.84,856338.07,VIP-241,Brand_Акс,Склад-Аты,0,completed
2026-01-09,LUX-10086,Туфли на шпильке,Брендовые вещи,Актау,Ким А.,Бутик,2,1208581.8,0,2417163.6,805750.51,1611413.09,VIP-946,Brand_Бре,Склад-Акт,0,completed
2026-04-24,LUX-10087,Очки Ray-Ban,Аксессуары,Шымкент,Омаров Т.,Бутик,1,772840.45,0,772840.45,308812.03,464028.41,VIP-735,Brand_Акс,Склад-Шым,0,completed
2025-09-23,LUX-10088,Серьги с изумрудом,Ювелирные изделия,Атырау,Сатпаева А.,Бутик,1,2780180.01,0,2780180.01,823273.33,1956906.67,VIP-978,Brand_Юве,Склад-Аты,0,completed
2026-04-12,LUX-10089,Кольцо с бриллиантом,Ювелирные изделия,Алматы,Омаров Т.,Бутик,1,3218599.41,0,3218599.41,981660.88,2236938.53,VIP-701,Brand_Юве,Склад-Алм,0,completed
2026-06-18,LUX-10090,Запонки золотые,Аксессуары,Астана,Сатпаева А.,Онлайн-магазин,1,269662.43,0,269662.43,66897.25,202765.18,VIP-861,Brand_Акс,Склад-Аст,0,completed
2025-11-17,LUX-10091,Jo Malone Wood Sage,Парфюмерия,Шымкент,Сатпаева А.,VIP-клиенты,3,253589.19,0,760767.56,173138.55,587629.01,VIP-582,Brand_Пар,Склад-Шым,0,completed
2026-01-03,LUX-10092,Часы Rolex,Аксессуары,Атырау,Ахметова Д.,VIP-клиенты,1,814543.19,0,814543.19,251238.19,563305.0,VIP-995,Brand_Акс,Склад-Аты,0,completed
2026-02-28,LUX-10093,Серьги с изумрудом,Ювелирные изделия,Астана,Ким А.,VIP-клиенты,1,1944940.65,10,1750446.58,602946.75,1147499.83,VIP-977,Brand_Юве,Склад-Аст,0,completed
2026-02-20,LUX-10094,Tom Ford Oud Wood,Парфюмерия,Шымкент,Сатпаева А.,VIP-клиенты,3,222595.67,0,667787.0,183293.01,484493.99,VIP-806,Brand_Пар,Склад-Шым,0,completed
2026-02-05,LUX-10095,Часы Rolex,Аксессуары,Атырау,Ахметова Д.,VIP-клиенты,1,798734.48,0,798734.48,218463.59,580270.89,VIP-980,Brand_Акс,Склад-Аты,0,completed
2026-02-21,LUX-10096,Сумка Birkin,Брендовые вещи,Актау,Омаров Т.,VIP-клиенты,1,1591935.25,0,1591935.25,333948.92,1257986.33,VIP-776,Brand_Бре,Склад-Акт,0,completed
2025-11-30,LUX-10097,Сумка Birkin,Брендовые вещи,Астана,Сатпаева А.,Бутик,1,539542.36,0,539542.36,185548.17,353994.19,VIP-77,Brand_Бре,Склад-Аст,0,completed
2026-01-02,LUX-10098,Серьги с изумрудом,Ювелирные изделия,Атырау,Сатпаева А.,VIP-клиенты,1,3122942.83,0,3122942.83,668820.98,2454121.84,VIP-955,Brand_Юве,Склад-Аты,0,completed
2026-01-09,LUX-10099,Платье Haute Couture,Брендовые вещи,Алматы,Сатпаева А.,Бутик,1,1322376.65,0,1322376.65,411146.16,911230.49,VIP-479,Brand_Бре,Склад-Алм,0,completed
2026-05-14,LUX-10100,Кожаный ремень,Аксессуары,Алматы,Ахметова Д.,Онлайн-магазин,1,1027125.82,0,1027125.82,311325.47,715800.34,VIP-372,Brand_Акс,Склад-Алм,0,completed
2025-08-18,LUX-10101,Кожаный ремень,Аксессуары,Шымкент,Ахметова Д.,Бутик,3,1096144.28,0,3288432.84,919629.24,2368803.6,VIP-300,Brand_Акс,Склад-Шым,0,completed
2026-01-03,LUX-10102,Кожаный ремень,Аксессуары,Актау,Ким А.,VIP-клиенты,1,303593.31,5,288413.64,82487.65,205925.99,VIP-977,Brand_Акс,Склад-Акт,0,completed
2025-12-21,LUX-10103,Платье Haute Couture,Брендовые вещи,Шымкент,Сатпаева А.,VIP-клиенты,1,1463312.16,0,1463312.16,521239.44,942072.73,VIP-475,Brand_Бре,Склад-Шым,0,completed
2026-01-23,LUX-10104,Очки Ray-Ban,Аксессуары,Шымкент,Ким А.,Бутик,1,179550.44,0,179550.44,55551.05,123999.38,VIP-595,Brand_Акс,Склад-Шым,0,completed
2026-04-27,LUX-10105,Часы Rolex,Аксессуары,Атырау,Ким А.,Бутик,1,652479.34,0,652479.34,193619.94,458859.4,VIP-517,Brand_Акс,Склад-Аты,0,completed
2025-11-29,LUX-10106,Колье из жемчуга,Ювелирные изделия,Шымкент,Ахметова Д.,Бутик,1,3523418.48,0,3523418.48,1211370.36,2312048.13,VIP-817,Brand_Юве,Склад-Шым,0,completed
2025-12-31,LUX-10107,Пиджак кроя Slim,Брендовые вещи,Алматы,Ахметова Д.,Онлайн-магазин,2,913973.94,0,1827947.88,386031.52,1441916.36,VIP-187,Brand_Бре,Склад-Алм,0,completed
2026-06-27,LUX-10108,Платиновый браслет,Ювелирные изделия,Актау,Сатпаева А.,VIP-клиенты,1,3317677.0,0,3317677.0,789149.32,2528527.68,VIP-817,Brand_Юве,Склад-Акт,0,cancelled
2025-11-14,LUX-10109,Серьги с изумрудом,Ювелирные изделия,Атырау,Омаров Т.,Бутик,2,2290536.53,0,4581073.07,1698673.95,2882399.11,VIP-777,Brand_Юве,Склад-Аты,0,completed
2026-01-07,LUX-10110,Платиновый браслет,Ювелирные изделия,Актау,Ахметова Д.,VIP-клиенты,1,3720157.69,0,3720157.69,1092847.9,2627309.79,VIP-107,Brand_Юве,Склад-Акт,0,completed
2026-03-04,LUX-10111,Baccarat Rouge 540,Парфюмерия,Шымкент,Сатпаева А.,Бутик,1,93866.93,0,93866.93,24919.92,68947.01,VIP-302,Brand_Пар,Склад-Шым,0,completed
2026-02-08,LUX-10112,Сумка Birkin,Брендовые вещи,Астана,Омаров Т.,VIP-клиенты,1,1332486.31,0,1332486.31,399603.64,932882.67,VIP-913,Brand_Бре,Склад-Аст,0,completed
2026-02-15,LUX-10113,Tom Ford Oud Wood,Парфюмерия,Астана,Омаров Т.,VIP-клиенты,1,135071.29,5,128317.73,41977.17,86340.56,VIP-379,Brand_Пар,Склад-Аст,0,completed
2026-05-06,LUX-10114,Tom Ford Oud Wood,Парфюмерия,Актау,Омаров Т.,VIP-клиенты,1,225761.54,0,225761.54,49799.61,175961.94,VIP-658,Brand_Пар,Склад-Акт,0,completed
2025-11-08,LUX-10115,Шелковый платок,Брендовые вещи,Алматы,Сатпаева А.,Бутик,1,1385823.53,0,1385823.53,299100.83,1086722.7,VIP-446,Brand_Бре,Склад-Алм,0,completed
2026-07-01,LUX-10116,Золотая цепь,Ювелирные изделия,Актау,Сатпаева А.,Бутик,1,2924360.37,0,2924360.37,1140271.03,1784089.35,VIP-621,Brand_Юве,Склад-Акт,0,completed
2026-07-03,LUX-10117,Часы Rolex,Аксессуары,Шымкент,Сатпаева А.,Онлайн-магазин,1,933412.95,0,933412.95,280833.55,652579.41,VIP-384,Brand_Акс,Склад-Шым,0,cancelled
2026-02-22,LUX-10118,Tom Ford Oud Wood,Парфюмерия,Алматы,Сатпаева А.,Бутик,1,160996.92,0,160996.92,51957.82,109039.1,VIP-205,Brand_Пар,Склад-Алм,0,completed
2025-11-26,LUX-10119,Jo Malone Wood Sage,Парфюмерия,Алматы,Омаров Т.,VIP-клиенты,3,190686.2,0,572058.61,193555.29,378503.32,VIP-187,Brand_Пар,Склад-Алм,0,completed
2026-07-02,LUX-10120,Пиджак кроя Slim,Брендовые вещи,Атырау,Ким А.,Бутик,1,602259.98,0,602259.98,142886.43,459373.55,VIP-467,Brand_Бре,Склад-Аты,0,completed
2025-12-04,LUX-10121,Платиновый браслет,Ювелирные изделия,Атырау,Сатпаева А.,Онлайн-магазин,3,360017.58,15,918044.83,262668.23,655376.6,VIP-142,Brand_Юве,Склад-Аты,0,completed
2025-10-13,LUX-10122,Сумка Birkin,Брендовые вещи,Алматы,Ким А.,Бутик,1,1559077.88,0,1559077.88,483053.59,1076024.28,VIP-538,Brand_Бре,Склад-Алм,0,completed
2026-06-21,LUX-10123,Серьги с изумрудом,Ювелирные изделия,Астана,Сатпаева А.,Бутик,1,2214194.36,0,2214194.36,737884.76,1476309.61,VIP-313,Brand_Юве,Склад-Аст,0,completed
2025-10-14,LUX-10124,Очки Ray-Ban,Аксессуары,Атырау,Сатпаева А.,Бутик,1,178200.68,0,178200.68,70411.93,107788.75,VIP-555,Brand_Акс,Склад-Аты,0,completed
2025-11-13,LUX-10125,Jo Malone Wood Sage,Парфюмерия,Алматы,Омаров Т.,Онлайн-магазин,1,232513.9,0,232513.9,59711.64,172802.26,VIP-387,Brand_Пар,Склад-Алм,0,completed
2025-08-25,LUX-10126,Часы Rolex,Аксессуары,Астана,Ким А.,Бутик,1,841714.65,0,841714.65,217134.02,624580.63,VIP-680,Brand_Акс,Склад-Аст,0,completed
2025-10-29,LUX-10127,Туфли на шпильке,Брендовые вещи,Астана,Сатпаева А.,Бутик,1,1661092.2,0,1661092.2,475543.41,1185548.79,VIP-412,Brand_Бре,Склад-Аст,0,cancelled
2026-02-25,LUX-10128,Платье Haute Couture,Брендовые вещи,Атырау,Ким А.,Бутик,1,708721.02,0,708721.02,146490.85,562230.17,VIP-894,Brand_Бре,Склад-Аты,0,completed
2025-09-20,LUX-10129,Туфли на шпильке,Брендовые вещи,Актау,Сатпаева А.,Бутик,1,1166756.25,5,1108418.43,336730.45,771687.98,VIP-745,Brand_Бре,Склад-Акт,0,completed
2025-12-06,LUX-10130,Очки Ray-Ban,Аксессуары,Атырау,Ахметова Д.,VIP-клиенты,1,520873.73,0,520873.73,120616.6,400257.13,VIP-779,Brand_Акс,Склад-Аты,0,completed
2026-06-12,LUX-10131,Клатч вечерний,Аксессуары,Алматы,Ахметова Д.,Бутик,1,1002998.88,0,1002998.88,348520.58,654478.29,VIP-496,Brand_Акс,Склад-Алм,0,completed
2026-02-01,LUX-10132,Кожаный ремень,Аксессуары,Астана,Сатпаева А.,Бутик,1,481968.38,0,481968.38,137025.59,344942.79,VIP-504,Brand_Акс,Склад-Аст,0,completed
2026-01-26,LUX-10133,Dior Sauvage,Парфюмерия,Алматы,Ким А.,Онлайн-магазин,1,97186.48,0,97186.48,22231.95,74954.54,VIP-958,Brand_Пар,Склад-Алм,0,completed
2025-09-16,LUX-10134,Кольцо с бриллиантом,Ювелирные изделия,Атырау,Сатпаева А.,Онлайн-магазин,1,5136427.74,5,4879606.35,1832679.48,3046926.88,VIP-650,Brand_Юве,Склад-Аты,0,completed
2026-04-21,LUX-10135,Клатч вечерний,Аксессуары,Алматы,Сатпаева А.,Бутик,1,331811.96,0,331811.96,84104.59,247707.37,VIP-710,Brand_Акс,Склад-Алм,0,completed
2026-06-04,LUX-10136,Tom Ford Oud Wood,Парфюмерия,Атырау,Ким А.,Бутик,2,158941.62,0,317883.24,114726.75,203156.49,VIP-672,Brand_Пар,Склад-Аты,0,cancelled
2026-03-24,LUX-10137,Клатч вечерний,Аксессуары,Актау,Ахметова Д.,Бутик,1,1096694.31,0,1096694.31,351316.82,745377.49,VIP-597,Brand_Акс,Склад-Акт,0,completed
2025-10-10,LUX-10138,Золотая цепь,Ювелирные изделия,Шымкент,Омаров Т.,VIP-клиенты,1,3313491.33,0,3313491.33,1137669.74,2175821.59,VIP-26,Brand_Юве,Склад-Шым,0,completed
2026-07-04,LUX-10139,Колье из жемчуга,Ювелирные изделия,Шымкент,Ким А.,Бутик,1,3381603.58,0,3381603.58,737341.44,2644262.14,VIP-705,Brand_Юве,Склад-Шым,0,completed
2025-08-23,LUX-10140,Baccarat Rouge 540,Парфюмерия,Актау,Ким А.,Бутик,1,207269.82,0,207269.82,66177.8,141092.02,VIP-688,Brand_Пар,Склад-Акт,0,completed
2025-11-19,LUX-10141,Золотая цепь,Ювелирные изделия,Алматы,Сатпаева А.,Бутик,2,2060385.08,0,4120770.16,1278128.09,2842642.08,VIP-851,Brand_Юве,Склад-Алм,0,completed
2025-07-24,LUX-10142,Кожаный ремень,Аксессуары,Астана,Ким А.,VIP-клиенты,1,147186.81,0,147186.81,40134.83,107051.98,VIP-729,Brand_Акс,Склад-Аст,0,completed
2025-10-15,LUX-10143,Кольцо с бриллиантом,Ювелирные изделия,Атырау,Омаров Т.,Бутик,1,3079938.8,0,3079938.8,795126.73,2284812.06,VIP-925,Brand_Юве,Склад-Аты,0,completed
2026-04-17,LUX-10144,Сумка Birkin,Брендовые вещи,Актау,Ахметова Д.,VIP-клиенты,2,1166666.49,0,2333332.98,783115.61,1550217.37,VIP-776,Brand_Бре,Склад-Акт,0,completed
2025-11-19,LUX-10145,Платье Haute Couture,Брендовые вещи,Алматы,Омаров Т.,Бутик,2,1477441.04,0,2954882.08,783956.52,2170925.56,VIP-791,Brand_Бре,Склад-Алм,0,completed
2026-04-11,LUX-10146,Dior Sauvage,Парфюмерия,Алматы,Омаров Т.,VIP-клиенты,1,58052.32,5,55149.71,15829.33,39320.37,VIP-617,Brand_Пар,Склад-Алм,1,returned
2025-08-25,LUX-10147,Клатч вечерний,Аксессуары,Шымкент,Омаров Т.,Бутик,1,754841.85,0,754841.85,153875.93,600965.92,VIP-17,Brand_Акс,Склад-Шым,0,completed
2025-08-06,LUX-10148,Baccarat Rouge 540,Парфюмерия,Астана,Омаров Т.,Бутик,1,82701.15,0,82701.15,22683.42,60017.73,VIP-751,Brand_Пар,Склад-Аст,0,completed
2026-01-17,LUX-10149,Очки Ray-Ban,Аксессуары,Астана,Омаров Т.,VIP-клиенты,1,1174908.79,0,1174908.79,338454.11,836454.68,VIP-579,Brand_Акс,Склад-Аст,0,completed
2025-09-11,LUX-10150,Туфли на шпильке,Брендовые вещи,Актау,Сатпаева А.,Онлайн-магазин,3,685589.31,15,1748252.74,365550.41,1382702.33,VIP-993,Brand_Бре,Склад-Акт,0,completed
2026-03-05,LUX-10151,Клатч вечерний,Аксессуары,Актау,Ахметова Д.,Онлайн-магазин,2,1244909.73,0,2489819.45,656559.66,1833259.8,VIP-945,Brand_Акс,Склад-Акт,0,completed
2026-06-20,LUX-10152,Jo Malone Wood Sage,Парфюмерия,Шымкент,Омаров Т.,VIP-клиенты,1,90358.2,0,90358.2,35085.72,55272.48,VIP-490,Brand_Пар,Склад-Шым,0,completed
2025-12-18,LUX-10153,Кожаный ремень,Аксессуары,Астана,Сатпаева А.,Бутик,1,1252542.71,0,1252542.71,391105.37,861437.34,VIP-945,Brand_Акс,Склад-Аст,0,completed
2025-10-20,LUX-10154,Пиджак кроя Slim,Брендовые вещи,Шымкент,Ким А.,Бутик,1,284397.01,0,284397.01,101990.75,182406.26,VIP-188,Brand_Бре,Склад-Шым,0,completed
2026-06-05,LUX-10155,Клатч вечерний,Аксессуары,Шымкент,Сатпаева А.,VIP-клиенты,2,684207.02,0,1368414.03,291326.14,1077087.89,VIP-880,Brand_Акс,Склад-Шым,0,completed
2025-11-11,LUX-10156,Часы Rolex,Аксессуары,Актау,Сатпаева А.,Бутик,1,1393934.97,5,1324238.23,390663.82,933574.41,VIP-660,Brand_Акс,Склад-Акт,0,completed
2026-06-18,LUX-10157,Клатч вечерний,Аксессуары,Актау,Омаров Т.,Бутик,1,294726.34,0,294726.34,109070.76,185655.58,VIP-556,Brand_Акс,Склад-Акт,0,completed
2026-01-07,LUX-10158,Шелковый платок,Брендовые вещи,Атырау,Омаров Т.,Бутик,1,1317386.43,0,1317386.43,506957.07,810429.36,VIP-450,Brand_Бре,Склад-Аты,0,completed
2026-04-14,LUX-10159,Chanel No 5,Парфюмерия,Алматы,Ким А.,Бутик,1,81856.81,0,81856.81,32498.31,49358.5,VIP-887,Brand_Пар,Склад-Алм,0,completed
2026-03-04,LUX-10160,Пиджак кроя Slim,Брендовые вещи,Атырау,Сатпаева А.,VIP-клиенты,1,627871.62,5,596478.04,126400.22,470077.82,VIP-871,Brand_Бре,Склад-Аты,0,completed
2026-01-31,LUX-10161,Запонки золотые,Аксессуары,Атырау,Ким А.,VIP-клиенты,1,553208.47,0,553208.47,200817.05,352391.42,VIP-426,Brand_Акс,Склад-Аты,1,returned
2025-08-01,LUX-10162,Клатч вечерний,Аксессуары,Шымкент,Омаров Т.,VIP-клиенты,1,938132.84,0,938132.84,215371.61,722761.23,VIP-496,Brand_Акс,Склад-Шым,0,completed
2026-05-19,LUX-10163,Клатч вечерний,Аксессуары,Атырау,Ахметова Д.,Онлайн-магазин,1,383043.64,0,383043.64,117218.15,265825.48,VIP-53,Brand_Акс,Склад-Аты,0,completed
2025-07-30,LUX-10164,Baccarat Rouge 540,Парфюмерия,Астана,Омаров Т.,Онлайн-магазин,1,82070.03,15,69759.52,27469.72,42289.8,VIP-868,Brand_Пар,Склад-Аст,0,completed
2025-10-23,LUX-10165,Золотая цепь,Ювелирные изделия,Астана,Сатпаева А.,VIP-клиенты,1,739210.74,0,739210.74,265552.16,473658.58,VIP-97,Brand_Юве,Склад-Аст,0,completed
2026-01-07,LUX-10166,Колье из жемчуга,Ювелирные изделия,Актау,Омаров Т.,Бутик,1,2428039.98,0,2428039.98,945882.79,1482157.2,VIP-522,Brand_Юве,Склад-Акт,0,completed
2026-07-03,LUX-10167,Baccarat Rouge 540,Парфюмерия,Актау,Ахметова Д.,Бутик,1,218124.71,0,218124.71,61262.13,156862.58,VIP-711,Brand_Пар,Склад-Акт,0,completed
2026-01-09,LUX-10168,Dior Sauvage,Парфюмерия,Актау,Ахметова Д.,Бутик,1,113677.86,0,113677.86,25439.7,88238.16,VIP-885,Brand_Пар,Склад-Акт,0,completed
2026-06-08,LUX-10169,Jo Malone Wood Sage,Парфюмерия,Алматы,Ким А.,Бутик,2,55336.62,0,110673.25,37453.71,73219.54,VIP-121,Brand_Пар,Склад-Алм,0,completed
2026-01-06,LUX-10170,Очки Ray-Ban,Аксессуары,Шымкент,Сатпаева А.,Бутик,1,1324684.89,0,1324684.89,458247.12,866437.77,VIP-543,Brand_Акс,Склад-Шым,1,returned
2026-05-10,LUX-10171,Клатч вечерний,Аксессуары,Атырау,Ким А.,VIP-клиенты,1,1037071.44,0,1037071.44,283007.76,754063.68,VIP-669,Brand_Акс,Склад-Аты,0,completed
2026-05-21,LUX-10172,Серьги с изумрудом,Ювелирные изделия,Атырау,Ким А.,Бутик,1,5157009.11,5,4899158.65,1199609.35,3699549.3,VIP-588,Brand_Юве,Склад-Аты,0,completed
2025-11-18,LUX-10173,Кольцо с бриллиантом,Ювелирные изделия,Шымкент,Сатпаева А.,Бутик,2,898378.5,5,1706919.15,587994.81,1118924.34,VIP-244,Brand_Юве,Склад-Шым,0,completed
2026-04-02,LUX-10174,Часы Rolex,Аксессуары,Алматы,Ахметова Д.,VIP-клиенты,1,893911.57,0,893911.57,206716.26,687195.31,VIP-572,Brand_Акс,Склад-Алм,0,completed
2025-08-01,LUX-10175,Шелковый платок,Брендовые вещи,Актау,Омаров Т.,VIP-клиенты,2,703247.35,0,1406494.7,553257.25,853237.45,VIP-210,Brand_Бре,Склад-Акт,0,completed
2026-04-07,LUX-10176,Кожаный ремень,Аксессуары,Шымкент,Омаров Т.,Бутик,1,688473.7,5,654050.02,220682.1,433367.92,VIP-378,Brand_Акс,Склад-Шым,1,returned
2026-04-05,LUX-10177,Пиджак кроя Slim,Брендовые вещи,Шымкент,Ахметова Д.,Бутик,1,183156.72,0,183156.72,60691.57,122465.16,VIP-176,Brand_Бре,Склад-Шым,0,completed
2025-10-13,LUX-10178,Запонки золотые,Аксессуары,Астана,Ким А.,Онлайн-магазин,1,1609262.61,0,1609262.61,523573.08,1085689.53,VIP-676,Brand_Акс,Склад-Аст,0,completed
2025-12-17,LUX-10179,Кольцо с бриллиантом,Ювелирные изделия,Алматы,Ким А.,VIP-клиенты,1,1072820.66,0,1072820.66,223334.52,849486.14,VIP-431,Brand_Юве,Склад-Алм,0,completed
2025-12-29,LUX-10180,Колье из жемчуга,Ювелирные изделия,Алматы,Омаров Т.,Бутик,1,3232221.37,0,3232221.37,1078635.23,2153586.14,VIP-351,Brand_Юве,Склад-Алм,0,completed
2026-06-15,LUX-10181,Кожаный ремень,Аксессуары,Алматы,Омаров Т.,VIP-клиенты,2,421113.89,0,842227.78,313782.28,528445.5,VIP-230,Brand_Акс,Склад-Алм,0,completed
2026-02-26,LUX-10182,Кожаный ремень,Аксессуары,Астана,Ким А.,Бутик,1,1170798.97,0,1170798.97,359971.15,810827.82,VIP-436,Brand_Акс,Склад-Аст,0,completed
2026-07-02,LUX-10183,Часы Rolex,Аксессуары,Актау,Ким А.,VIP-клиенты,1,1286036.96,0,1286036.96,413505.11,872531.85,VIP-186,Brand_Акс,Склад-Акт,0,completed
2025-12-11,LUX-10184,Серьги с изумрудом,Ювелирные изделия,Астана,Ким А.,Бутик,1,2531486.92,0,2531486.92,892057.7,1639429.22,VIP-267,Brand_Юве,Склад-Аст,0,completed
2026-01-21,LUX-10185,Пиджак кроя Slim,Брендовые вещи,Атырау,Омаров Т.,VIP-клиенты,3,160444.7,0,481334.1,118111.79,363222.31,VIP-741,Brand_Бре,Склад-Аты,0,completed
2026-02-05,LUX-10186,Очки Ray-Ban,Аксессуары,Алматы,Ким А.,Бутик,2,1111586.29,0,2223172.58,573625.59,1649546.99,VIP-298,Brand_Акс,Склад-Алм,0,completed
2026-04-11,LUX-10187,Очки Ray-Ban,Аксессуары,Алматы,Ким А.,Бутик,2,904863.49,0,1809726.99,699451.14,1110275.85,VIP-594,Brand_Акс,Склад-Алм,0,completed
2026-05-08,LUX-10188,Серьги с изумрудом,Ювелирные изделия,Шымкент,Омаров Т.,Бутик,1,4451389.0,0,4451389.0,1180536.46,3270852.54,VIP-368,Brand_Юве,Склад-Шым,0,completed
2026-03-24,LUX-10189,Клатч вечерний,Аксессуары,Алматы,Ахметова Д.,VIP-клиенты,1,794889.72,0,794889.72,238869.19,556020.53,VIP-401,Brand_Акс,Склад-Алм,0,completed
2026-06-17,LUX-10190,Dior Sauvage,Парфюмерия,Актау,Сатпаева А.,Бутик,1,96638.46,0,96638.46,21830.68,74807.78,VIP-101,Brand_Пар,Склад-Акт,0,completed
2025-12-02,LUX-10191,Платиновый браслет,Ювелирные изделия,Актау,Сатпаева А.,Бутик,1,4498444.45,0,4498444.45,1554811.18,2943633.27,VIP-508,Brand_Юве,Склад-Акт,0,completed
2026-04-24,LUX-10192,Часы Rolex,Аксессуары,Атырау,Ахметова Д.,Бутик,1,87731.82,0,87731.82,28366.08,59365.74,VIP-968,Brand_Акс,Склад-Аты,0,completed
2025-09-17,LUX-10193,Шелковый платок,Брендовые вещи,Шымкент,Ким А.,Бутик,1,1041863.13,0,1041863.13,248974.99,792888.14,VIP-836,Brand_Бре,Склад-Шым,0,completed
2025-11-13,LUX-10194,Серьги с изумрудом,Ювелирные изделия,Актау,Сатпаева А.,Бутик,1,3861683.33,0,3861683.33,1300463.04,2561220.29,VIP-257,Brand_Юве,Склад-Акт,0,completed
2025-12-22,LUX-10195,Tom Ford Oud Wood,Парфюмерия,Актау,Ахметова Д.,Бутик,1,55743.88,0,55743.88,14150.4,41593.48,VIP-152,Brand_Пар,Склад-Акт,0,completed
2026-06-28,LUX-10196,Платиновый браслет,Ювелирные изделия,Шымкент,Ахметова Д.,VIP-клиенты,1,637969.92,0,637969.92,246760.21,391209.71,VIP-677,Brand_Юве,Склад-Шым,0,completed
2026-03-19,LUX-10197,Пиджак кроя Slim,Брендовые вещи,Атырау,Сатпаева А.,Бутик,1,1613860.72,0,1613860.72,450783.66,1163077.06,VIP-558,Brand_Бре,Склад-Аты,0,completed
2025-08-26,LUX-10198,Пиджак кроя Slim,Брендовые вещи,Актау,Ким А.,Бутик,1,595314.0,0,595314.0,213159.01,382154.98,VIP-349,Brand_Бре,Склад-Акт,0,completed
2025-11-25,LUX-10199,Часы Rolex,Аксессуары,Актау,Ким А.,VIP-клиенты,1,1164540.43,0,1164540.43,403227.51,761312.91,VIP-860,Brand_Акс,Склад-Акт,0,completed
2026-01-26,LUX-10200,Очки Ray-Ban,Аксессуары,Алматы,Ким А.,VIP-клиенты,1,619200.7,15,526320.6,194549.67,331770.92,VIP-954,Brand_Акс,Склад-Алм,0,completed
2026-06-01,LUX-10201,Сумка Birkin,Брендовые вещи,Алматы,Омаров Т.,VIP-клиенты,1,1157042.08,0,1157042.08,325298.35,831743.74,VIP-514,Brand_Бре,Склад-Алм,0,completed
2026-03-21,LUX-10202,Платье Haute Couture,Брендовые вещи,Шымкент,Сатпаева А.,VIP-клиенты,2,1852721.3,0,3705442.61,851537.56,2853905.04,VIP-251,Brand_Бре,Склад-Шым,0,completed
2025-09-07,LUX-10203,Baccarat Rouge 540,Парфюмерия,Шымкент,Омаров Т.,Бутик,2,191799.08,0,383598.17,77862.86,305735.31,VIP-255,Brand_Пар,Склад-Шым,0,completed
2025-12-20,LUX-10204,Золотая цепь,Ювелирные изделия,Актау,Ким А.,Бутик,1,1027860.89,0,1027860.89,359485.78,668375.11,VIP-527,Brand_Юве,Склад-Акт,0,completed
2026-03-10,LUX-10205,Пиджак кроя Slim,Брендовые вещи,Астана,Ким А.,VIP-клиенты,3,801336.9,5,2283810.18,685087.78,1598722.39,VIP-307,Brand_Бре,Склад-Аст,0,completed
2025-12-26,LUX-10206,Платиновый браслет,Ювелирные изделия,Атырау,Ким А.,Онлайн-магазин,2,3355599.88,15,5704519.8,1575983.23,4128536.57,VIP-919,Brand_Юве,Склад-Аты,0,completed
2025-09-28,LUX-10207,Пиджак кроя Slim,Брендовые вещи,Астана,Ким А.,Бутик,1,1155970.18,0,1155970.18,395632.62,760337.56,VIP-628,Brand_Бре,Склад-Аст,0,completed
2026-07-09,LUX-10208,Часы Rolex,Аксессуары,Алматы,Сатпаева А.,Бутик,1,951613.69,0,951613.69,373531.94,578081.75,VIP-542,Brand_Акс,Склад-Алм,0,completed
2025-12-02,LUX-10209,Часы Rolex,Аксессуары,Астана,Сатпаева А.,Бутик,1,698496.39,0,698496.39,180298.78,518197.61,VIP-564,Brand_Акс,Склад-Аст,0,completed
2025-08-24,LUX-10210,Tom Ford Oud Wood,Парфюмерия,Шымкент,Сатпаева А.,Бутик,1,96497.99,0,96497.99,34744.51,61753.47,VIP-430,Brand_Пар,Склад-Шым,0,completed
2026-02-28,LUX-10211,Часы Rolex,Аксессуары,Атырау,Омаров Т.,Онлайн-магазин,1,958244.77,0,958244.77,283354.8,674889.97,VIP-653,Brand_Акс,Склад-Аты,0,completed
2026-01-28,LUX-10212,Очки Ray-Ban,Аксессуары,Астана,Омаров Т.,VIP-клиенты,1,1258555.47,15,1069772.15,347177.08,722595.07,VIP-592,Brand_Акс,Склад-Аст,0,completed
2026-06-18,LUX-10213,Chanel No 5,Парфюмерия,Атырау,Ким А.,Бутик,1,234934.14,0,234934.14,64500.26,170433.88,VIP-194,Brand_Пар,Склад-Аты,0,completed
2025-10-03,LUX-10214,Chanel No 5,Парфюмерия,Шымкент,Сатпаева А.,Бутик,1,253074.26,0,253074.26,58570.68,194503.58,VIP-566,Brand_Пар,Склад-Шым,0,completed
2025-09-19,LUX-10215,Колье из жемчуга,Ювелирные изделия,Актау,Ким А.,Онлайн-магазин,1,5101355.88,0,5101355.88,1917853.6,3183502.28,VIP-221,Brand_Юве,Склад-Акт,0,completed
2026-03-18,LUX-10216,Золотая цепь,Ювелирные изделия,Атырау,Сатпаева А.,Бутик,1,4984636.26,0,4984636.26,1686910.83,3297725.43,VIP-358,Brand_Юве,Склад-Аты,0,completed
2026-05-30,LUX-10217,Запонки золотые,Аксессуары,Шымкент,Ахметова Д.,Бутик,2,1425765.74,0,2851531.47,610275.19,2241256.28,VIP-366,Brand_Акс,Склад-Шым,0,completed
2026-04-14,LUX-10218,Серьги с изумрудом,Ювелирные изделия,Астана,Ахметова Д.,Бутик,1,3169291.8,0,3169291.8,873076.81,2296214.98,VIP-285,Brand_Юве,Склад-Аст,0,completed
2026-02-14,LUX-10219,Кольцо с бриллиантом,Ювелирные изделия,Алматы,Сатпаева А.,Бутик,1,782466.65,0,782466.65,292330.81,490135.84,VIP-481,Brand_Юве,Склад-Алм,0,completed
2026-01-25,LUX-10220,Туфли на шпильке,Брендовые вещи,Алматы,Ахметова Д.,Бутик,1,1687442.92,0,1687442.92,401830.58,1285612.34,VIP-333,Brand_Бре,Склад-Алм,0,completed
2026-02-13,LUX-10221,Золотая цепь,Ювелирные изделия,Актау,Омаров Т.,Онлайн-магазин,1,4495129.21,0,4495129.21,1780011.72,2715117.48,VIP-794,Brand_Юве,Склад-Акт,0,completed
2025-09-16,LUX-10222,Серьги с изумрудом,Ювелирные изделия,Шымкент,Ахметова Д.,Бутик,1,4714270.96,0,4714270.96,1464501.8,3249769.16,VIP-575,Brand_Юве,Склад-Шым,0,completed
2025-12-26,LUX-10223,Шелковый платок,Брендовые вещи,Астана,Ахметова Д.,Бутик,1,1105470.52,0,1105470.52,340883.39,764587.14,VIP-418,Brand_Бре,Склад-Аст,0,completed
2025-09-19,LUX-10224,Туфли на шпильке,Брендовые вещи,Шымкент,Омаров Т.,Бутик,1,967961.3,5,919563.24,340178.94,579384.3,VIP-717,Brand_Бре,Склад-Шым,0,completed
2025-12-22,LUX-10225,Dior Sauvage,Парфюмерия,Алматы,Омаров Т.,VIP-клиенты,1,109417.99,0,109417.99,36801.7,72616.29,VIP-165,Brand_Пар,Склад-Алм,0,completed
2025-12-14,LUX-10226,Колье из жемчуга,Ювелирные изделия,Шымкент,Омаров Т.,Бутик,1,807196.77,0,807196.77,167572.55,639624.22,VIP-336,Brand_Юве,Склад-Шым,0,completed
2026-02-04,LUX-10227,Очки Ray-Ban,Аксессуары,Актау,Ким А.,Бутик,1,93340.93,0,93340.93,26829.72,66511.21,VIP-382,Brand_Акс,Склад-Акт,0,completed
2026-04-11,LUX-10228,Запонки золотые,Аксессуары,Атырау,Ким А.,VIP-клиенты,1,1578227.08,0,1578227.08,446552.41,1131674.67,VIP-275,Brand_Акс,Склад-Аты,0,completed
2026-01-03,LUX-10229,Серьги с изумрудом,Ювелирные изделия,Шымкент,Ахметова Д.,Бутик,1,3916304.15,10,3524673.73,1244078.97,2280594.76,VIP-156,Brand_Юве,Склад-Шым,0,completed
2026-03-01,LUX-10230,Jo Malone Wood Sage,Парфюмерия,Шымкент,Сатпаева А.,Бутик,1,229957.57,0,229957.57,84624.1,145333.47,VIP-184,Brand_Пар,Склад-Шым,0,completed
2026-03-20,LUX-10231,Baccarat Rouge 540,Парфюмерия,Актау,Ахметова Д.,Бутик,1,102174.94,0,102174.94,37118.88,65056.06,VIP-151,Brand_Пар,Склад-Акт,0,completed
2026-01-16,LUX-10232,Запонки золотые,Аксессуары,Атырау,Сатпаева А.,Онлайн-магазин,1,201118.74,0,201118.74,80189.4,120929.34,VIP-991,Brand_Акс,Склад-Аты,0,completed
2026-02-09,LUX-10233,Платье Haute Couture,Брендовые вещи,Алматы,Сатпаева А.,Бутик,1,1596633.85,0,1596633.85,515594.41,1081039.44,VIP-410,Brand_Бре,Склад-Алм,0,completed
2025-09-20,LUX-10234,Платиновый браслет,Ювелирные изделия,Алматы,Ким А.,Бутик,1,2156042.3,5,2048240.18,684748.07,1363492.12,VIP-439,Brand_Юве,Склад-Алм,0,completed
2025-12-15,LUX-10235,Часы Rolex,Аксессуары,Астана,Сатпаева А.,Бутик,1,136019.16,0,136019.16,39184.97,96834.19,VIP-22,Brand_Акс,Склад-Аст,0,completed
2026-01-21,LUX-10236,Часы Rolex,Аксессуары,Актау,Ким А.,VIP-клиенты,1,470953.3,0,470953.3,137915.52,333037.78,VIP-58,Brand_Акс,Склад-Акт,0,completed
2025-11-05,LUX-10237,Платиновый браслет,Ювелирные изделия,Шымкент,Сатпаева А.,VIP-клиенты,1,1930309.88,0,1930309.88,454817.59,1475492.29,VIP-374,Brand_Юве,Склад-Шым,0,completed
2025-10-02,LUX-10238,Клатч вечерний,Аксессуары,Астана,Ким А.,Бутик,1,373205.19,0,373205.19,97085.19,276120.0,VIP-58,Brand_Акс,Склад-Аст,0,completed
2025-08-18,LUX-10239,Кольцо с бриллиантом,Ювелирные изделия,Шымкент,Ким А.,Бутик,1,4255325.12,0,4255325.12,1623356.83,2631968.29,VIP-209,Brand_Юве,Склад-Шым,0,completed
2026-02-24,LUX-10240,Запонки золотые,Аксессуары,Атырау,Ким А.,Бутик,1,831113.4,0,831113.4,310698.3,520415.11,VIP-912,Brand_Акс,Склад-Аты,0,completed
2026-02-15,LUX-10241,Платье Haute Couture,Брендовые вещи,Актау,Сатпаева А.,Бутик,1,1482889.42,0,1482889.42,549681.36,933208.06,VIP-193,Brand_Бре,Склад-Акт,0,completed
2025-08-29,LUX-10242,Кольцо с бриллиантом,Ювелирные изделия,Шымкент,Ким А.,Онлайн-магазин,1,1369380.19,0,1369380.19,400868.76,968511.43,VIP-704,Brand_Юве,Склад-Шым,0,completed
2026-01-26,LUX-10243,Серьги с изумрудом,Ювелирные изделия,Астана,Ким А.,VIP-клиенты,1,4537121.81,0,4537121.81,945447.74,3591674.07,VIP-25,Brand_Юве,Склад-Аст,0,completed
2025-12-04,LUX-10244,Туфли на шпильке,Брендовые вещи,Алматы,Ахметова Д.,Бутик,1,1837476.41,15,1561854.95,614956.52,946898.43,VIP-238,Brand_Бре,Склад-Алм,0,completed
2026-02-07,LUX-10245,Платиновый браслет,Ювелирные изделия,Шымкент,Сатпаева А.,Бутик,1,3635247.91,0,3635247.91,1246456.5,2388791.41,VIP-280,Brand_Юве,Склад-Шым,0,completed
2025-08-02,LUX-10246,Запонки золотые,Аксессуары,Астана,Омаров Т.,Бутик,1,743116.17,5,705960.36,223029.31,482931.05,VIP-347,Brand_Акс,Склад-Аст,0,completed
2026-05-11,LUX-10247,Часы Rolex,Аксессуары,Алматы,Омаров Т.,Онлайн-магазин,1,1257834.78,0,1257834.78,484232.75,773602.03,VIP-983,Brand_Акс,Склад-Алм,0,completed
2025-07-25,LUX-10248,Jo Malone Wood Sage,Парфюмерия,Актау,Омаров Т.,VIP-клиенты,1,271313.62,0,271313.62,69836.58,201477.05,VIP-775,Brand_Пар,Склад-Акт,0,completed
2025-12-30,LUX-10249,Часы Rolex,Аксессуары,Астана,Омаров Т.,VIP-клиенты,1,825823.41,0,825823.41,300625.95,525197.47,VIP-29,Brand_Акс,Склад-Аст,0,completed
2025-07-18,LUX-10250,Запонки золотые,Аксессуары,Шымкент,Омаров Т.,Бутик,1,93894.25,0,93894.25,27800.36,66093.89,VIP-250,Brand_Акс,Склад-Шым,0,completed
2025-08-25,LUX-10251,Кольцо с бриллиантом,Ювелирные изделия,Актау,Ким А.,Бутик,1,3009028.13,0,3009028.13,681082.86,2327945.27,VIP-104,Brand_Юве,Склад-Акт,0,completed
2025-10-02,LUX-10252,Клатч вечерний,Аксессуары,Астана,Сатпаева А.,Бутик,1,366422.2,0,366422.2,88161.19,278261.01,VIP-28,Brand_Акс,Склад-Аст,0,completed
2025-07-27,LUX-10253,Серьги с изумрудом,Ювелирные изделия,Атырау,Омаров Т.,Бутик,1,1779929.33,0,1779929.33,677361.08,1102568.25,VIP-526,Brand_Юве,Склад-Аты,0,completed
2026-01-28,LUX-10254,Кожаный ремень,Аксессуары,Шымкент,Ахметова Д.,Бутик,1,1289749.58,0,1289749.58,429833.16,859916.43,VIP-811,Brand_Акс,Склад-Шым,0,completed
2025-10-02,LUX-10255,Туфли на шпильке,Брендовые вещи,Актау,Омаров Т.,Бутик,3,1552119.49,0,4656358.47,1368085.82,3288272.65,VIP-947,Brand_Бре,Склад-Акт,0,completed
2025-10-14,LUX-10256,Серьги с изумрудом,Ювелирные изделия,Астана,Ахметова Д.,Бутик,1,3937435.97,0,3937435.97,1353064.61,2584371.37,VIP-143,Brand_Юве,Склад-Аст,0,completed
2026-01-06,LUX-10257,Золотая цепь,Ювелирные изделия,Астана,Ким А.,Бутик,1,2274942.11,5,2161195.0,612002.96,1549192.05,VIP-555,Brand_Юве,Склад-Аст,0,completed
2025-12-22,LUX-10258,Платиновый браслет,Ювелирные изделия,Алматы,Ким А.,VIP-клиенты,1,1979376.67,0,1979376.67,769083.97,1210292.71,VIP-264,Brand_Юве,Склад-Алм,0,completed
2026-05-13,LUX-10259,Chanel No 5,Парфюмерия,Алматы,Ким А.,VIP-клиенты,1,99522.54,0,99522.54,37073.09,62449.45,VIP-799,Brand_Пар,Склад-Алм,0,completed
2025-10-07,LUX-10260,Кольцо с бриллиантом,Ювелирные изделия,Астана,Ким А.,Бутик,3,4459220.76,0,13377662.28,4800354.31,8577307.97,VIP-685,Brand_Юве,Склад-Аст,0,completed
2025-11-05,LUX-10261,Baccarat Rouge 540,Парфюмерия,Шымкент,Сатпаева А.,Бутик,1,154817.52,0,154817.52,42093.85,112723.67,VIP-194,Brand_Пар,Склад-Шым,0,completed
2026-01-11,LUX-10262,Клатч вечерний,Аксессуары,Алматы,Сатпаева А.,VIP-клиенты,1,774945.16,0,774945.16,265129.67,509815.49,VIP-402,Brand_Акс,Склад-Алм,0,completed
2025-11-26,LUX-10263,Jo Malone Wood Sage,Парфюмерия,Алматы,Омаров Т.,Бутик,1,260323.75,0,260323.75,74789.8,185533.94,VIP-474,Brand_Пар,Склад-Алм,0,completed
2025-12-31,LUX-10264,Колье из жемчуга,Ювелирные изделия,Атырау,Омаров Т.,VIP-клиенты,2,1867925.37,0,3735850.74,870272.82,2865577.92,VIP-301,Brand_Юве,Склад-Аты,0,completed
2026-07-02,LUX-10265,Клатч вечерний,Аксессуары,Атырау,Ким А.,VIP-клиенты,2,494488.73,0,988977.47,349840.63,639136.84,VIP-75,Brand_Акс,Склад-Аты,0,completed
2026-05-11,LUX-10266,Baccarat Rouge 540,Парфюмерия,Актау,Ахметова Д.,VIP-клиенты,1,140556.89,0,140556.89,53201.61,87355.28,VIP-870,Brand_Пар,Склад-Акт,0,completed
2026-03-09,LUX-10267,Baccarat Rouge 540,Парфюмерия,Актау,Ахметова Д.,Бутик,1,125521.77,0,125521.77,33424.19,92097.59,VIP-796,Brand_Пар,Склад-Акт,0,completed
2026-05-02,LUX-10268,Очки Ray-Ban,Аксессуары,Актау,Омаров Т.,VIP-клиенты,1,1428447.96,0,1428447.96,455161.22,973286.74,VIP-905,Brand_Акс,Склад-Акт,0,completed
2026-05-04,LUX-10269,Шелковый платок,Брендовые вещи,Атырау,Ахметова Д.,Бутик,1,1110031.11,0,1110031.11,437061.27,672969.85,VIP-52,Brand_Бре,Склад-Аты,0,completed
2025-08-04,LUX-10270,Часы Rolex,Аксессуары,Шымкент,Ахметова Д.,Бутик,1,516489.9,0,516489.9,192778.83,323711.07,VIP-794,Brand_Акс,Склад-Шым,0,completed
2026-05-06,LUX-10271,Колье из жемчуга,Ювелирные изделия,Алматы,Ахметова Д.,VIP-клиенты,1,3103227.33,0,3103227.33,726761.72,2376465.61,VIP-638,Brand_Юве,Склад-Алм,0,completed
2025-11-29,LUX-10272,Колье из жемчуга,Ювелирные изделия,Актау,Ахметова Д.,Бутик,1,958020.37,0,958020.37,308391.71,649628.66,VIP-911,Brand_Юве,Склад-Акт,0,completed
2026-05-04,LUX-10273,Dior Sauvage,Парфюмерия,Астана,Омаров Т.,Бутик,2,126877.15,0,253754.31,69318.62,184435.69,VIP-966,Brand_Пар,Склад-Аст,0,completed
2026-05-27,LUX-10274,Колье из жемчуга,Ювелирные изделия,Актау,Ким А.,Бутик,1,1691545.05,0,1691545.05,618212.05,1073333.0,VIP-975,Brand_Юве,Склад-Акт,0,completed
2025-11-16,LUX-10275,Кожаный ремень,Аксессуары,Атырау,Омаров Т.,Онлайн-магазин,1,1081161.98,0,1081161.98,402885.66,678276.33,VIP-466,Brand_Акс,Склад-Аты,0,completed
2025-11-06,LUX-10276,Baccarat Rouge 540,Парфюмерия,Атырау,Ким А.,Бутик,1,117985.91,0,117985.91,40645.66,77340.25,VIP-523,Brand_Пар,Склад-Аты,0,completed
2026-07-02,LUX-10277,Золотая цепь,Ювелирные изделия,Астана,Ахметова Д.,Бутик,1,3811224.72,0,3811224.72,1250578.91,2560645.81,VIP-348,Brand_Юве,Склад-Аст,0,completed
2025-11-01,LUX-10278,Chanel No 5,Парфюмерия,Атырау,Ким А.,Бутик,1,173815.97,0,173815.97,39826.82,133989.15,VIP-755,Brand_Пар,Склад-Аты,0,completed
2026-06-03,LUX-10279,Колье из жемчуга,Ювелирные изделия,Атырау,Ким А.,Бутик,1,2271029.63,0,2271029.63,862214.88,1408814.76,VIP-748,Brand_Юве,Склад-Аты,0,completed
2025-12-16,LUX-10280,Шелковый платок,Брендовые вещи,Атырау,Омаров Т.,Бутик,1,900586.04,0,900586.04,194222.31,706363.73,VIP-305,Brand_Бре,Склад-Аты,0,completed
2025-12-15,LUX-10281,Запонки золотые,Аксессуары,Алматы,Омаров Т.,VIP-клиенты,1,863278.17,0,863278.17,310335.33,552942.85,VIP-217,Brand_Акс,Склад-Алм,0,completed
2025-12-13,LUX-10282,Платье Haute Couture,Брендовые вещи,Атырау,Ким А.,Бутик,1,840370.83,0,840370.83,324767.61,515603.23,VIP-695,Brand_Бре,Склад-Аты,0,completed
2025-11-10,LUX-10283,Часы Rolex,Аксессуары,Алматы,Омаров Т.,Бутик,2,435458.63,0,870917.27,302614.79,568302.48,VIP-653,Brand_Акс,Склад-Алм,0,completed
2026-04-17,LUX-10284,Клатч вечерний,Аксессуары,Актау,Ким А.,Бутик,1,1269887.14,0,1269887.14,442360.01,827527.12,VIP-131,Brand_Акс,Склад-Акт,0,completed
2026-04-09,LUX-10285,Сумка Birkin,Брендовые вещи,Шымкент,Ахметова Д.,VIP-клиенты,1,880189.81,0,880189.81,286662.72,593527.08,VIP-399,Brand_Бре,Склад-Шым,0,completed
2025-12-22,LUX-10286,Пиджак кроя Slim,Брендовые вещи,Астана,Сатпаева А.,VIP-клиенты,1,1275052.32,0,1275052.32,339485.55,935566.78,VIP-591,Brand_Бре,Склад-Аст,0,completed
2026-02-08,LUX-10287,Кольцо с бриллиантом,Ювелирные изделия,Актау,Сатпаева А.,Бутик,1,1527489.99,0,1527489.99,478794.2,1048695.79,VIP-511,Brand_Юве,Склад-Акт,0,completed
2025-12-31,LUX-10288,Платиновый браслет,Ювелирные изделия,Атырау,Омаров Т.,Онлайн-магазин,1,3360285.23,0,3360285.23,1151443.31,2208841.91,VIP-578,Brand_Юве,Склад-Аты,0,completed
2025-09-20,LUX-10289,Очки Ray-Ban,Аксессуары,Актау,Сатпаева А.,Бутик,1,1349756.12,15,1147292.7,235210.25,912082.45,VIP-931,Brand_Акс,Склад-Акт,0,completed
2026-01-22,LUX-10290,Туфли на шпильке,Брендовые вещи,Астана,Сатпаева А.,Бутик,1,645202.29,15,548421.94,191497.47,356924.47,VIP-533,Brand_Бре,Склад-Аст,0,completed
2026-05-01,LUX-10291,Tom Ford Oud Wood,Парфюмерия,Шымкент,Омаров Т.,Бутик,1,56694.63,0,56694.63,14508.46,42186.17,VIP-518,Brand_Пар,Склад-Шым,0,completed
2025-11-19,LUX-10292,Dior Sauvage,Парфюмерия,Алматы,Ким А.,VIP-клиенты,1,236020.27,0,236020.27,48304.57,187715.7,VIP-148,Brand_Пар,Склад-Алм,0,completed
2026-04-07,LUX-10293,Tom Ford Oud Wood,Парфюмерия,Алматы,Омаров Т.,Бутик,2,256671.36,0,513342.71,153790.56,359552.15,VIP-780,Brand_Пар,Склад-Алм,0,completed
2026-02-05,LUX-10294,Запонки золотые,Аксессуары,Шымкент,Ахметова Д.,Бутик,1,694575.96,0,694575.96,225492.2,469083.76,VIP-37,Brand_Акс,Склад-Шым,0,completed
2026-01-08,LUX-10295,Jo Malone Wood Sage,Парфюмерия,Актау,Ахметова Д.,VIP-клиенты,1,135375.78,5,128606.99,26077.41,102529.59,VIP-834,Brand_Пар,Склад-Акт,0,completed
2026-07-08,LUX-10296,Кольцо с бриллиантом,Ювелирные изделия,Шымкент,Сатпаева А.,Бутик,1,5119764.85,0,5119764.85,1404047.58,3715717.27,VIP-300,Brand_Юве,Склад-Шым,0,completed
2025-09-10,LUX-10297,Платье Haute Couture,Брендовые вещи,Актау,Ким А.,VIP-клиенты,1,209583.0,0,209583.0,62630.89,146952.12,VIP-773,Brand_Бре,Склад-Акт,0,completed
2026-01-25,LUX-10298,Клатч вечерний,Аксессуары,Алматы,Сатпаева А.,VIP-клиенты,1,1351208.36,0,1351208.36,432121.69,919086.67,VIP-26,Brand_Акс,Склад-Алм,0,completed
2026-05-25,LUX-10299,Кольцо с бриллиантом,Ювелирные изделия,Астана,Сатпаева А.,Онлайн-магазин,1,439883.79,0,439883.79,97972.93,341910.87,VIP-602,Brand_Юве,Склад-Аст,0,completed
2026-01-18,LUX-10300,Dior Sauvage,Парфюмерия,Атырау,Ахметова Д.,Бутик,1,167640.63,0,167640.63,54218.52,113422.11,VIP-308,Brand_Пар,Склад-Аты,0,completed
2026-07-11,LUX-10301,Baccarat Rouge 540,Парфюмерия,Атырау,Ким А.,Онлайн-магазин,1,241884.65,0,241884.65,86607.77,155276.88,VIP-426,Brand_Пар,Склад-Аты,0,completed
2026-06-05,LUX-10302,Кожаный ремень,Аксессуары,Алматы,Сатпаева А.,Бутик,1,721027.03,0,721027.03,234212.91,486814.13,VIP-738,Brand_Акс,Склад-Алм,0,completed
2026-02-01,LUX-10303,Платье Haute Couture,Брендовые вещи,Алматы,Ахметова Д.,Бутик,1,1274681.5,10,1147213.35,270904.78,876308.57,VIP-316,Brand_Бре,Склад-Алм,0,completed
2026-05-06,LUX-10304,Шелковый платок,Брендовые вещи,Шымкент,Ким А.,Бутик,1,1587578.11,0,1587578.11,629208.57,958369.54,VIP-673,Brand_Бре,Склад-Шым,0,completed
2026-02-03,LUX-10305,Часы Rolex,Аксессуары,Астана,Ким А.,VIP-клиенты,2,806470.07,0,1612940.15,328395.34,1284544.81,VIP-491,Brand_Акс,Склад-Аст,0,completed
2025-10-23,LUX-10306,Шелковый платок,Брендовые вещи,Алматы,Омаров Т.,VIP-клиенты,2,357117.03,0,714234.07,254638.55,459595.52,VIP-295,Brand_Бре,Склад-Алм,2,returned
2025-12-01,LUX-10307,Сумка Birkin,Брендовые вещи,Актау,Ким А.,VIP-клиенты,1,530377.08,0,530377.08,196154.27,334222.81,VIP-975,Brand_Бре,Склад-Акт,0,completed
2026-02-14,LUX-10308,Платиновый браслет,Ювелирные изделия,Актау,Ким А.,VIP-клиенты,1,258288.47,5,245374.05,68766.53,176607.52,VIP-431,Brand_Юве,Склад-Акт,0,completed
2026-06-02,LUX-10309,Jo Malone Wood Sage,Парфюмерия,Актау,Сатпаева А.,VIP-клиенты,2,180002.61,5,342004.96,75706.9,266298.05,VIP-657,Brand_Пар,Склад-Акт,0,completed
2026-03-25,LUX-10310,Платье Haute Couture,Брендовые вещи,Астана,Ахметова Д.,Бутик,1,513784.26,0,513784.26,174981.23,338803.03,VIP-178,Brand_Бре,Склад-Аст,0,completed
2026-06-25,LUX-10311,Кожаный ремень,Аксессуары,Алматы,Ким А.,Бутик,1,821176.16,0,821176.16,226865.28,594310.89,VIP-665,Brand_Акс,Склад-Алм,0,completed
2026-05-19,LUX-10312,Запонки золотые,Аксессуары,Актау,Омаров Т.,VIP-клиенты,1,184367.1,0,184367.1,39081.49,145285.61,VIP-647,Brand_Акс,Склад-Акт,0,completed
2026-05-29,LUX-10313,Сумка Birkin,Брендовые вещи,Актау,Омаров Т.,Бутик,3,2102455.83,0,6307367.48,1420762.74,4886604.74,VIP-229,Brand_Бре,Склад-Акт,0,completed
2025-12-18,LUX-10314,Baccarat Rouge 540,Парфюмерия,Шымкент,Сатпаева А.,Бутик,1,160591.39,0,160591.39,55512.8,105078.59,VIP-626,Brand_Пар,Склад-Шым,0,completed
2026-04-11,LUX-10315,Серьги с изумрудом,Ювелирные изделия,Атырау,Сатпаева А.,Бутик,3,4336989.66,0,13010968.97,2657166.69,10353802.28,VIP-61,Brand_Юве,Склад-Аты,0,completed
2026-01-28,LUX-10316,Сумка Birkin,Брендовые вещи,Актау,Омаров Т.,Бутик,1,157963.83,0,157963.83,60226.03,97737.8,VIP-853,Brand_Бре,Склад-Акт,0,completed
2025-09-10,LUX-10317,Кожаный ремень,Аксессуары,Алматы,Омаров Т.,VIP-клиенты,1,646311.6,0,646311.6,163649.77,482661.83,VIP-755,Brand_Акс,Склад-Алм,0,completed
2025-12-20,LUX-10318,Колье из жемчуга,Ювелирные изделия,Актау,Ким А.,Бутик,2,4714698.07,0,9429396.15,2623388.91,6806007.24,VIP-605,Brand_Юве,Склад-Акт,0,completed
2025-12-23,LUX-10319,Серьги с изумрудом,Ювелирные изделия,Алматы,Ахметова Д.,Онлайн-магазин,1,3751727.18,0,3751727.18,763247.06,2988480.12,VIP-325,Brand_Юве,Склад-Алм,0,completed
2026-01-02,LUX-10320,Пиджак кроя Slim,Брендовые вещи,Актау,Ким А.,VIP-клиенты,1,610002.0,0,610002.0,129259.83,480742.16,VIP-365,Brand_Бре,Склад-Акт,0,completed
2026-04-02,LUX-10321,Tom Ford Oud Wood,Парфюмерия,Атырау,Ким А.,VIP-клиенты,2,100179.44,0,200358.88,44043.64,156315.24,VIP-925,Brand_Пар,Склад-Аты,0,completed
2026-02-20,LUX-10322,Сумка Birkin,Брендовые вещи,Атырау,Ахметова Д.,VIP-клиенты,1,558663.82,0,558663.82,159063.56,399600.26,VIP-658,Brand_Бре,Склад-Аты,0,completed
2025-12-07,LUX-10323,Серьги с изумрудом,Ювелирные изделия,Астана,Сатпаева А.,Бутик,1,1414313.65,0,1414313.65,297824.0,1116489.66,VIP-353,Brand_Юве,Склад-Аст,0,completed
2025-12-23,LUX-10324,Платиновый браслет,Ювелирные изделия,Атырау,Ахметова Д.,VIP-клиенты,3,1683639.01,0,5050917.03,1867127.19,3183789.84,VIP-898,Brand_Юве,Склад-Аты,0,completed
2026-03-12,LUX-10325,Колье из жемчуга,Ювелирные изделия,Актау,Ахметова Д.,Бутик,1,519343.43,0,519343.43,145085.11,374258.32,VIP-97,Brand_Юве,Склад-Акт,0,completed
2026-04-24,LUX-10326,Платиновый браслет,Ювелирные изделия,Алматы,Сатпаева А.,Бутик,3,2658010.81,0,7974032.42,2366283.64,5607748.78,VIP-264,Brand_Юве,Склад-Алм,0,completed
2026-03-10,LUX-10327,Платиновый браслет,Ювелирные изделия,Актау,Омаров Т.,Бутик,1,2950048.98,0,2950048.98,1016365.8,1933683.18,VIP-251,Brand_Юве,Склад-Акт,0,completed
2025-10-07,LUX-10328,Очки Ray-Ban,Аксессуары,Астана,Ким А.,VIP-клиенты,1,1289728.85,0,1289728.85,465563.78,824165.07,VIP-924,Brand_Акс,Склад-Аст,0,completed
2026-03-17,LUX-10329,Платье Haute Couture,Брендовые вещи,Атырау,Ахметова Д.,Бутик,1,996666.08,15,847166.16,200272.93,646893.23,VIP-599,Brand_Бре,Склад-Аты,0,completed
2025-09-10,LUX-10330,Очки Ray-Ban,Аксессуары,Шымкент,Ким А.,Бутик,1,365605.47,0,365605.47,86589.77,279015.7,VIP-213,Brand_Акс,Склад-Шым,0,completed
2026-01-15,LUX-10331,Пиджак кроя Slim,Брендовые вещи,Шымкент,Ахметова Д.,VIP-клиенты,2,1589506.8,0,3179013.6,1157957.27,2021056.33,VIP-993,Brand_Бре,Склад-Шым,0,completed
2026-04-28,LUX-10332,Запонки золотые,Аксессуары,Актау,Сатпаева А.,VIP-клиенты,3,222635.95,0,667907.86,185851.16,482056.7,VIP-867,Brand_Акс,Склад-Акт,0,completed
2025-09-30,LUX-10333,Платье Haute Couture,Брендовые вещи,Актау,Омаров Т.,VIP-клиенты,1,1373140.43,0,1373140.43,513609.2,859531.24,VIP-476,Brand_Бре,Склад-Акт,0,completed
2025-11-16,LUX-10334,Dior Sauvage,Парфюмерия,Алматы,Сатпаева А.,Бутик,1,246552.51,0,246552.51,62861.19,183691.32,VIP-217,Brand_Пар,Склад-Алм,0,completed
2026-04-19,LUX-10335,Клатч вечерний,Аксессуары,Астана,Ахметова Д.,Бутик,1,427944.51,15,363752.83,114224.68,249528.15,VIP-588,Brand_Акс,Склад-Аст,0,completed
2026-03-01,LUX-10336,Серьги с изумрудом,Ювелирные изделия,Шымкент,Сатпаева А.,VIP-клиенты,1,5261419.11,0,5261419.11,1224911.61,4036507.5,VIP-713,Brand_Юве,Склад-Шым,0,completed
2025-10-26,LUX-10337,Золотая цепь,Ювелирные изделия,Актау,Омаров Т.,VIP-клиенты,1,736561.67,0,736561.67,226651.64,509910.03,VIP-267,Brand_Юве,Склад-Акт,0,completed
2025-08-31,LUX-10338,Кольцо с бриллиантом,Ювелирные изделия,Актау,Ким А.,Бутик,1,3235954.32,0,3235954.32,768878.16,2467076.15,VIP-276,Brand_Юве,Склад-Акт,0,completed
2026-02-02,LUX-10339,Jo Malone Wood Sage,Парфюмерия,Атырау,Ахметова Д.,VIP-клиенты,1,175192.61,0,175192.61,43739.63,131452.97,VIP-37,Brand_Пар,Склад-Аты,0,completed
2026-01-23,LUX-10340,Золотая цепь,Ювелирные изделия,Астана,Омаров Т.,VIP-клиенты,1,1159225.22,0,1159225.22,446524.89,712700.32,VIP-112,Brand_Юве,Склад-Аст,0,completed
2026-01-11,LUX-10341,Jo Malone Wood Sage,Парфюмерия,Алматы,Ким А.,Бутик,2,235228.48,0,470456.96,171295.59,299161.37,VIP-792,Brand_Пар,Склад-Алм,0,completed
2026-06-05,LUX-10342,Кольцо с бриллиантом,Ювелирные изделия,Астана,Ахметова Д.,Бутик,1,4328967.03,5,4112518.68,1450515.22,2662003.46,VIP-921,Brand_Юве,Склад-Аст,0,completed
2025-10-31,LUX-10343,Tom Ford Oud Wood,Парфюмерия,Шымкент,Омаров Т.,VIP-клиенты,1,224827.76,0,224827.76,55476.64,169351.12,VIP-455,Brand_Пар,Склад-Шым,0,completed
2026-01-14,LUX-10344,Tom Ford Oud Wood,Парфюмерия,Атырау,Омаров Т.,VIP-клиенты,1,223523.72,0,223523.72,84736.47,138787.25,VIP-685,Brand_Пар,Склад-Аты,0,cancelled
2026-03-06,LUX-10345,Jo Malone Wood Sage,Парфюмерия,Атырау,Ахметова Д.,Бутик,1,244274.31,0,244274.31,86353.37,157920.93,VIP-56,Brand_Пар,Склад-Аты,0,completed
2026-02-13,LUX-10346,Серьги с изумрудом,Ювелирные изделия,Актау,Сатпаева А.,VIP-клиенты,1,780058.22,0,780058.22,231406.95,548651.27,VIP-845,Brand_Юве,Склад-Акт,0,completed
2026-01-26,LUX-10347,Baccarat Rouge 540,Парфюмерия,Алматы,Сатпаева А.,Бутик,1,141572.21,0,141572.21,41720.31,99851.9,VIP-502,Brand_Пар,Склад-Алм,0,completed
2025-11-11,LUX-10348,Платиновый браслет,Ювелирные изделия,Актау,Сатпаева А.,Бутик,1,533798.79,0,533798.79,110370.34,423428.46,VIP-526,Brand_Юве,Склад-Акт,0,completed
2026-05-02,LUX-10349,Платье Haute Couture,Брендовые вещи,Актау,Сатпаева А.,Бутик,1,850710.52,0,850710.52,238268.12,612442.4,VIP-191,Brand_Бре,Склад-Акт,0,completed
2026-04-21,LUX-10350,Dior Sauvage,Парфюмерия,Актау,Омаров Т.,Бутик,1,160283.91,15,136241.32,43883.21,92358.12,VIP-726,Brand_Пар,Склад-Акт,0,completed
2026-01-27,LUX-10351,Кожаный ремень,Аксессуары,Атырау,Ахметова Д.,Бутик,2,197792.61,15,336247.43,73323.6,262923.84,VIP-416,Brand_Акс,Склад-Аты,0,cancelled
2025-08-08,LUX-10352,Запонки золотые,Аксессуары,Шымкент,Ким А.,Онлайн-магазин,1,1193736.48,10,1074362.83,281711.27,792651.56,VIP-159,Brand_Акс,Склад-Шым,0,completed
2026-05-25,LUX-10353,Chanel No 5,Парфюмерия,Шымкент,Сатпаева А.,Бутик,1,208836.74,0,208836.74,45363.51,163473.23,VIP-100,Brand_Пар,Склад-Шым,0,completed
2025-08-18,LUX-10354,Сумка Birkin,Брендовые вещи,Атырау,Ким А.,VIP-клиенты,1,926273.37,0,926273.37,250086.9,676186.47,VIP-913,Brand_Бре,Склад-Аты,0,completed
2026-05-03,LUX-10355,Кожаный ремень,Аксессуары,Атырау,Ахметова Д.,VIP-клиенты,1,765772.77,0,765772.77,213530.67,552242.1,VIP-701,Brand_Акс,Склад-Аты,0,completed
2025-08-09,LUX-10356,Шелковый платок,Брендовые вещи,Атырау,Ахметова Д.,VIP-клиенты,1,1068709.65,0,1068709.65,352100.13,716609.52,VIP-935,Brand_Бре,Склад-Аты,0,completed
2026-01-10,LUX-10357,Кожаный ремень,Аксессуары,Алматы,Омаров Т.,Бутик,1,871955.33,0,871955.33,337925.15,534030.18,VIP-252,Brand_Акс,Склад-Алм,0,completed
2026-02-26,LUX-10358,Платиновый браслет,Ювелирные изделия,Астана,Сатпаева А.,VIP-клиенты,3,3025572.99,0,9076718.96,3234904.23,5841814.74,VIP-759,Brand_Юве,Склад-Аст,0,completed
2026-06-13,LUX-10359,Туфли на шпильке,Брендовые вещи,Атырау,Сатпаева А.,Бутик,1,814316.24,0,814316.24,276311.33,538004.91,VIP-494,Brand_Бре,Склад-Аты,0,completed
2025-07-27,LUX-10360,Baccarat Rouge 540,Парфюмерия,Шымкент,Ахметова Д.,Бутик,1,88713.29,0,88713.29,19778.12,68935.17,VIP-350,Brand_Пар,Склад-Шым,0,completed
2026-06-09,LUX-10361,Запонки золотые,Аксессуары,Атырау,Ким А.,VIP-клиенты,1,544180.14,0,544180.14,123997.58,420182.56,VIP-98,Brand_Акс,Склад-Аты,0,completed
2025-08-03,LUX-10362,Tom Ford Oud Wood,Парфюмерия,Актау,Омаров Т.,Онлайн-магазин,1,224990.41,0,224990.41,53618.52,171371.89,VIP-389,Brand_Пар,Склад-Акт,1,returned
2026-05-27,LUX-10363,Tom Ford Oud Wood,Парфюмерия,Алматы,Ахметова Д.,VIP-клиенты,1,67410.99,0,67410.99,24711.12,42699.86,VIP-215,Brand_Пар,Склад-Алм,0,completed
2026-06-28,LUX-10364,Chanel No 5,Парфюмерия,Шымкент,Ким А.,Онлайн-магазин,1,134911.62,0,134911.62,36427.35,98484.27,VIP-276,Brand_Пар,Склад-Шым,0,completed
2026-02-09,LUX-10365,Запонки золотые,Аксессуары,Атырау,Ахметова Д.,Бутик,1,1330447.86,0,1330447.86,363315.78,967132.09,VIP-847,Brand_Акс,Склад-Аты,0,completed
2026-04-08,LUX-10366,Серьги с изумрудом,Ювелирные изделия,Шымкент,Ахметова Д.,Бутик,1,1623046.45,0,1623046.45,393101.21,1229945.24,VIP-450,Brand_Юве,Склад-Шым,0,completed
2026-06-05,LUX-10367,Chanel No 5,Парфюмерия,Атырау,Сатпаева А.,VIP-клиенты,1,251646.36,0,251646.36,56235.31,195411.06,VIP-484,Brand_Пар,Склад-Аты,0,completed
2026-07-13,LUX-10368,Шелковый платок,Брендовые вещи,Атырау,Сатпаева А.,Бутик,1,754113.97,15,640996.88,170135.26,470861.62,VIP-896,Brand_Бре,Склад-Аты,0,completed
2026-01-12,LUX-10369,Сумка Birkin,Брендовые вещи,Актау,Омаров Т.,Бутик,1,1360329.17,0,1360329.17,404332.79,955996.37,VIP-964,Brand_Бре,Склад-Акт,0,completed
2025-08-30,LUX-10370,Baccarat Rouge 540,Парфюмерия,Астана,Ким А.,Бутик,1,49977.68,5,47478.8,16938.65,30540.15,VIP-198,Brand_Пар,Склад-Аст,0,completed
2025-08-25,LUX-10371,Baccarat Rouge 540,Парфюмерия,Атырау,Ким А.,Бутик,1,109976.14,0,109976.14,39613.93,70362.2,VIP-56,Brand_Пар,Склад-Аты,0,completed
2026-06-20,LUX-10372,Пиджак кроя Slim,Брендовые вещи,Актау,Сатпаева А.,Бутик,1,1855085.09,0,1855085.09,451281.55,1403803.54,VIP-937,Brand_Бре,Склад-Акт,0,completed
2025-08-13,LUX-10373,Кожаный ремень,Аксессуары,Актау,Ахметова Д.,VIP-клиенты,1,1113220.29,0,1113220.29,282916.21,830304.08,VIP-281,Brand_Акс,Склад-Акт,0,completed
2025-08-29,LUX-10374,Туфли на шпильке,Брендовые вещи,Алматы,Сатпаева А.,Онлайн-магазин,1,1002031.93,0,1002031.93,273477.1,728554.83,VIP-485,Brand_Бре,Склад-Алм,0,completed
2026-03-28,LUX-10375,Сумка Birkin,Брендовые вещи,Актау,Ахметова Д.,Бутик,1,1958970.88,0,1958970.88,691059.17,1267911.71,VIP-423,Brand_Бре,Склад-Акт,0,completed
2026-04-14,LUX-10376,Tom Ford Oud Wood,Парфюмерия,Шымкент,Ахметова Д.,Бутик,1,85986.3,0,85986.3,27840.01,58146.29,VIP-411,Brand_Пар,Склад-Шым,0,completed
2026-02-05,LUX-10377,Кольцо с бриллиантом,Ювелирные изделия,Астана,Сатпаева А.,Бутик,1,2537772.48,0,2537772.48,512366.32,2025406.16,VIP-392,Brand_Юве,Склад-Аст,0,completed
2025-11-04,LUX-10378,Колье из жемчуга,Ювелирные изделия,Алматы,Сатпаева А.,VIP-клиенты,1,1489938.0,0,1489938.0,332291.02,1157646.98,VIP-107,Brand_Юве,Склад-Алм,0,completed
2025-12-15,LUX-10379,Колье из жемчуга,Ювелирные изделия,Атырау,Ахметова Д.,VIP-клиенты,1,2039676.86,0,2039676.86,776668.68,1263008.18,VIP-95,Brand_Юве,Склад-Аты,0,completed
2026-01-01,LUX-10380,Колье из жемчуга,Ювелирные изделия,Актау,Сатпаева А.,VIP-клиенты,1,397648.58,0,397648.58,146714.42,250934.16,VIP-922,Brand_Юве,Склад-Акт,0,completed
2025-07-15,LUX-10381,Baccarat Rouge 540,Парфюмерия,Актау,Омаров Т.,Онлайн-магазин,1,138478.1,0,138478.1,37166.2,101311.9,VIP-721,Brand_Пар,Склад-Акт,0,completed
2025-12-06,LUX-10382,Jo Malone Wood Sage,Парфюмерия,Атырау,Ким А.,VIP-клиенты,1,190184.47,0,190184.47,60157.49,130026.97,VIP-325,Brand_Пар,Склад-Аты,0,completed
2025-08-07,LUX-10383,Клатч вечерний,Аксессуары,Алматы,Ахметова Д.,Бутик,1,1385455.0,10,1246909.5,254541.74,992367.76,VIP-517,Brand_Акс,Склад-Алм,0,completed
2026-03-31,LUX-10384,Baccarat Rouge 540,Парфюмерия,Алматы,Сатпаева А.,VIP-клиенты,1,184944.52,0,184944.52,51256.01,133688.51,VIP-736,Brand_Пар,Склад-Алм,0,completed
2026-01-29,LUX-10385,Платиновый браслет,Ювелирные изделия,Астана,Ким А.,Онлайн-магазин,1,2827230.79,0,2827230.79,1028235.37,1798995.42,VIP-774,Brand_Юве,Склад-Аст,0,completed
2026-05-06,LUX-10386,Золотая цепь,Ювелирные изделия,Актау,Ахметова Д.,Бутик,1,3667292.69,0,3667292.69,1013224.6,2654068.09,VIP-286,Brand_Юве,Склад-Акт,0,completed
2025-11-11,LUX-10387,Jo Malone Wood Sage,Парфюмерия,Алматы,Омаров Т.,VIP-клиенты,1,95876.76,0,95876.76,28254.39,67622.37,VIP-718,Brand_Пар,Склад-Алм,0,completed
2025-08-02,LUX-10388,Tom Ford Oud Wood,Парфюмерия,Шымкент,Ахметова Д.,Бутик,1,229337.56,0,229337.56,65521.99,163815.57,VIP-39,Brand_Пар,Склад-Шым,0,completed
2025-08-01,LUX-10389,Золотая цепь,Ювелирные изделия,Актау,Сатпаева А.,Бутик,1,978404.46,0,978404.46,207187.4,771217.06,VIP-322,Brand_Юве,Склад-Акт,0,completed
2026-03-09,LUX-10390,Колье из жемчуга,Ювелирные изделия,Астана,Ким А.,Бутик,1,2411192.15,15,2049513.32,790937.86,1258575.46,VIP-566,Brand_Юве,Склад-Аст,0,completed
2026-06-20,LUX-10391,Очки Ray-Ban,Аксессуары,Атырау,Омаров Т.,VIP-клиенты,1,687774.15,0,687774.15,258407.18,429366.97,VIP-576,Brand_Акс,Склад-Аты,0,completed
2026-02-23,LUX-10392,Пиджак кроя Slim,Брендовые вещи,Астана,Ахметова Д.,Бутик,1,1401471.71,10,1261324.54,478416.48,782908.06,VIP-886,Brand_Бре,Склад-Аст,0,completed
2025-12-03,LUX-10393,Очки Ray-Ban,Аксессуары,Шымкент,Сатпаева А.,VIP-клиенты,1,80327.92,0,80327.92,25155.77,55172.16,VIP-582,Brand_Акс,Склад-Шым,0,completed
2026-02-06,LUX-10394,Сумка Birkin,Брендовые вещи,Актау,Омаров Т.,Бутик,3,1893596.32,5,5396749.52,1106423.18,4290326.34,VIP-960,Brand_Бре,Склад-Акт,0,completed
2026-02-25,LUX-10395,Запонки золотые,Аксессуары,Атырау,Ахметова Д.,VIP-клиенты,1,762065.89,15,647756.01,176233.89,471522.12,VIP-909,Brand_Акс,Склад-Аты,0,cancelled
2025-09-26,LUX-10396,Baccarat Rouge 540,Парфюмерия,Актау,Ким А.,Бутик,1,158080.71,0,158080.71,43645.29,114435.43,VIP-741,Brand_Пар,Склад-Акт,0,completed
2025-12-10,LUX-10397,Tom Ford Oud Wood,Парфюмерия,Астана,Омаров Т.,Бутик,1,169205.07,0,169205.07,36246.3,132958.78,VIP-641,Brand_Пар,Склад-Аст,0,completed
2026-06-15,LUX-10398,Dior Sauvage,Парфюмерия,Актау,Ким А.,VIP-клиенты,3,194010.24,0,582030.72,218886.61,363144.11,VIP-173,Brand_Пар,Склад-Акт,0,completed
2026-06-12,LUX-10399,Колье из жемчуга,Ювелирные изделия,Атырау,Омаров Т.,Бутик,1,1556933.73,15,1323393.67,330200.07,993193.6,VIP-313,Brand_Юве,Склад-Аты,0,completed
2025-10-13,LUX-10400,Tom Ford Oud Wood,Парфюмерия,Шымкент,Ахметова Д.,VIP-клиенты,1,214149.43,0,214149.43,46652.06,167497.37,VIP-146,Brand_Пар,Склад-Шым,0,completed
2026-06-25,LUX-10401,Золотая цепь,Ювелирные изделия,Актау,Ким А.,Бутик,1,2695118.02,0,2695118.02,781811.79,1913306.23,VIP-970,Brand_Юве,Склад-Акт,0,completed
2026-03-06,LUX-10402,Часы Rolex,Аксессуары,Алматы,Омаров Т.,Бутик,2,1238147.54,0,2476295.09,723547.06,1752748.02,VIP-37,Brand_Акс,Склад-Алм,0,completed
2025-09-04,LUX-10403,Платье Haute Couture,Брендовые вещи,Алматы,Сатпаева А.,Онлайн-магазин,1,248427.28,0,248427.28,62208.74,186218.55,VIP-39,Brand_Бре,Склад-Алм,0,completed
2026-02-03,LUX-10404,Колье из жемчуга,Ювелирные изделия,Астана,Омаров Т.,Бутик,1,2735016.02,0,2735016.02,1065838.93,1669177.09,VIP-155,Brand_Юве,Склад-Аст,0,completed
2026-04-22,LUX-10405,Платье Haute Couture,Брендовые вещи,Астана,Ким А.,Бутик,2,218538.66,10,393369.58,97801.74,295567.84,VIP-308,Brand_Бре,Склад-Аст,0,completed
2026-03-05,LUX-10406,Baccarat Rouge 540,Парфюмерия,Алматы,Омаров Т.,Онлайн-магазин,1,75768.69,0,75768.69,16581.33,59187.36,VIP-769,Brand_Пар,Склад-Алм,0,completed
2025-10-06,LUX-10407,Кольцо с бриллиантом,Ювелирные изделия,Астана,Ким А.,Бутик,1,3926689.02,0,3926689.02,1131097.17,2795591.85,VIP-741,Brand_Юве,Склад-Аст,0,completed
2026-01-25,LUX-10408,Туфли на шпильке,Брендовые вещи,Шымкент,Сатпаева А.,Бутик,1,1638428.96,0,1638428.96,393316.17,1245112.79,VIP-84,Brand_Бре,Склад-Шым,0,completed
2025-09-12,LUX-10409,Кожаный ремень,Аксессуары,Актау,Омаров Т.,Бутик,1,666090.59,5,632786.06,159676.79,473109.26,VIP-766,Brand_Акс,Склад-Акт,0,completed
2026-05-30,LUX-10410,Шелковый платок,Брендовые вещи,Алматы,Ахметова Д.,VIP-клиенты,1,2177689.74,0,2177689.74,497510.03,1680179.71,VIP-922,Brand_Бре,Склад-Алм,0,completed
2026-06-12,LUX-10411,Шелковый платок,Брендовые вещи,Астана,Ахметова Д.,Онлайн-магазин,1,366662.86,0,366662.86,84541.82,282121.04,VIP-700,Brand_Бре,Склад-Аст,0,completed
2026-02-26,LUX-10412,Платиновый браслет,Ювелирные изделия,Алматы,Ахметова Д.,Бутик,3,3430182.77,0,10290548.3,3131429.37,7159118.93,VIP-651,Brand_Юве,Склад-Алм,0,completed
2025-09-07,LUX-10413,Платье Haute Couture,Брендовые вещи,Алматы,Сатпаева А.,VIP-клиенты,1,1040492.94,0,1040492.94,234917.77,805575.17,VIP-923,Brand_Бре,Склад-Алм,0,completed
2025-12-21,LUX-10414,Tom Ford Oud Wood,Парфюмерия,Актау,Омаров Т.,Бутик,1,208227.9,0,208227.9,71679.72,136548.18,VIP-968,Brand_Пар,Склад-Акт,0,completed
2025-12-10,LUX-10415,Tom Ford Oud Wood,Парфюмерия,Шымкент,Ким А.,VIP-клиенты,1,98754.23,0,98754.23,27338.0,71416.23,VIP-423,Brand_Пар,Склад-Шым,0,completed
2026-01-08,LUX-10416,Золотая цепь,Ювелирные изделия,Атырау,Сатпаева А.,Бутик,2,4520321.69,0,9040643.37,3386736.83,5653906.54,VIP-588,Brand_Юве,Склад-Аты,0,completed
2026-04-29,LUX-10417,Часы Rolex,Аксессуары,Актау,Ким А.,VIP-клиенты,1,383844.08,0,383844.08,114212.89,269631.19,VIP-630,Brand_Акс,Склад-Акт,0,completed
2025-11-26,LUX-10418,Кольцо с бриллиантом,Ювелирные изделия,Актау,Сатпаева А.,Бутик,1,5288764.21,0,5288764.21,1662861.21,3625903.0,VIP-135,Brand_Юве,Склад-Акт,0,completed
2025-11-16,LUX-10419,Туфли на шпильке,Брендовые вещи,Шымкент,Ким А.,Бутик,1,1962996.24,0,1962996.24,707865.75,1255130.5,VIP-917,Brand_Бре,Склад-Шым,0,completed
2025-11-09,LUX-10420,Сумка Birkin,Брендовые вещи,Алматы,Ким А.,Бутик,2,421285.25,0,842570.51,178090.4,664480.1,VIP-265,Brand_Бре,Склад-Алм,0,completed
2026-04-17,LUX-10421,Клатч вечерний,Аксессуары,Атырау,Омаров Т.,Бутик,1,231736.19,0,231736.19,75516.6,156219.59,VIP-262,Brand_Акс,Склад-Аты,0,completed
2025-12-18,LUX-10422,Платье Haute Couture,Брендовые вещи,Алматы,Ким А.,Бутик,1,849731.37,0,849731.37,221475.38,628255.99,VIP-833,Brand_Бре,Склад-Алм,0,completed
2025-07-30,LUX-10423,Tom Ford Oud Wood,Парфюмерия,Астана,Ахметова Д.,VIP-клиенты,1,235388.64,0,235388.64,57274.56,178114.08,VIP-979,Brand_Пар,Склад-Аст,0,completed
2026-04-29,LUX-10424,Запонки золотые,Аксессуары,Атырау,Омаров Т.,Бутик,2,777763.27,0,1555526.54,312922.8,1242603.74,VIP-943,Brand_Акс,Склад-Аты,0,completed
2025-07-25,LUX-10425,Пиджак кроя Slim,Брендовые вещи,Астана,Ахметова Д.,Бутик,3,1903322.77,0,5709968.31,1802742.96,3907225.35,VIP-496,Brand_Бре,Склад-Аст,0,completed
2025-09-21,LUX-10426,Запонки золотые,Аксессуары,Алматы,Ахметова Д.,Бутик,1,1002740.29,0,1002740.29,282303.86,720436.43,VIP-359,Brand_Акс,Склад-Алм,0,completed
2026-07-04,LUX-10427,Сумка Birkin,Брендовые вещи,Атырау,Ким А.,VIP-клиенты,1,1632259.16,0,1632259.16,503434.55,1128824.61,VIP-272,Brand_Бре,Склад-Аты,0,completed
2026-04-05,LUX-10428,Очки Ray-Ban,Аксессуары,Шымкент,Омаров Т.,Бутик,3,362222.57,5,1032334.31,239464.95,792869.36,VIP-625,Brand_Акс,Склад-Шым,0,completed
2026-01-03,LUX-10429,Клатч вечерний,Аксессуары,Шымкент,Ким А.,Бутик,1,1150465.12,0,1150465.12,448420.53,702044.59,VIP-404,Brand_Акс,Склад-Шым,0,completed
2025-08-07,LUX-10430,Baccarat Rouge 540,Парфюмерия,Актау,Ким А.,Бутик,1,213519.8,0,213519.8,66043.88,147475.93,VIP-292,Brand_Пар,Склад-Акт,0,completed
2025-09-14,LUX-10431,Клатч вечерний,Аксессуары,Астана,Омаров Т.,Бутик,1,1395398.07,0,1395398.07,428948.42,966449.65,VIP-916,Brand_Акс,Склад-Аст,0,completed
2026-05-11,LUX-10432,Tom Ford Oud Wood,Парфюмерия,Шымкент,Ахметова Д.,VIP-клиенты,1,48611.39,0,48611.39,12998.41,35612.98,VIP-843,Brand_Пар,Склад-Шым,0,completed
2026-01-18,LUX-10433,Платиновый браслет,Ювелирные изделия,Актау,Омаров Т.,Бутик,1,3267757.39,0,3267757.39,1103919.77,2163837.62,VIP-997,Brand_Юве,Склад-Акт,0,completed
2026-01-15,LUX-10434,Tom Ford Oud Wood,Парфюмерия,Астана,Ахметова Д.,Бутик,1,183525.08,0,183525.08,57390.99,126134.09,VIP-398,Brand_Пар,Склад-Аст,0,completed
2025-10-22,LUX-10435,Запонки золотые,Аксессуары,Актау,Ким А.,Бутик,1,959144.88,0,959144.88,354805.11,604339.77,VIP-815,Brand_Акс,Склад-Акт,0,completed
2026-03-21,LUX-10436,Платье Haute Couture,Брендовые вещи,Актау,Ахметова Д.,Бутик,1,1187574.14,0,1187574.14,383965.36,803608.78,VIP-243,Brand_Бре,Склад-Акт,0,completed
2026-03-11,LUX-10437,Кожаный ремень,Аксессуары,Актау,Ким А.,Онлайн-магазин,1,222888.12,0,222888.12,71168.17,151719.95,VIP-910,Brand_Акс,Склад-Акт,0,cancelled
2025-11-05,LUX-10438,Золотая цепь,Ювелирные изделия,Шымкент,Ахметова Д.,VIP-клиенты,1,4376485.76,0,4376485.76,1471599.88,2904885.88,VIP-566,Brand_Юве,Склад-Шым,0,completed
2026-02-11,LUX-10439,Tom Ford Oud Wood,Парфюмерия,Астана,Омаров Т.,VIP-клиенты,2,135718.9,0,271437.8,83683.02,187754.77,VIP-372,Brand_Пар,Склад-Аст,0,completed
2025-12-15,LUX-10440,Серьги с изумрудом,Ювелирные изделия,Алматы,Омаров Т.,Бутик,1,2493129.19,0,2493129.19,524458.82,1968670.37,VIP-22,Brand_Юве,Склад-Алм,0,completed
2025-10-23,LUX-10441,Колье из жемчуга,Ювелирные изделия,Атырау,Омаров Т.,Бутик,1,1899740.3,10,1709766.27,574938.15,1134828.12,VIP-455,Brand_Юве,Склад-Аты,0,completed
2025-10-19,LUX-10442,Jo Malone Wood Sage,Парфюмерия,Шымкент,Ахметова Д.,Бутик,2,105550.96,5,200546.83,57112.19,143434.64,VIP-847,Brand_Пар,Склад-Шым,0,completed
2026-03-13,LUX-10443,Сумка Birkin,Брендовые вещи,Алматы,Ахметова Д.,Бутик,1,532945.48,0,532945.48,209255.33,323690.15,VIP-627,Brand_Бре,Склад-Алм,0,completed
2025-07-17,LUX-10444,Туфли на шпильке,Брендовые вещи,Актау,Сатпаева А.,Бутик,3,1141120.4,0,3423361.21,1153809.39,2269551.82,VIP-82,Brand_Бре,Склад-Акт,0,completed
2025-08-21,LUX-10445,Колье из жемчуга,Ювелирные изделия,Шымкент,Омаров Т.,Онлайн-магазин,1,2737017.73,0,2737017.73,674620.07,2062397.66,VIP-330,Brand_Юве,Склад-Шым,0,completed
2026-05-29,LUX-10446,Сумка Birkin,Брендовые вещи,Атырау,Ахметова Д.,Бутик,1,212566.81,0,212566.81,57203.0,155363.8,VIP-576,Brand_Бре,Склад-Аты,0,completed
2025-10-12,LUX-10447,Кольцо с бриллиантом,Ювелирные изделия,Астана,Омаров Т.,Бутик,3,3627972.87,0,10883918.6,3911255.14,6972663.46,VIP-384,Brand_Юве,Склад-Аст,0,completed
2025-10-14,LUX-10448,Очки Ray-Ban,Аксессуары,Астана,Омаров Т.,VIP-клиенты,1,433091.1,0,433091.1,128291.32,304799.78,VIP-226,Brand_Акс,Склад-Аст,0,completed
2026-05-12,LUX-10449,Золотая цепь,Ювелирные изделия,Алматы,Сатпаева А.,Бутик,1,2227316.69,0,2227316.69,845983.83,1381332.86,VIP-244,Brand_Юве,Склад-Алм,0,completed
2025-08-26,LUX-10450,Шелковый платок,Брендовые вещи,Актау,Ким А.,Бутик,1,835966.56,0,835966.56,172593.03,663373.53,VIP-313,Brand_Бре,Склад-Акт,0,completed
2025-08-01,LUX-10451,Колье из жемчуга,Ювелирные изделия,Шымкент,Омаров Т.,Бутик,1,2209069.92,0,2209069.92,737156.23,1471913.7,VIP-945,Brand_Юве,Склад-Шым,0,completed
2025-09-07,LUX-10452,Туфли на шпильке,Брендовые вещи,Атырау,Ахметова Д.,Бутик,1,1633728.71,0,1633728.71,571504.5,1062224.21,VIP-612,Brand_Бре,Склад-Аты,0,completed
2026-03-15,LUX-10453,Jo Malone Wood Sage,Парфюмерия,Актау,Омаров Т.,Бутик,1,152172.7,0,152172.7,49002.42,103170.27,VIP-346,Brand_Пар,Склад-Акт,0,completed
2026-06-22,LUX-10454,Chanel No 5,Парфюмерия,Алматы,Сатпаева А.,Бутик,1,109029.06,0,109029.06,29576.3,79452.76,VIP-730,Brand_Пар,Склад-Алм,0,completed
2025-09-26,LUX-10455,Запонки золотые,Аксессуары,Алматы,Сатпаева А.,Бутик,1,982157.86,0,982157.86,380536.77,601621.1,VIP-810,Brand_Акс,Склад-Алм,0,completed
2025-08-14,LUX-10456,Колье из жемчуга,Ювелирные изделия,Астана,Ким А.,Бутик,1,1124192.57,0,1124192.57,285530.87,838661.7,VIP-251,Brand_Юве,Склад-Аст,0,completed
2026-06-02,LUX-10457,Часы Rolex,Аксессуары,Алматы,Сатпаева А.,VIP-клиенты,1,1037060.36,0,1037060.36,249001.88,788058.48,VIP-720,Brand_Акс,Склад-Алм,0,completed
2025-12-25,LUX-10458,Шелковый платок,Брендовые вещи,Шымкент,Сатпаева А.,Бутик,3,614223.53,0,1842670.59,567515.48,1275155.11,VIP-25,Brand_Бре,Склад-Шым,0,completed
2026-02-01,LUX-10459,Jo Malone Wood Sage,Парфюмерия,Актау,Сатпаева А.,VIP-клиенты,1,78080.86,0,78080.86,21783.07,56297.79,VIP-391,Brand_Пар,Склад-Акт,0,completed
2026-06-09,LUX-10460,Платиновый браслет,Ювелирные изделия,Шымкент,Омаров Т.,VIP-клиенты,1,1350789.73,0,1350789.73,396151.21,954638.53,VIP-993,Brand_Юве,Склад-Шым,0,completed
2025-12-31,LUX-10461,Chanel No 5,Парфюмерия,Шымкент,Сатпаева А.,VIP-клиенты,1,247615.55,0,247615.55,51977.97,195637.58,VIP-153,Brand_Пар,Склад-Шым,0,completed
2025-11-19,LUX-10462,Кольцо с бриллиантом,Ювелирные изделия,Алматы,Ким А.,VIP-клиенты,1,1391307.52,10,1252176.77,495603.92,756572.85,VIP-55,Brand_Юве,Склад-Алм,0,completed
2026-04-08,LUX-10463,Туфли на шпильке,Брендовые вещи,Актау,Сатпаева А.,Онлайн-магазин,2,1955505.47,0,3911010.94,1326956.58,2584054.36,VIP-136,Brand_Бре,Склад-Акт,0,completed
2026-01-13,LUX-10464,Туфли на шпильке,Брендовые вещи,Алматы,Сатпаева А.,Бутик,1,443379.63,0,443379.63,167119.99,276259.64,VIP-914,Brand_Бре,Склад-Алм,0,completed
2025-10-25,LUX-10465,Baccarat Rouge 540,Парфюмерия,Шымкент,Сатпаева А.,VIP-клиенты,1,213508.24,0,213508.24,49622.65,163885.58,VIP-450,Brand_Пар,Склад-Шым,0,completed
2026-07-04,LUX-10466,Chanel No 5,Парфюмерия,Алматы,Сатпаева А.,Бутик,2,61299.5,0,122598.99,33137.0,89461.99,VIP-372,Brand_Пар,Склад-Алм,0,completed
2026-04-25,LUX-10467,Кожаный ремень,Аксессуары,Шымкент,Сатпаева А.,VIP-клиенты,1,266646.68,0,266646.68,95735.31,170911.37,VIP-253,Brand_Акс,Склад-Шым,0,completed
2026-02-20,LUX-10468,Очки Ray-Ban,Аксессуары,Алматы,Ким А.,Бутик,3,998065.32,0,2994195.95,1174726.68,1819469.28,VIP-240,Brand_Акс,Склад-Алм,0,completed
2026-05-22,LUX-10469,Золотая цепь,Ювелирные изделия,Актау,Сатпаева А.,VIP-клиенты,1,1211034.33,0,1211034.33,351990.67,859043.65,VIP-271,Brand_Юве,Склад-Акт,0,completed
2026-05-01,LUX-10470,Золотая цепь,Ювелирные изделия,Актау,Омаров Т.,Бутик,1,1541916.19,0,1541916.19,477034.61,1064881.58,VIP-72,Brand_Юве,Склад-Акт,0,completed
2025-09-30,LUX-10471,Серьги с изумрудом,Ювелирные изделия,Атырау,Ким А.,Онлайн-магазин,1,4405202.35,0,4405202.35,1154935.12,3250267.24,VIP-226,Brand_Юве,Склад-Аты,0,completed
2025-12-05,LUX-10472,Серьги с изумрудом,Ювелирные изделия,Астана,Сатпаева А.,VIP-клиенты,1,1320140.99,0,1320140.99,333780.89,986360.1,VIP-907,Brand_Юве,Склад-Аст,0,completed
2026-02-24,LUX-10473,Золотая цепь,Ювелирные изделия,Астана,Ким А.,Бутик,1,2443050.9,0,2443050.9,634715.19,1808335.71,VIP-368,Brand_Юве,Склад-Аст,0,completed
2026-03-23,LUX-10474,Шелковый платок,Брендовые вещи,Шымкент,Омаров Т.,Онлайн-магазин,2,1635541.58,0,3271083.17,975794.3,2295288.86,VIP-18,Brand_Бре,Склад-Шым,0,completed
2025-10-13,LUX-10475,Кожаный ремень,Аксессуары,Шымкент,Ким А.,Онлайн-магазин,1,871123.83,0,871123.83,268796.66,602327.17,VIP-762,Brand_Акс,Склад-Шым,0,completed
2025-07-22,LUX-10476,Серьги с изумрудом,Ювелирные изделия,Актау,Ахметова Д.,Бутик,1,3180481.2,5,3021457.14,1183095.05,1838362.09,VIP-765,Brand_Юве,Склад-Акт,0,completed
2025-11-12,LUX-10477,Кожаный ремень,Аксессуары,Астана,Омаров Т.,Бутик,2,497043.66,0,994087.33,356551.01,637536.31,VIP-558,Brand_Акс,Склад-Аст,0,completed
2025-09-28,LUX-10478,Серьги с изумрудом,Ювелирные изделия,Алматы,Сатпаева А.,Бутик,1,5160514.31,0,5160514.31,1426390.83,3734123.49,VIP-700,Brand_Юве,Склад-Алм,0,completed
2025-11-21,LUX-10479,Очки Ray-Ban,Аксессуары,Алматы,Ким А.,Онлайн-магазин,1,125897.52,0,125897.52,45797.12,80100.4,VIP-772,Brand_Акс,Склад-Алм,0,completed
2025-12-28,LUX-10480,Сумка Birkin,Брендовые вещи,Астана,Сатпаева А.,Бутик,1,170939.1,5,162392.15,50976.97,111415.18,VIP-186,Brand_Бре,Склад-Аст,0,completed
2025-08-19,LUX-10481,Baccarat Rouge 540,Парфюмерия,Астана,Омаров Т.,Бутик,1,54178.81,0,54178.81,11565.37,42613.45,VIP-436,Brand_Пар,Склад-Аст,0,completed
2025-09-04,LUX-10482,Золотая цепь,Ювелирные изделия,Актау,Ахметова Д.,Бутик,1,4336751.15,10,3903076.03,1009368.43,2893707.6,VIP-215,Brand_Юве,Склад-Акт,0,completed
2025-10-22,LUX-10483,Сумка Birkin,Брендовые вещи,Астана,Ким А.,VIP-клиенты,1,658273.27,0,658273.27,214604.41,443668.85,VIP-296,Brand_Бре,Склад-Аст,0,completed
2026-07-02,LUX-10484,Серьги с изумрудом,Ювелирные изделия,Астана,Омаров Т.,Бутик,3,2083726.1,0,6251178.31,2289294.15,3961884.16,VIP-217,Brand_Юве,Склад-Аст,0,completed
2025-08-08,LUX-10485,Dior Sauvage,Парфюмерия,Шымкент,Омаров Т.,Бутик,1,166162.61,0,166162.61,35831.02,130331.59,VIP-139,Brand_Пар,Склад-Шым,0,completed
2025-07-21,LUX-10486,Tom Ford Oud Wood,Парфюмерия,Шымкент,Сатпаева А.,Бутик,1,96580.55,0,96580.55,30021.39,66559.16,VIP-445,Brand_Пар,Склад-Шым,0,completed
2026-07-10,LUX-10487,Пиджак кроя Slim,Брендовые вещи,Алматы,Омаров Т.,Бутик,1,181743.13,0,181743.13,65717.33,116025.8,VIP-977,Brand_Бре,Склад-Алм,0,completed
2025-09-25,LUX-10488,Золотая цепь,Ювелирные изделия,Атырау,Ким А.,Бутик,2,1159673.24,0,2319346.49,660680.23,1658666.26,VIP-329,Brand_Юве,Склад-Аты,0,completed
2025-09-25,LUX-10489,Dior Sauvage,Парфюмерия,Алматы,Ким А.,Бутик,1,238982.33,10,215084.1,82962.58,132121.52,VIP-622,Brand_Пар,Склад-Алм,0,completed
2025-07-18,LUX-10490,Dior Sauvage,Парфюмерия,Алматы,Омаров Т.,Бутик,1,160662.58,15,136563.19,50249.03,86314.16,VIP-783,Brand_Пар,Склад-Алм,0,completed
2026-05-18,LUX-10491,Dior Sauvage,Парфюмерия,Актау,Сатпаева А.,VIP-клиенты,1,139511.68,0,139511.68,40801.29,98710.4,VIP-353,Brand_Пар,Склад-Акт,0,completed
2026-06-12,LUX-10492,Dior Sauvage,Парфюмерия,Астана,Ким А.,Бутик,1,127968.18,0,127968.18,33187.02,94781.16,VIP-491,Brand_Пар,Склад-Аст,0,completed
2026-05-08,LUX-10493,Часы Rolex,Аксессуары,Астана,Омаров Т.,VIP-клиенты,1,232709.26,0,232709.26,49266.81,183442.45,VIP-735,Brand_Акс,Склад-Аст,0,completed
2025-09-11,LUX-10494,Tom Ford Oud Wood,Парфюмерия,Шымкент,Ахметова Д.,VIP-клиенты,1,212317.55,0,212317.55,51929.54,160388.01,VIP-27,Brand_Пар,Склад-Шым,0,completed
2026-03-22,LUX-10495,Пиджак кроя Slim,Брендовые вещи,Актау,Сатпаева А.,Бутик,1,620544.96,0,620544.96,131568.31,488976.64,VIP-93,Brand_Бре,Склад-Акт,0,completed
2025-12-10,LUX-10496,Baccarat Rouge 540,Парфюмерия,Астана,Сатпаева А.,Бутик,2,94340.52,0,188681.04,72673.85,116007.19,VIP-748,Brand_Пар,Склад-Аст,0,completed
2026-03-15,LUX-10497,Шелковый платок,Брендовые вещи,Атырау,Сатпаева А.,Бутик,1,1239246.46,0,1239246.46,295542.68,943703.78,VIP-807,Brand_Бре,Склад-Аты,0,completed
2026-04-29,LUX-10498,Серьги с изумрудом,Ювелирные изделия,Шымкент,Ахметова Д.,Бутик,1,4397169.21,0,4397169.21,1718686.88,2678482.33,VIP-632,Brand_Юве,Склад-Шым,0,completed
2025-08-20,LUX-10499,Часы Rolex,Аксессуары,Алматы,Омаров Т.,Онлайн-магазин,1,1144517.57,0,1144517.57,286359.59,858157.98,VIP-144,Brand_Акс,Склад-Алм,0,completed
2025-09-22,LUX-10500,Кольцо с бриллиантом,Ювелирные изделия,Атырау,Ким А.,VIP-клиенты,1,3550378.1,0,3550378.1,1237276.13,2313101.97,VIP-511,Brand_Юве,Склад-Аты,0,completed
2026-01-02,LUX-10501,Клатч вечерний,Аксессуары,Алматы,Ахметова Д.,Бутик,1,114102.08,15,96986.77,37166.76,59820.01,VIP-939,Brand_Акс,Склад-Алм,0,completed
2025-07-25,LUX-10502,Платье Haute Couture,Брендовые вещи,Актау,Омаров Т.,Бутик,1,1835073.46,10,1651566.12,461520.35,1190045.76,VIP-11,Brand_Бре,Склад-Акт,0,completed
2025-08-10,LUX-10503,Платье Haute Couture,Брендовые вещи,Алматы,Ким А.,Бутик,1,1488957.4,0,1488957.4,564095.28,924862.12,VIP-860,Brand_Бре,Склад-Алм,1,returned
2026-03-18,LUX-10504,Пиджак кроя Slim,Брендовые вещи,Алматы,Сатпаева А.,Бутик,1,1691308.19,0,1691308.19,351493.0,1339815.19,VIP-229,Brand_Бре,Склад-Алм,0,completed
2025-08-05,LUX-10505,Chanel No 5,Парфюмерия,Алматы,Ким А.,VIP-клиенты,1,168707.14,0,168707.14,55647.72,113059.42,VIP-638,Brand_Пар,Склад-Алм,0,completed
2026-05-19,LUX-10506,Серьги с изумрудом,Ювелирные изделия,Атырау,Ахметова Д.,Бутик,1,3798796.04,0,3798796.04,1463649.68,2335146.36,VIP-388,Brand_Юве,Склад-Аты,0,completed
2025-11-28,LUX-10507,Jo Malone Wood Sage,Парфюмерия,Актау,Сатпаева А.,Бутик,1,140053.09,0,140053.09,34724.12,105328.98,VIP-14,Brand_Пар,Склад-Акт,0,completed
2026-05-10,LUX-10508,Chanel No 5,Парфюмерия,Шымкент,Омаров Т.,Бутик,1,182270.95,0,182270.95,61131.59,121139.36,VIP-521,Brand_Пар,Склад-Шым,0,completed
2026-02-08,LUX-10509,Шелковый платок,Брендовые вещи,Астана,Ахметова Д.,Бутик,1,1269678.07,0,1269678.07,407104.66,862573.41,VIP-953,Brand_Бре,Склад-Аст,0,completed
2025-11-04,LUX-10510,Dior Sauvage,Парфюмерия,Астана,Ахметова Д.,Бутик,1,221831.21,0,221831.21,52732.19,169099.02,VIP-497,Brand_Пар,Склад-Аст,0,completed
2025-09-06,LUX-10511,Chanel No 5,Парфюмерия,Актау,Ахметова Д.,Бутик,1,225215.33,0,225215.33,77651.73,147563.6,VIP-377,Brand_Пар,Склад-Акт,0,completed
2025-08-20,LUX-10512,Пиджак кроя Slim,Брендовые вещи,Атырау,Ахметова Д.,VIP-клиенты,1,1031996.11,5,980396.31,378579.13,601817.18,VIP-845,Brand_Бре,Склад-Аты,0,completed
2025-09-28,LUX-10513,Золотая цепь,Ювелирные изделия,Шымкент,Ахметова Д.,VIP-клиенты,1,3313245.75,0,3313245.75,1268785.01,2044460.74,VIP-494,Brand_Юве,Склад-Шым,0,completed
2026-06-10,LUX-10514,Шелковый платок,Брендовые вещи,Алматы,Ахметова Д.,Бутик,1,336626.5,0,336626.5,85779.88,250846.63,VIP-349,Brand_Бре,Склад-Алм,0,completed
2026-05-28,LUX-10515,Кольцо с бриллиантом,Ювелирные изделия,Алматы,Ахметова Д.,Бутик,1,2589617.38,0,2589617.38,539790.65,2049826.73,VIP-705,Brand_Юве,Склад-Алм,0,completed
2025-11-20,LUX-10516,Колье из жемчуга,Ювелирные изделия,Актау,Омаров Т.,Бутик,1,3574801.71,0,3574801.71,1160403.51,2414398.19,VIP-327,Brand_Юве,Склад-Акт,1,returned
2026-02-19,LUX-10517,Платье Haute Couture,Брендовые вещи,Атырау,Ахметова Д.,VIP-клиенты,1,1613585.39,0,1613585.39,335582.71,1278002.68,VIP-186,Brand_Бре,Склад-Аты,0,completed
2026-01-03,LUX-10518,Платье Haute Couture,Брендовые вещи,Алматы,Омаров Т.,Бутик,1,327963.56,0,327963.56,122393.45,205570.11,VIP-749,Brand_Бре,Склад-Алм,0,completed
2026-03-12,LUX-10519,Jo Malone Wood Sage,Парфюмерия,Астана,Омаров Т.,Бутик,1,87196.79,15,74117.27,22069.73,52047.53,VIP-30,Brand_Пар,Склад-Аст,0,completed
2025-11-07,LUX-10520,Клатч вечерний,Аксессуары,Атырау,Сатпаева А.,Бутик,1,1055327.19,0,1055327.19,235065.55,820261.63,VIP-962,Brand_Акс,Склад-Аты,0,completed
2026-03-18,LUX-10521,Baccarat Rouge 540,Парфюмерия,Астана,Ким А.,Онлайн-магазин,1,174205.34,0,174205.34,65618.15,108587.19,VIP-549,Brand_Пар,Склад-Аст,0,completed
2026-03-27,LUX-10522,Кожаный ремень,Аксессуары,Шымкент,Ким А.,VIP-клиенты,1,341647.47,0,341647.47,133023.91,208623.55,VIP-337,Brand_Акс,Склад-Шым,0,completed
2026-05-04,LUX-10523,Часы Rolex,Аксессуары,Актау,Ким А.,Бутик,1,721076.2,0,721076.2,156837.79,564238.41,VIP-222,Brand_Акс,Склад-Акт,0,completed
2026-02-18,LUX-10524,Колье из жемчуга,Ювелирные изделия,Астана,Ким А.,Бутик,1,2911167.47,0,2911167.47,805346.27,2105821.2,VIP-435,Brand_Юве,Склад-Аст,0,completed
2025-11-11,LUX-10525,Колье из жемчуга,Ювелирные изделия,Алматы,Ким А.,VIP-клиенты,1,3933039.55,0,3933039.55,820295.86,3112743.68,VIP-36,Brand_Юве,Склад-Алм,0,completed
2025-12-18,LUX-10526,Запонки золотые,Аксессуары,Актау,Сатпаева А.,Бутик,1,540496.62,0,540496.62,119312.87,421183.75,VIP-15,Brand_Акс,Склад-Акт,0,completed
2026-04-24,LUX-10527,Серьги с изумрудом,Ювелирные изделия,Алматы,Сатпаева А.,Бутик,2,3461309.52,15,5884226.18,1991352.98,3892873.2,VIP-188,Brand_Юве,Склад-Алм,0,completed
2026-02-24,LUX-10528,Серьги с изумрудом,Ювелирные изделия,Атырау,Ахметова Д.,VIP-клиенты,1,618372.35,0,618372.35,165157.84,453214.51,VIP-927,Brand_Юве,Склад-Аты,0,completed
2026-05-25,LUX-10529,Chanel No 5,Парфюмерия,Шымкент,Ким А.,Онлайн-магазин,1,167631.71,5,159250.13,61048.63,98201.49,VIP-288,Brand_Пар,Склад-Шым,0,completed
2026-05-04,LUX-10530,Запонки золотые,Аксессуары,Астана,Омаров Т.,VIP-клиенты,1,992004.5,0,992004.5,221038.82,770965.68,VIP-865,Brand_Акс,Склад-Аст,0,completed
2026-05-27,LUX-10531,Запонки золотые,Аксессуары,Шымкент,Омаров Т.,VIP-клиенты,1,513624.65,0,513624.65,122640.15,390984.5,VIP-389,Brand_Акс,Склад-Шым,0,completed
2025-08-22,LUX-10532,Платиновый браслет,Ювелирные изделия,Атырау,Сатпаева А.,VIP-клиенты,1,372879.73,0,372879.73,82380.16,290499.57,VIP-794,Brand_Юве,Склад-Аты,0,completed
2026-02-15,LUX-10533,Золотая цепь,Ювелирные изделия,Актау,Ким А.,VIP-клиенты,2,304416.87,0,608833.75,225769.44,383064.3,VIP-847,Brand_Юве,Склад-Акт,0,completed
2026-02-13,LUX-10534,Dior Sauvage,Парфюмерия,Астана,Сатпаева А.,Онлайн-магазин,1,114968.84,0,114968.84,29244.47,85724.37,VIP-460,Brand_Пар,Склад-Аст,0,completed
2025-09-12,LUX-10535,Кольцо с бриллиантом,Ювелирные изделия,Актау,Ким А.,Онлайн-магазин,3,4626955.04,0,13880865.11,3741225.85,10139639.25,VIP-857,Brand_Юве,Склад-Акт,0,completed
2026-06-17,LUX-10536,Кожаный ремень,Аксессуары,Шымкент,Сатпаева А.,Бутик,1,829992.28,0,829992.28,229801.55,600190.73,VIP-542,Brand_Акс,Склад-Шым,0,completed
2026-05-03,LUX-10537,Запонки золотые,Аксессуары,Шымкент,Омаров Т.,Бутик,1,542553.07,0,542553.07,147381.53,395171.54,VIP-246,Brand_Акс,Склад-Шым,0,completed
2026-07-06,LUX-10538,Серьги с изумрудом,Ювелирные изделия,Атырау,Омаров Т.,VIP-клиенты,1,1245971.87,5,1183673.28,304613.4,879059.88,VIP-206,Brand_Юве,Склад-Аты,0,completed
2026-07-12,LUX-10539,Золотая цепь,Ювелирные изделия,Астана,Ахметова Д.,VIP-клиенты,1,1904926.0,0,1904926.0,708193.14,1196732.85,VIP-471,Brand_Юве,Склад-Аст,0,completed
2026-01-20,LUX-10540,Серьги с изумрудом,Ювелирные изделия,Астана,Омаров Т.,Бутик,2,1608388.66,15,2734260.73,991598.85,1742661.88,VIP-985,Brand_Юве,Склад-Аст,0,completed
2025-09-15,LUX-10541,Кожаный ремень,Аксессуары,Астана,Омаров Т.,Бутик,1,432278.87,0,432278.87,141607.9,290670.97,VIP-911,Brand_Акс,Склад-Аст,0,completed
2026-06-21,LUX-10542,Платиновый браслет,Ювелирные изделия,Актау,Омаров Т.,VIP-клиенты,1,2436432.45,0,2436432.45,843873.05,1592559.4,VIP-661,Brand_Юве,Склад-Акт,0,completed
2026-05-04,LUX-10543,Серьги с изумрудом,Ювелирные изделия,Алматы,Омаров Т.,Бутик,1,435053.97,0,435053.97,93127.01,341926.96,VIP-630,Brand_Юве,Склад-Алм,0,completed
2026-03-14,LUX-10544,Tom Ford Oud Wood,Парфюмерия,Алматы,Сатпаева А.,Бутик,1,160546.18,0,160546.18,49970.17,110576.0,VIP-460,Brand_Пар,Склад-Алм,0,completed
2026-05-20,LUX-10545,Кожаный ремень,Аксессуары,Актау,Сатпаева А.,Бутик,1,289359.81,0,289359.81,77015.15,212344.67,VIP-430,Brand_Акс,Склад-Акт,0,completed
2026-07-06,LUX-10546,Клатч вечерний,Аксессуары,Атырау,Ахметова Д.,Бутик,2,458438.82,0,916877.63,334070.5,582807.13,VIP-751,Brand_Акс,Склад-Аты,0,completed
2025-08-19,LUX-10547,Туфли на шпильке,Брендовые вещи,Актау,Сатпаева А.,VIP-клиенты,1,894574.23,0,894574.23,278313.27,616260.96,VIP-136,Brand_Бре,Склад-Акт,0,completed
2025-10-21,LUX-10548,Платиновый браслет,Ювелирные изделия,Шымкент,Омаров Т.,VIP-клиенты,1,3907368.39,10,3516631.56,785895.49,2730736.06,VIP-612,Brand_Юве,Склад-Шым,0,completed
2026-06-11,LUX-10549,Часы Rolex,Аксессуары,Актау,Ахметова Д.,Онлайн-магазин,1,395775.37,0,395775.37,154706.25,241069.11,VIP-433,Brand_Акс,Склад-Акт,0,completed
2026-04-16,LUX-10550,Очки Ray-Ban,Аксессуары,Атырау,Сатпаева А.,Бутик,1,1311091.93,0,1311091.93,295980.94,1015110.99,VIP-958,Brand_Акс,Склад-Аты,0,completed
2026-01-31,LUX-10551,Золотая цепь,Ювелирные изделия,Алматы,Ким А.,VIP-клиенты,1,1696097.88,0,1696097.88,583448.89,1112648.98,VIP-189,Brand_Юве,Склад-Алм,0,completed
2025-10-11,LUX-10552,Запонки золотые,Аксессуары,Актау,Ахметова Д.,Бутик,1,998212.3,15,848480.46,308346.85,540133.61,VIP-68,Brand_Акс,Склад-Акт,0,completed
2026-05-23,LUX-10553,Шелковый платок,Брендовые вещи,Атырау,Сатпаева А.,VIP-клиенты,1,185039.04,0,185039.04,60070.95,124968.08,VIP-429,Brand_Бре,Склад-Аты,0,completed
2025-07-17,LUX-10554,Колье из жемчуга,Ювелирные изделия,Шымкент,Ахметова Д.,Бутик,1,877305.42,0,877305.42,342081.65,535223.77,VIP-171,Brand_Юве,Склад-Шым,0,completed
2026-01-03,LUX-10555,Туфли на шпильке,Брендовые вещи,Атырау,Сатпаева А.,VIP-клиенты,1,362907.93,0,362907.93,113234.1,249673.83,VIP-331,Brand_Бре,Склад-Аты,0,completed
2025-09-02,LUX-10556,Золотая цепь,Ювелирные изделия,Астана,Ахметова Д.,Бутик,1,4409085.3,0,4409085.3,1198236.22,3210849.08,VIP-600,Brand_Юве,Склад-Аст,0,completed
2026-06-17,LUX-10557,Кольцо с бриллиантом,Ювелирные изделия,Актау,Сатпаева А.,Бутик,1,1419162.4,0,1419162.4,491337.38,927825.02,VIP-813,Brand_Юве,Склад-Акт,0,completed
2026-02-21,LUX-10558,Пиджак кроя Slim,Брендовые вещи,Астана,Ахметова Д.,Бутик,2,1845474.45,0,3690948.89,1074895.09,2616053.81,VIP-219,Brand_Бре,Склад-Аст,0,completed
2026-06-09,LUX-10559,Baccarat Rouge 540,Парфюмерия,Актау,Ким А.,Бутик,1,163787.91,0,163787.91,56409.68,107378.23,VIP-842,Brand_Пар,Склад-Акт,0,completed
2026-02-23,LUX-10560,Часы Rolex,Аксессуары,Актау,Ахметова Д.,VIP-клиенты,1,387610.79,0,387610.79,144121.11,243489.68,VIP-452,Brand_Акс,Склад-Акт,0,completed
2026-06-07,LUX-10561,Jo Malone Wood Sage,Парфюмерия,Астана,Ким А.,Бутик,1,159715.66,0,159715.66,59342.54,100373.11,VIP-976,Brand_Пар,Склад-Аст,0,completed
2026-06-25,LUX-10562,Сумка Birkin,Брендовые вещи,Астана,Ахметова Д.,Бутик,1,1907738.55,5,1812351.62,706412.07,1105939.55,VIP-865,Brand_Бре,Склад-Аст,0,completed
2025-07-26,LUX-10563,Кольцо с бриллиантом,Ювелирные изделия,Алматы,Ким А.,Бутик,1,1166657.4,0,1166657.4,246442.45,920214.95,VIP-785,Brand_Юве,Склад-Алм,0,completed
2025-08-21,LUX-10564,Очки Ray-Ban,Аксессуары,Актау,Сатпаева А.,Бутик,1,1556323.46,15,1322874.94,284612.56,1038262.38,VIP-985,Brand_Акс,Склад-Акт,0,completed
2026-05-06,LUX-10565,Jo Malone Wood Sage,Парфюмерия,Актау,Ким А.,Бутик,1,235671.56,0,235671.56,74999.17,160672.39,VIP-589,Brand_Пар,Склад-Акт,0,completed
2026-07-13,LUX-10566,Туфли на шпильке,Брендовые вещи,Атырау,Ким А.,VIP-клиенты,1,895141.3,0,895141.3,347888.28,547253.02,VIP-596,Brand_Бре,Склад-Аты,0,completed
2026-02-25,LUX-10567,Jo Malone Wood Sage,Парфюмерия,Актау,Ахметова Д.,Бутик,2,213201.85,0,426403.71,104964.03,321439.67,VIP-528,Brand_Пар,Склад-Акт,0,completed
2025-11-01,LUX-10568,Jo Malone Wood Sage,Парфюмерия,Алматы,Омаров Т.,VIP-клиенты,1,229225.42,0,229225.42,84656.18,144569.24,VIP-371,Brand_Пар,Склад-Алм,0,completed
2025-08-06,LUX-10569,Запонки золотые,Аксессуары,Атырау,Ахметова Д.,VIP-клиенты,1,1411270.34,0,1411270.34,298294.99,1112975.35,VIP-259,Brand_Акс,Склад-Аты,0,completed
2025-08-01,LUX-10570,Baccarat Rouge 540,Парфюмерия,Актау,Ким А.,VIP-клиенты,2,225176.32,0,450352.64,131820.05,318532.59,VIP-681,Brand_Пар,Склад-Акт,0,completed
2026-06-09,LUX-10571,Клатч вечерний,Аксессуары,Астана,Омаров Т.,Бутик,1,704178.46,0,704178.46,156227.57,547950.89,VIP-260,Brand_Акс,Склад-Аст,0,completed
2026-06-27,LUX-10572,Tom Ford Oud Wood,Парфюмерия,Шымкент,Ким А.,Бутик,2,162828.28,0,325656.55,107003.81,218652.74,VIP-553,Brand_Пар,Склад-Шым,0,completed
2026-06-16,LUX-10573,Пиджак кроя Slim,Брендовые вещи,Астана,Ким А.,Бутик,1,1932643.5,0,1932643.5,645371.7,1287271.8,VIP-385,Brand_Бре,Склад-Аст,0,completed
2026-04-09,LUX-10574,Золотая цепь,Ювелирные изделия,Шымкент,Сатпаева А.,Онлайн-магазин,1,1263584.33,0,1263584.33,447308.27,816276.06,VIP-672,Brand_Юве,Склад-Шым,0,completed
2025-07-19,LUX-10575,Клатч вечерний,Аксессуары,Астана,Ахметова Д.,VIP-клиенты,2,1027460.72,0,2054921.44,621063.99,1433857.44,VIP-337,Brand_Акс,Склад-Аст,0,completed
2026-01-16,LUX-10576,Колье из жемчуга,Ювелирные изделия,Актау,Сатпаева А.,Бутик,1,2928597.85,15,2489308.18,798037.38,1691270.79,VIP-548,Brand_Юве,Склад-Акт,0,completed
2026-06-20,LUX-10577,Сумка Birkin,Брендовые вещи,Атырау,Ахметова Д.,Бутик,1,1226923.98,0,1226923.98,342847.36,884076.61,VIP-336,Brand_Бре,Склад-Аты,0,completed
2026-02-25,LUX-10578,Часы Rolex,Аксессуары,Актау,Омаров Т.,Бутик,1,1203462.3,0,1203462.3,435277.67,768184.63,VIP-455,Brand_Акс,Склад-Акт,0,completed
2025-12-12,LUX-10579,Пиджак кроя Slim,Брендовые вещи,Алматы,Сатпаева А.,VIP-клиенты,1,290983.96,0,290983.96,74108.65,216875.32,VIP-510,Brand_Бре,Склад-Алм,0,completed
2025-10-15,LUX-10580,Часы Rolex,Аксессуары,Актау,Ким А.,VIP-клиенты,1,592293.79,0,592293.79,205996.2,386297.59,VIP-573,Brand_Акс,Склад-Акт,0,completed
2026-03-09,LUX-10581,Jo Malone Wood Sage,Парфюмерия,Алматы,Сатпаева А.,Бутик,1,183095.98,0,183095.98,38201.59,144894.4,VIP-761,Brand_Пар,Склад-Алм,0,completed
2026-05-21,LUX-10582,Кожаный ремень,Аксессуары,Атырау,Омаров Т.,Бутик,1,1323963.04,0,1323963.04,490762.27,833200.77,VIP-305,Brand_Акс,Склад-Аты,0,completed
2025-10-29,LUX-10583,Серьги с изумрудом,Ювелирные изделия,Атырау,Ахметова Д.,Бутик,1,859725.55,10,773752.99,184546.04,589206.95,VIP-805,Brand_Юве,Склад-Аты,0,completed
2025-09-30,LUX-10584,Платье Haute Couture,Брендовые вещи,Астана,Ахметова Д.,Бутик,1,2030496.09,0,2030496.09,626317.2,1404178.89,VIP-181,Brand_Бре,Склад-Аст,0,completed
2026-01-29,LUX-10585,Chanel No 5,Парфюмерия,Актау,Ким А.,Бутик,1,93022.97,0,93022.97,36129.11,56893.86,VIP-874,Brand_Пар,Склад-Акт,0,completed
2026-01-06,LUX-10586,Dior Sauvage,Парфюмерия,Астана,Ахметова Д.,Онлайн-магазин,1,265735.42,0,265735.42,68660.7,197074.72,VIP-161,Brand_Пар,Склад-Аст,0,completed
2026-06-20,LUX-10587,Платье Haute Couture,Брендовые вещи,Астана,Ахметова Д.,VIP-клиенты,1,647821.74,0,647821.74,201370.65,446451.09,VIP-265,Brand_Бре,Склад-Аст,0,completed
2026-05-11,LUX-10588,Tom Ford Oud Wood,Парфюмерия,Алматы,Ким А.,Бутик,1,127559.21,0,127559.21,42516.75,85042.46,VIP-807,Brand_Пар,Склад-Алм,0,completed
2026-01-03,LUX-10589,Chanel No 5,Парфюмерия,Астана,Ахметова Д.,VIP-клиенты,1,234695.44,0,234695.44,55063.27,179632.16,VIP-453,Brand_Пар,Склад-Аст,0,completed
2026-02-01,LUX-10590,Платье Haute Couture,Брендовые вещи,Шымкент,Омаров Т.,Бутик,1,794257.59,0,794257.59,307453.2,486804.39,VIP-245,Brand_Бре,Склад-Шым,0,completed
2025-08-15,LUX-10591,Клатч вечерний,Аксессуары,Актау,Омаров Т.,Бутик,1,918039.4,0,918039.4,269174.93,648864.47,VIP-712,Brand_Акс,Склад-Акт,0,completed
2026-02-01,LUX-10592,Baccarat Rouge 540,Парфюмерия,Актау,Сатпаева А.,Бутик,1,167257.82,10,150532.04,33339.82,117192.22,VIP-365,Brand_Пар,Склад-Акт,0,completed
2026-01-21,LUX-10593,Золотая цепь,Ювелирные изделия,Алматы,Ахметова Д.,VIP-клиенты,1,1398628.13,10,1258765.31,501710.98,757054.34,VIP-946,Brand_Юве,Склад-Алм,0,completed
2025-09-14,LUX-10594,Пиджак кроя Slim,Брендовые вещи,Астана,Ким А.,Бутик,1,518211.69,0,518211.69,135618.72,382592.97,VIP-147,Brand_Бре,Склад-Аст,0,completed
2025-10-28,LUX-10595,Часы Rolex,Аксессуары,Атырау,Омаров Т.,VIP-клиенты,2,955833.79,0,1911667.58,607213.21,1304454.37,VIP-770,Brand_Акс,Склад-Аты,0,completed
2026-07-05,LUX-10596,Золотая цепь,Ювелирные изделия,Астана,Ахметова Д.,Бутик,1,881943.81,0,881943.81,341498.97,540444.84,VIP-112,Brand_Юве,Склад-Аст,0,completed
2025-09-08,LUX-10597,Золотая цепь,Ювелирные изделия,Атырау,Омаров Т.,Бутик,1,1376602.49,0,1376602.49,440137.35,936465.13,VIP-460,Brand_Юве,Склад-Аты,1,returned
2026-06-19,LUX-10598,Сумка Birkin,Брендовые вещи,Астана,Ким А.,VIP-клиенты,1,746610.71,0,746610.71,223007.47,523603.23,VIP-162,Brand_Бре,Склад-Аст,0,completed
2026-07-06,LUX-10599,Туфли на шпильке,Брендовые вещи,Шымкент,Сатпаева А.,Бутик,1,614651.83,0,614651.83,178868.84,435782.99,VIP-784,Brand_Бре,Склад-Шым,0,completed
2025-12-09,LUX-10600,Шелковый платок,Брендовые вещи,Астана,Ким А.,Бутик,1,1171956.76,0,1171956.76,259733.72,912223.04,VIP-305,Brand_Бре,Склад-Аст,0,completed
2026-06-20,LUX-10601,Золотая цепь,Ювелирные изделия,Атырау,Ахметова Д.,Бутик,1,4098626.47,0,4098626.47,1611830.51,2486795.97,VIP-396,Brand_Юве,Склад-Аты,0,completed
2026-04-26,LUX-10602,Пиджак кроя Slim,Брендовые вещи,Алматы,Ахметова Д.,Бутик,1,436552.79,0,436552.79,117884.12,318668.67,VIP-970,Brand_Бре,Склад-Алм,0,completed
2026-06-15,LUX-10603,Серьги с изумрудом,Ювелирные изделия,Шымкент,Ахметова Д.,VIP-клиенты,1,4869085.26,0,4869085.26,1244930.91,3624154.35,VIP-967,Brand_Юве,Склад-Шым,0,completed
2025-09-01,LUX-10604,Пиджак кроя Slim,Брендовые вещи,Астана,Омаров Т.,Бутик,1,1570419.99,0,1570419.99,508779.01,1061640.99,VIP-516,Brand_Бре,Склад-Аст,0,completed
2026-05-07,LUX-10605,Кожаный ремень,Аксессуары,Астана,Омаров Т.,VIP-клиенты,1,1354325.71,0,1354325.71,326536.37,1027789.35,VIP-973,Brand_Акс,Склад-Аст,0,completed
2026-01-10,LUX-10606,Платье Haute Couture,Брендовые вещи,Актау,Омаров Т.,VIP-клиенты,1,411914.73,0,411914.73,102569.18,309345.55,VIP-560,Brand_Бре,Склад-Акт,0,completed
2026-02-24,LUX-10607,Платиновый браслет,Ювелирные изделия,Шымкент,Сатпаева А.,VIP-клиенты,1,5093655.78,0,5093655.78,1815313.8,3278341.98,VIP-441,Brand_Юве,Склад-Шым,0,completed
2026-07-15,LUX-10608,Колье из жемчуга,Ювелирные изделия,Атырау,Сатпаева А.,Бутик,1,347809.04,0,347809.04,90711.38,257097.66,VIP-836,Brand_Юве,Склад-Аты,0,completed
2026-03-29,LUX-10609,Кольцо с бриллиантом,Ювелирные изделия,Шымкент,Омаров Т.,VIP-клиенты,1,1877267.52,0,1877267.52,715683.49,1161584.03,VIP-852,Brand_Юве,Склад-Шым,0,completed
2025-08-24,LUX-10610,Tom Ford Oud Wood,Парфюмерия,Алматы,Ахметова Д.,Онлайн-магазин,2,202909.28,0,405818.55,98000.18,307818.37,VIP-579,Brand_Пар,Склад-Алм,0,completed
2026-01-11,LUX-10611,Серьги с изумрудом,Ювелирные изделия,Астана,Омаров Т.,VIP-клиенты,2,3819408.98,0,7638817.95,2249463.82,5389354.13,VIP-207,Brand_Юве,Склад-Аст,0,completed
2026-07-10,LUX-10612,Колье из жемчуга,Ювелирные изделия,Шымкент,Ахметова Д.,Бутик,1,481636.45,0,481636.45,172328.52,309307.94,VIP-711,Brand_Юве,Склад-Шым,0,completed
2026-02-20,LUX-10613,Туфли на шпильке,Брендовые вещи,Шымкент,Ахметова Д.,Бутик,1,1753351.13,0,1753351.13,383456.1,1369895.04,VIP-103,Brand_Бре,Склад-Шым,0,completed
2025-08-16,LUX-10614,Серьги с изумрудом,Ювелирные изделия,Актау,Сатпаева А.,VIP-клиенты,1,4139554.66,0,4139554.66,1277781.14,2861773.52,VIP-563,Brand_Юве,Склад-Акт,0,completed
2026-05-15,LUX-10615,Колье из жемчуга,Ювелирные изделия,Алматы,Омаров Т.,VIP-клиенты,1,3915473.68,0,3915473.68,1425551.84,2489921.85,VIP-260,Brand_Юве,Склад-Алм,0,completed
2025-09-18,LUX-10616,Очки Ray-Ban,Аксессуары,Шымкент,Сатпаева А.,VIP-клиенты,1,242650.13,0,242650.13,59754.7,182895.43,VIP-104,Brand_Акс,Склад-Шым,0,completed
2025-09-09,LUX-10617,Туфли на шпильке,Брендовые вещи,Атырау,Сатпаева А.,Бутик,1,270783.31,0,270783.31,79715.18,191068.13,VIP-515,Brand_Бре,Склад-Аты,0,completed
2026-07-05,LUX-10618,Сумка Birkin,Брендовые вещи,Атырау,Ким А.,VIP-клиенты,1,1192492.04,0,1192492.04,407932.62,784559.41,VIP-24,Brand_Бре,Склад-Аты,0,completed
2025-11-14,LUX-10619,Туфли на шпильке,Брендовые вещи,Атырау,Ахметова Д.,Бутик,1,1145154.71,0,1145154.71,395845.88,749308.82,VIP-685,Brand_Бре,Склад-Аты,0,completed
2025-08-17,LUX-10620,Золотая цепь,Ювелирные изделия,Алматы,Ким А.,Бутик,1,1327351.25,0,1327351.25,432170.73,895180.52,VIP-940,Brand_Юве,Склад-Алм,0,completed
2026-04-05,LUX-10621,Платиновый браслет,Ювелирные изделия,Актау,Омаров Т.,Бутик,1,4163954.15,0,4163954.15,1020171.91,3143782.24,VIP-378,Brand_Юве,Склад-Акт,0,completed
2025-12-27,LUX-10622,Кожаный ремень,Аксессуары,Астана,Омаров Т.,Бутик,1,757189.73,0,757189.73,227748.4,529441.33,VIP-959,Brand_Акс,Склад-Аст,0,completed
2026-05-18,LUX-10623,Кожаный ремень,Аксессуары,Астана,Ахметова Д.,Бутик,1,1328790.36,0,1328790.36,439305.07,889485.29,VIP-898,Brand_Акс,Склад-Аст,0,completed
2026-05-16,LUX-10624,Запонки золотые,Аксессуары,Атырау,Ахметова Д.,Бутик,1,1121550.54,0,1121550.54,340356.98,781193.56,VIP-423,Brand_Акс,Склад-Аты,0,completed
2025-08-26,LUX-10625,Туфли на шпильке,Брендовые вещи,Алматы,Ахметова Д.,Бутик,1,267849.29,0,267849.29,103510.89,164338.41,VIP-235,Brand_Бре,Склад-Алм,0,completed
2026-05-01,LUX-10626,Chanel No 5,Парфюмерия,Атырау,Ахметова Д.,Бутик,1,191829.89,0,191829.89,73118.74,118711.15,VIP-104,Brand_Пар,Склад-Аты,1,returned
2025-08-04,LUX-10627,Часы Rolex,Аксессуары,Астана,Ахметова Д.,VIP-клиенты,1,1234576.49,15,1049390.02,369312.88,680077.14,VIP-725,Brand_Акс,Склад-Аст,0,completed
2026-06-21,LUX-10628,Клатч вечерний,Аксессуары,Актау,Омаров Т.,VIP-клиенты,1,590886.97,0,590886.97,128813.67,462073.29,VIP-273,Brand_Акс,Склад-Акт,0,completed
2025-10-30,LUX-10629,Tom Ford Oud Wood,Парфюмерия,Алматы,Омаров Т.,Бутик,1,102610.01,0,102610.01,38138.16,64471.85,VIP-385,Brand_Пар,Склад-Алм,0,completed
2025-09-06,LUX-10630,Клатч вечерний,Аксессуары,Атырау,Сатпаева А.,VIP-клиенты,1,129446.52,0,129446.52,33046.25,96400.27,VIP-84,Brand_Акс,Склад-Аты,0,completed
2026-02-06,LUX-10631,Кольцо с бриллиантом,Ювелирные изделия,Актау,Сатпаева А.,Онлайн-магазин,1,2908788.23,0,2908788.23,869197.23,2039591.0,VIP-555,Brand_Юве,Склад-Акт,0,completed
2026-05-15,LUX-10632,Кольцо с бриллиантом,Ювелирные изделия,Актау,Сатпаева А.,Бутик,1,406658.16,0,406658.16,118974.0,287684.16,VIP-472,Brand_Юве,Склад-Акт,0,completed
2025-11-07,LUX-10633,Кожаный ремень,Аксессуары,Астана,Сатпаева А.,Бутик,2,465791.73,0,931583.46,284917.81,646665.65,VIP-948,Brand_Акс,Склад-Аст,0,completed
2026-06-05,LUX-10634,Baccarat Rouge 540,Парфюмерия,Атырау,Ахметова Д.,Бутик,1,146048.67,0,146048.67,54470.36,91578.31,VIP-481,Brand_Пар,Склад-Аты,0,completed
2025-08-26,LUX-10635,Chanel No 5,Парфюмерия,Алматы,Ахметова Д.,Бутик,3,188908.53,0,566725.59,147756.93,418968.65,VIP-144,Brand_Пар,Склад-Алм,0,completed
2026-03-10,LUX-10636,Клатч вечерний,Аксессуары,Астана,Сатпаева А.,Бутик,1,715359.77,0,715359.77,187435.28,527924.48,VIP-651,Brand_Акс,Склад-Аст,0,completed
2026-01-31,LUX-10637,Chanel No 5,Парфюмерия,Атырау,Сатпаева А.,Бутик,1,157820.85,0,157820.85,45336.41,112484.44,VIP-487,Brand_Пар,Склад-Аты,0,completed
2026-02-24,LUX-10638,Шелковый платок,Брендовые вещи,Шымкент,Ким А.,VIP-клиенты,1,811097.77,15,689433.1,158282.55,531150.56,VIP-508,Brand_Бре,Склад-Шым,1,returned
2025-12-05,LUX-10639,Запонки золотые,Аксессуары,Атырау,Омаров Т.,Бутик,1,1395978.85,0,1395978.85,499378.66,896600.19,VIP-469,Brand_Акс,Склад-Аты,0,completed
2026-04-29,LUX-10640,Золотая цепь,Ювелирные изделия,Астана,Сатпаева А.,Бутик,1,860556.27,0,860556.27,274492.44,586063.84,VIP-157,Brand_Юве,Склад-Аст,0,completed
2025-09-01,LUX-10641,Jo Malone Wood Sage,Парфюмерия,Алматы,Ким А.,Бутик,1,67841.6,5,64449.52,22950.33,41499.19,VIP-635,Brand_Пар,Склад-Алм,0,completed
2025-09-19,LUX-10642,Шелковый платок,Брендовые вещи,Астана,Сатпаева А.,Бутик,1,1493519.51,0,1493519.51,365860.07,1127659.44,VIP-691,Brand_Бре,Склад-Аст,0,completed
2025-11-01,LUX-10643,Jo Malone Wood Sage,Парфюмерия,Алматы,Сатпаева А.,Бутик,1,103072.15,0,103072.15,24156.92,78915.23,VIP-950,Brand_Пар,Склад-Алм,0,completed
2025-10-01,LUX-10644,Кожаный ремень,Аксессуары,Актау,Ким А.,VIP-клиенты,1,473039.39,0,473039.39,183114.87,289924.53,VIP-50,Brand_Акс,Склад-Акт,0,completed
2026-07-14,LUX-10645,Jo Malone Wood Sage,Парфюмерия,Астана,Ким А.,VIP-клиенты,1,60182.17,0,60182.17,15745.62,44436.55,VIP-266,Brand_Пар,Склад-Аст,1,returned
2025-08-23,LUX-10646,Часы Rolex,Аксессуары,Алматы,Ким А.,Бутик,2,415175.66,0,830351.32,321256.15,509095.17,VIP-828,Brand_Акс,Склад-Алм,0,completed
2025-09-14,LUX-10647,Сумка Birkin,Брендовые вещи,Алматы,Омаров Т.,Бутик,1,1066269.12,0,1066269.12,297875.24,768393.88,VIP-244,Brand_Бре,Склад-Алм,0,completed
2026-05-07,LUX-10648,Chanel No 5,Парфюмерия,Актау,Омаров Т.,Онлайн-магазин,1,60650.85,0,60650.85,18108.64,42542.21,VIP-415,Brand_Пар,Склад-Акт,0,completed
2026-02-28,LUX-10649,Запонки золотые,Аксессуары,Астана,Ахметова Д.,VIP-клиенты,1,228267.02,5,216853.67,53616.91,163236.77,VIP-236,Brand_Акс,Склад-Аст,0,completed
2026-06-21,LUX-10650,Серьги с изумрудом,Ювелирные изделия,Атырау,Ким А.,Бутик,1,2621026.45,15,2227872.48,667762.9,1560109.58,VIP-734,Brand_Юве,Склад-Аты,1,returned
2026-05-25,LUX-10651,Колье из жемчуга,Ювелирные изделия,Актау,Ахметова Д.,Бутик,1,448870.0,5,426426.5,123595.4,302831.1,VIP-840,Brand_Юве,Склад-Акт,0,completed
2026-04-25,LUX-10652,Baccarat Rouge 540,Парфюмерия,Шымкент,Ким А.,VIP-клиенты,1,246101.88,0,246101.88,63439.89,182661.99,VIP-690,Brand_Пар,Склад-Шым,0,completed
2025-12-09,LUX-10653,Jo Malone Wood Sage,Парфюмерия,Шымкент,Сатпаева А.,Бутик,1,131467.23,0,131467.23,50338.75,81128.48,VIP-597,Brand_Пар,Склад-Шым,0,completed
2025-08-10,LUX-10654,Платье Haute Couture,Брендовые вещи,Атырау,Ахметова Д.,VIP-клиенты,2,612929.77,0,1225859.55,471009.84,754849.7,VIP-120,Brand_Бре,Склад-Аты,0,completed
2025-10-02,LUX-10655,Серьги с изумрудом,Ювелирные изделия,Шымкент,Ким А.,VIP-клиенты,1,744658.72,0,744658.72,179006.32,565652.39,VIP-802,Brand_Юве,Склад-Шым,0,completed
2025-10-01,LUX-10656,Платиновый браслет,Ювелирные изделия,Алматы,Сатпаева А.,Бутик,1,4072452.11,0,4072452.11,928313.88,3144138.23,VIP-841,Brand_Юве,Склад-Алм,0,completed
2025-09-15,LUX-10657,Часы Rolex,Аксессуары,Атырау,Омаров Т.,Бутик,1,441760.69,0,441760.69,171057.11,270703.58,VIP-274,Brand_Акс,Склад-Аты,0,completed
2026-03-28,LUX-10658,Золотая цепь,Ювелирные изделия,Атырау,Омаров Т.,VIP-клиенты,1,570932.57,0,570932.57,183470.19,387462.37,VIP-427,Brand_Юве,Склад-Аты,0,completed
2025-09-20,LUX-10659,Очки Ray-Ban,Аксессуары,Актау,Сатпаева А.,Бутик,1,432756.19,5,411118.38,114096.17,297022.21,VIP-64,Brand_Акс,Склад-Акт,0,completed
2026-05-29,LUX-10660,Золотая цепь,Ювелирные изделия,Актау,Сатпаева А.,VIP-клиенты,1,2169918.31,0,2169918.31,798540.0,1371378.32,VIP-508,Brand_Юве,Склад-Акт,0,completed
2026-05-03,LUX-10661,Очки Ray-Ban,Аксессуары,Шымкент,Сатпаева А.,VIP-клиенты,1,161525.45,0,161525.45,39730.59,121794.86,VIP-768,Brand_Акс,Склад-Шым,0,completed
2026-07-10,LUX-10662,Tom Ford Oud Wood,Парфюмерия,Атырау,Ахметова Д.,VIP-клиенты,3,116584.4,0,349753.19,107194.89,242558.3,VIP-535,Brand_Пар,Склад-Аты,0,completed
2026-05-12,LUX-10663,Серьги с изумрудом,Ювелирные изделия,Астана,Омаров Т.,Бутик,1,1184604.16,0,1184604.16,335074.13,849530.03,VIP-827,Brand_Юве,Склад-Аст,0,completed
2026-02-13,LUX-10664,Пиджак кроя Slim,Брендовые вещи,Шымкент,Сатпаева А.,Бутик,2,639182.79,0,1278365.58,405143.83,873221.75,VIP-464,Brand_Бре,Склад-Шым,0,completed
2025-10-09,LUX-10665,Tom Ford Oud Wood,Парфюмерия,Шымкент,Ахметова Д.,VIP-клиенты,1,66504.56,10,59854.11,21909.7,37944.41,VIP-119,Brand_Пар,Склад-Шым,0,completed
2026-02-10,LUX-10666,Кожаный ремень,Аксессуары,Алматы,Ахметова Д.,VIP-клиенты,1,574811.73,0,574811.73,132384.84,442426.88,VIP-424,Brand_Акс,Склад-Алм,0,completed
2025-09-16,LUX-10667,Кожаный ремень,Аксессуары,Астана,Ким А.,Бутик,1,261544.87,0,261544.87,65472.1,196072.77,VIP-556,Brand_Акс,Склад-Аст,0,completed
2026-01-11,LUX-10668,Очки Ray-Ban,Аксессуары,Атырау,Сатпаева А.,Бутик,2,985430.05,0,1970860.1,530381.56,1440478.54,VIP-532,Brand_Акс,Склад-Аты,0,completed
2025-12-26,LUX-10669,Серьги с изумрудом,Ювелирные изделия,Астана,Сатпаева А.,Бутик,1,1161279.59,0,1161279.59,272971.78,888307.82,VIP-650,Brand_Юве,Склад-Аст,0,completed
2026-06-20,LUX-10670,Клатч вечерний,Аксессуары,Астана,Ахметова Д.,Бутик,1,728242.97,15,619006.52,139421.67,479584.85,VIP-556,Brand_Акс,Склад-Аст,1,returned
2026-07-10,LUX-10671,Клатч вечерний,Аксессуары,Астана,Омаров Т.,VIP-клиенты,1,997039.22,0,997039.22,344620.83,652418.39,VIP-455,Brand_Акс,Склад-Аст,0,completed
2025-09-23,LUX-10672,Платье Haute Couture,Брендовые вещи,Астана,Сатпаева А.,VIP-клиенты,1,1034917.81,0,1034917.81,297478.24,737439.56,VIP-945,Brand_Бре,Склад-Аст,0,cancelled
2025-11-04,LUX-10673,Шелковый платок,Брендовые вещи,Шымкент,Омаров Т.,Бутик,1,173033.51,0,173033.51,66139.47,106894.04,VIP-790,Brand_Бре,Склад-Шым,0,completed
2026-07-09,LUX-10674,Часы Rolex,Аксессуары,Астана,Ким А.,Бутик,1,1462117.31,0,1462117.31,358113.76,1104003.55,VIP-508,Brand_Акс,Склад-Аст,0,completed
2026-06-22,LUX-10675,Tom Ford Oud Wood,Парфюмерия,Актау,Омаров Т.,Онлайн-магазин,1,177544.34,0,177544.34,37151.76,140392.58,VIP-753,Brand_Пар,Склад-Акт,0,completed
2025-10-08,LUX-10676,Часы Rolex,Аксессуары,Атырау,Омаров Т.,Бутик,1,660697.34,0,660697.34,214491.61,446205.73,VIP-398,Brand_Акс,Склад-Аты,0,completed
2026-02-18,LUX-10677,Dior Sauvage,Парфюмерия,Алматы,Сатпаева А.,VIP-клиенты,1,116662.43,0,116662.43,35425.18,81237.25,VIP-793,Brand_Пар,Склад-Алм,0,completed
2026-05-25,LUX-10678,Dior Sauvage,Парфюмерия,Алматы,Ким А.,VIP-клиенты,1,55117.97,5,52362.07,16631.14,35730.93,VIP-447,Brand_Пар,Склад-Алм,0,completed
2026-03-10,LUX-10679,Часы Rolex,Аксессуары,Актау,Омаров Т.,Бутик,1,220335.98,0,220335.98,79747.2,140588.78,VIP-667,Brand_Акс,Склад-Акт,0,completed
2025-10-24,LUX-10680,Сумка Birkin,Брендовые вещи,Шымкент,Ким А.,Бутик,1,2122112.56,0,2122112.56,625945.88,1496166.68,VIP-524,Brand_Бре,Склад-Шым,0,completed
2026-07-04,LUX-10681,Запонки золотые,Аксессуары,Алматы,Ким А.,VIP-клиенты,1,737818.52,0,737818.52,248842.5,488976.02,VIP-128,Brand_Акс,Склад-Алм,0,completed
2026-02-07,LUX-10682,Золотая цепь,Ювелирные изделия,Шымкент,Сатпаева А.,Бутик,1,1448835.42,10,1303951.88,278220.02,1025731.87,VIP-518,Brand_Юве,Склад-Шым,0,completed
2025-07-22,LUX-10683,Колье из жемчуга,Ювелирные изделия,Астана,Сатпаева А.,Бутик,1,3759811.07,0,3759811.07,1330208.71,2429602.36,VIP-966,Brand_Юве,Склад-Аст,0,completed
2026-02-14,LUX-10684,Tom Ford Oud Wood,Парфюмерия,Шымкент,Ахметова Д.,Бутик,1,140981.1,0,140981.1,42599.08,98382.03,VIP-877,Brand_Пар,Склад-Шым,0,completed
2026-01-18,LUX-10685,Золотая цепь,Ювелирные изделия,Алматы,Омаров Т.,VIP-клиенты,1,3631434.86,0,3631434.86,936039.88,2695394.98,VIP-586,Brand_Юве,Склад-Алм,0,cancelled
2025-10-14,LUX-10686,Очки Ray-Ban,Аксессуары,Астана,Ким А.,Бутик,1,1351186.39,0,1351186.39,288335.71,1062850.68,VIP-346,Brand_Акс,Склад-Аст,0,completed
2026-01-27,LUX-10687,Платиновый браслет,Ювелирные изделия,Алматы,Ким А.,VIP-клиенты,1,1320301.75,0,1320301.75,410015.64,910286.1,VIP-20,Brand_Юве,Склад-Алм,0,completed
2026-04-16,LUX-10688,Шелковый платок,Брендовые вещи,Атырау,Омаров Т.,Онлайн-магазин,1,1096933.26,0,1096933.26,358702.88,738230.37,VIP-79,Brand_Бре,Склад-Аты,0,completed
2025-12-12,LUX-10689,Часы Rolex,Аксессуары,Алматы,Ким А.,Бутик,1,1030075.96,15,875564.57,228340.34,647224.23,VIP-582,Brand_Акс,Склад-Алм,0,completed
2026-01-28,LUX-10690,Пиджак кроя Slim,Брендовые вещи,Астана,Сатпаева А.,Бутик,3,1093315.83,0,3279947.48,922113.25,2357834.23,VIP-264,Brand_Бре,Склад-Аст,0,completed
2025-11-20,LUX-10691,Запонки золотые,Аксессуары,Шымкент,Сатпаева А.,Бутик,1,1359652.51,0,1359652.51,496646.47,863006.05,VIP-151,Brand_Акс,Склад-Шым,0,completed
2026-05-29,LUX-10692,Золотая цепь,Ювелирные изделия,Атырау,Ахметова Д.,Бутик,1,1050330.76,15,892781.15,234190.94,658590.21,VIP-325,Brand_Юве,Склад-Аты,0,completed
2025-11-09,LUX-10693,Пиджак кроя Slim,Брендовые вещи,Шымкент,Ким А.,VIP-клиенты,3,642823.04,10,1735622.21,410902.43,1324719.78,VIP-982,Brand_Бре,Склад-Шым,3,returned
2025-12-02,LUX-10694,Клатч вечерний,Аксессуары,Алматы,Ким А.,Бутик,1,1359512.18,0,1359512.18,379490.71,980021.47,VIP-844,Brand_Акс,Склад-Алм,0,completed
2026-03-26,LUX-10695,Колье из жемчуга,Ювелирные изделия,Шымкент,Сатпаева А.,Бутик,1,1126408.8,0,1126408.8,418149.11,708259.69,VIP-577,Brand_Юве,Склад-Шым,0,completed
2025-09-20,LUX-10696,Очки Ray-Ban,Аксессуары,Шымкент,Омаров Т.,VIP-клиенты,1,724566.58,0,724566.58,200224.33,524342.25,VIP-828,Brand_Акс,Склад-Шым,0,completed
2025-08-13,LUX-10697,Золотая цепь,Ювелирные изделия,Алматы,Омаров Т.,VIP-клиенты,1,2249298.56,0,2249298.56,504394.67,1744903.89,VIP-757,Brand_Юве,Склад-Алм,0,completed
2025-07-30,LUX-10698,Туфли на шпильке,Брендовые вещи,Атырау,Омаров Т.,Бутик,1,226000.2,0,226000.2,86524.47,139475.73,VIP-576,Brand_Бре,Склад-Аты,0,completed
2025-12-14,LUX-10699,Колье из жемчуга,Ювелирные изделия,Шымкент,Сатпаева А.,VIP-клиенты,1,746169.56,0,746169.56,282175.19,463994.37,VIP-57,Brand_Юве,Склад-Шым,0,completed
2025-08-28,LUX-10700,Baccarat Rouge 540,Парфюмерия,Астана,Омаров Т.,Бутик,1,159297.27,0,159297.27,50748.84,108548.43,VIP-112,Brand_Пар,Склад-Аст,0,completed
2026-01-09,LUX-10701,Серьги с изумрудом,Ювелирные изделия,Актау,Омаров Т.,VIP-клиенты,1,872691.2,10,785422.08,256746.32,528675.76,VIP-424,Brand_Юве,Склад-Акт,0,completed
2025-10-01,LUX-10702,Платиновый браслет,Ювелирные изделия,Атырау,Ким А.,VIP-клиенты,1,1212827.19,0,1212827.19,254582.19,958245.0,VIP-961,Brand_Юве,Склад-Аты,0,completed
2025-11-29,LUX-10703,Кожаный ремень,Аксессуары,Астана,Ахметова Д.,Онлайн-магазин,3,567709.86,0,1703129.57,623499.72,1079629.84,VIP-380,Brand_Акс,Склад-Аст,0,completed
2026-02-23,LUX-10704,Клатч вечерний,Аксессуары,Атырау,Ахметова Д.,Онлайн-магазин,1,181590.38,0,181590.38,49405.46,132184.92,VIP-274,Brand_Акс,Склад-Аты,0,completed
2026-07-13,LUX-10705,Клатч вечерний,Аксессуары,Алматы,Сатпаева А.,Бутик,1,943371.2,0,943371.2,212742.91,730628.29,VIP-867,Brand_Акс,Склад-Алм,0,completed
2026-02-14,LUX-10706,Клатч вечерний,Аксессуары,Астана,Ким А.,VIP-клиенты,1,509612.04,0,509612.04,114647.29,394964.75,VIP-921,Brand_Акс,Склад-Аст,0,completed
2025-09-16,LUX-10707,Запонки золотые,Аксессуары,Астана,Омаров Т.,Бутик,1,1264402.02,0,1264402.02,392734.81,871667.21,VIP-475,Brand_Акс,Склад-Аст,0,completed
2025-11-15,LUX-10708,Кольцо с бриллиантом,Ювелирные изделия,Алматы,Ким А.,VIP-клиенты,1,1341752.7,0,1341752.7,422161.67,919591.03,VIP-815,Brand_Юве,Склад-Алм,0,completed
2025-09-08,LUX-10709,Очки Ray-Ban,Аксессуары,Актау,Омаров Т.,VIP-клиенты,1,279562.98,0,279562.98,76031.27,203531.71,VIP-930,Brand_Акс,Склад-Акт,0,completed
2025-09-27,LUX-10710,Пиджак кроя Slim,Брендовые вещи,Алматы,Ким А.,Бутик,1,355612.87,0,355612.87,83239.53,272373.35,VIP-402,Brand_Бре,Склад-Алм,0,completed
2025-12-29,LUX-10711,Часы Rolex,Аксессуары,Шымкент,Сатпаева А.,Бутик,1,1370356.6,0,1370356.6,392656.77,977699.83,VIP-171,Brand_Акс,Склад-Шым,0,completed
2025-07-25,LUX-10712,Chanel No 5,Парфюмерия,Шымкент,Сатпаева А.,Бутик,1,161376.18,15,137169.76,34352.39,102817.37,VIP-88,Brand_Пар,Склад-Шым,0,completed
2025-10-23,LUX-10713,Шелковый платок,Брендовые вещи,Астана,Ахметова Д.,Бутик,2,1325258.16,0,2650516.33,1019632.9,1630883.42,VIP-529,Brand_Бре,Склад-Аст,0,completed
2026-07-11,LUX-10714,Baccarat Rouge 540,Парфюмерия,Алматы,Омаров Т.,Бутик,1,65927.45,0,65927.45,19927.13,46000.31,VIP-121,Brand_Пар,Склад-Алм,0,completed
2026-03-26,LUX-10715,Шелковый платок,Брендовые вещи,Астана,Сатпаева А.,Бутик,1,1838232.83,15,1562497.9,331172.07,1231325.83,VIP-177,Brand_Бре,Склад-Аст,0,completed
2025-11-13,LUX-10716,Dior Sauvage,Парфюмерия,Шымкент,Ахметова Д.,Онлайн-магазин,1,191832.57,0,191832.57,75276.17,116556.41,VIP-646,Brand_Пар,Склад-Шым,0,completed
2025-08-21,LUX-10717,Сумка Birkin,Брендовые вещи,Шымкент,Ким А.,Бутик,1,206829.87,0,206829.87,42293.25,164536.62,VIP-768,Brand_Бре,Склад-Шым,0,completed
2026-04-04,LUX-10718,Кожаный ремень,Аксессуары,Алматы,Сатпаева А.,VIP-клиенты,1,654750.34,0,654750.34,176929.32,477821.03,VIP-765,Brand_Акс,Склад-Алм,0,completed
2026-03-01,LUX-10719,Сумка Birkin,Брендовые вещи,Актау,Сатпаева А.,Онлайн-магазин,1,885633.76,15,752788.7,253016.3,499772.4,VIP-528,Brand_Бре,Склад-Акт,0,completed
2025-09-18,LUX-10720,Baccarat Rouge 540,Парфюмерия,Шымкент,Сатпаева А.,Бутик,1,162208.48,0,162208.48,64036.72,98171.76,VIP-266,Brand_Пар,Склад-Шым,0,cancelled
2026-01-30,LUX-10721,Клатч вечерний,Аксессуары,Шымкент,Омаров Т.,Бутик,1,1258586.07,0,1258586.07,471863.56,786722.51,VIP-967,Brand_Акс,Склад-Шым,0,completed
2026-04-07,LUX-10722,Шелковый платок,Брендовые вещи,Шымкент,Омаров Т.,Бутик,1,2074711.94,0,2074711.94,812286.2,1262425.74,VIP-659,Brand_Бре,Склад-Шым,0,completed
2026-04-28,LUX-10723,Туфли на шпильке,Брендовые вещи,Алматы,Сатпаева А.,Бутик,1,457503.86,10,411753.48,133488.9,278264.58,VIP-51,Brand_Бре,Склад-Алм,0,completed
2026-02-13,LUX-10724,Очки Ray-Ban,Аксессуары,Астана,Ким А.,Бутик,1,116698.62,0,116698.62,41806.66,74891.96,VIP-53,Brand_Акс,Склад-Аст,0,completed
2026-06-08,LUX-10725,Золотая цепь,Ювелирные изделия,Шымкент,Ким А.,Онлайн-магазин,1,1595695.62,0,1595695.62,348451.2,1247244.41,VIP-212,Brand_Юве,Склад-Шым,0,completed
2025-10-02,LUX-10726,Платье Haute Couture,Брендовые вещи,Актау,Омаров Т.,Бутик,3,225212.19,0,675636.57,227419.03,448217.54,VIP-254,Brand_Бре,Склад-Акт,0,completed
2025-11-03,LUX-10727,Золотая цепь,Ювелирные изделия,Актау,Ахметова Д.,Бутик,1,4102994.42,0,4102994.42,1640090.68,2462903.74,VIP-927,Brand_Юве,Склад-Акт,0,completed
2025-12-29,LUX-10728,Серьги с изумрудом,Ювелирные изделия,Шымкент,Ахметова Д.,Бутик,1,2037966.85,15,1732271.82,545898.23,1186373.59,VIP-761,Brand_Юве,Склад-Шым,0,completed
2025-10-30,LUX-10729,Dior Sauvage,Парфюмерия,Шымкент,Омаров Т.,Бутик,1,226496.11,0,226496.11,58505.03,167991.08,VIP-41,Brand_Пар,Склад-Шым,0,completed
2025-12-04,LUX-10730,Золотая цепь,Ювелирные изделия,Актау,Омаров Т.,VIP-клиенты,2,4857483.91,0,9714967.82,3613645.81,6101322.01,VIP-179,Brand_Юве,Склад-Акт,0,completed
2026-07-12,LUX-10731,Золотая цепь,Ювелирные изделия,Атырау,Омаров Т.,Бутик,1,406844.69,0,406844.69,124027.69,282817.0,VIP-544,Brand_Юве,Склад-Аты,0,completed
2026-07-11,LUX-10732,Кожаный ремень,Аксессуары,Алматы,Омаров Т.,Онлайн-магазин,1,640413.51,0,640413.51,227987.7,412425.81,VIP-575,Brand_Акс,Склад-Алм,0,completed
2026-04-30,LUX-10733,Запонки золотые,Аксессуары,Алматы,Ким А.,Бутик,1,971734.03,0,971734.03,248677.56,723056.47,VIP-550,Brand_Акс,Склад-Алм,0,completed
2026-05-15,LUX-10734,Dior Sauvage,Парфюмерия,Алматы,Сатпаева А.,Бутик,1,216527.87,0,216527.87,68839.34,147688.53,VIP-691,Brand_Пар,Склад-Алм,0,completed
2025-11-20,LUX-10735,Туфли на шпильке,Брендовые вещи,Актау,Ахметова Д.,Бутик,1,391209.75,0,391209.75,90770.1,300439.64,VIP-530,Brand_Бре,Склад-Акт,0,completed
2026-07-09,LUX-10736,Запонки золотые,Аксессуары,Шымкент,Ким А.,Бутик,1,1296010.62,0,1296010.62,429078.61,866932.0,VIP-180,Brand_Акс,Склад-Шым,0,completed
2026-07-05,LUX-10737,Серьги с изумрудом,Ювелирные изделия,Актау,Ким А.,Бутик,1,1053946.13,0,1053946.13,363691.97,690254.16,VIP-274,Brand_Юве,Склад-Акт,0,completed
2025-11-15,LUX-10738,Платиновый браслет,Ювелирные изделия,Астана,Сатпаева А.,VIP-клиенты,1,4824782.74,15,4101065.33,996599.62,3104465.71,VIP-675,Brand_Юве,Склад-Аст,0,completed
2025-09-18,LUX-10739,Очки Ray-Ban,Аксессуары,Актау,Омаров Т.,Бутик,1,434407.58,0,434407.58,98342.26,336065.32,VIP-661,Brand_Акс,Склад-Акт,0,completed
2026-06-24,LUX-10740,Туфли на шпильке,Брендовые вещи,Атырау,Ким А.,Онлайн-магазин,1,1906010.49,0,1906010.49,593021.1,1312989.4,VIP-296,Brand_Бре,Склад-Аты,0,completed
2025-12-29,LUX-10741,Золотая цепь,Ювелирные изделия,Алматы,Ким А.,VIP-клиенты,1,2538015.38,0,2538015.38,547868.29,1990147.09,VIP-143,Brand_Юве,Склад-Алм,0,completed
2026-02-05,LUX-10742,Chanel No 5,Парфюмерия,Актау,Ким А.,Онлайн-магазин,1,157418.66,0,157418.66,53159.8,104258.86,VIP-832,Brand_Пар,Склад-Акт,0,completed
2025-10-18,LUX-10743,Колье из жемчуга,Ювелирные изделия,Алматы,Ким А.,Бутик,1,2863980.46,0,2863980.46,967496.28,1896484.17,VIP-446,Brand_Юве,Склад-Алм,0,completed
2026-03-16,LUX-10744,Jo Malone Wood Sage,Парфюмерия,Шымкент,Сатпаева А.,Онлайн-магазин,1,222789.97,0,222789.97,68659.47,154130.49,VIP-504,Brand_Пар,Склад-Шым,0,completed
2026-03-04,LUX-10745,Часы Rolex,Аксессуары,Астана,Омаров Т.,Онлайн-магазин,1,1196909.71,0,1196909.71,308760.62,888149.09,VIP-519,Brand_Акс,Склад-Аст,0,completed
2025-11-13,LUX-10746,Колье из жемчуга,Ювелирные изделия,Астана,Ким А.,VIP-клиенты,1,2964488.09,0,2964488.09,823902.9,2140585.19,VIP-570,Brand_Юве,Склад-Аст,0,completed
2025-08-26,LUX-10747,Часы Rolex,Аксессуары,Астана,Ким А.,Бутик,1,690042.57,0,690042.57,176496.84,513545.73,VIP-859,Brand_Акс,Склад-Аст,0,completed
2025-10-09,LUX-10748,Baccarat Rouge 540,Парфюмерия,Шымкент,Омаров Т.,Бутик,1,87650.49,5,83267.96,28104.65,55163.32,VIP-774,Brand_Пар,Склад-Шым,0,completed
2025-11-22,LUX-10749,Пиджак кроя Slim,Брендовые вещи,Атырау,Омаров Т.,VIP-клиенты,1,951410.43,0,951410.43,263648.41,687762.02,VIP-980,Brand_Бре,Склад-Аты,0,completed
2026-03-15,LUX-10750,Клатч вечерний,Аксессуары,Атырау,Сатпаева А.,Бутик,1,661834.83,0,661834.83,227245.78,434589.05,VIP-835,Brand_Акс,Склад-Аты,0,completed
2026-01-13,LUX-10751,Туфли на шпильке,Брендовые вещи,Атырау,Сатпаева А.,VIP-клиенты,1,1318920.29,0,1318920.29,359437.49,959482.8,VIP-230,Brand_Бре,Склад-Аты,0,completed
2025-10-26,LUX-10752,Сумка Birkin,Брендовые вещи,Астана,Сатпаева А.,Бутик,1,606819.1,0,606819.1,215814.87,391004.23,VIP-119,Brand_Бре,Склад-Аст,0,completed
2025-10-14,LUX-10753,Платиновый браслет,Ювелирные изделия,Актау,Ким А.,VIP-клиенты,1,2121307.35,0,2121307.35,672271.58,1449035.76,VIP-186,Brand_Юве,Склад-Акт,0,completed
2025-09-09,LUX-10754,Клатч вечерний,Аксессуары,Шымкент,Омаров Т.,Бутик,1,1326887.26,0,1326887.26,382568.09,944319.16,VIP-117,Brand_Акс,Склад-Шым,0,completed
2025-11-20,LUX-10755,Baccarat Rouge 540,Парфюмерия,Астана,Сатпаева А.,Бутик,2,90067.77,5,171128.77,44620.12,126508.65,VIP-802,Brand_Пар,Склад-Аст,0,cancelled
2026-05-02,LUX-10756,Очки Ray-Ban,Аксессуары,Актау,Омаров Т.,Бутик,3,1423038.93,0,4269116.79,1405014.77,2864102.01,VIP-430,Brand_Акс,Склад-Акт,3,returned
2025-08-19,LUX-10757,Часы Rolex,Аксессуары,Астана,Сатпаева А.,Бутик,1,1313204.46,0,1313204.46,395147.63,918056.83,VIP-864,Brand_Акс,Склад-Аст,0,completed
2025-12-15,LUX-10758,Tom Ford Oud Wood,Парфюмерия,Атырау,Сатпаева А.,Бутик,1,195792.1,0,195792.1,77939.05,117853.05,VIP-669,Brand_Пар,Склад-Аты,0,completed
2025-08-30,LUX-10759,Платиновый браслет,Ювелирные изделия,Актау,Ахметова Д.,Онлайн-магазин,1,4312817.68,0,4312817.68,886933.13,3425884.55,VIP-838,Brand_Юве,Склад-Акт,1,returned
2025-08-30,LUX-10760,Jo Malone Wood Sage,Парфюмерия,Астана,Сатпаева А.,Бутик,3,72285.41,5,206013.41,43809.23,162204.18,VIP-28,Brand_Пар,Склад-Аст,3,returned
2025-10-07,LUX-10761,Chanel No 5,Парфюмерия,Атырау,Ахметова Д.,Бутик,1,153900.61,0,153900.61,60886.13,93014.49,VIP-814,Brand_Пар,Склад-Аты,0,completed
2026-06-26,LUX-10762,Кожаный ремень,Аксессуары,Астана,Ахметова Д.,Бутик,1,798265.51,0,798265.51,314568.36,483697.16,VIP-152,Brand_Акс,Склад-Аст,0,completed
2025-09-16,LUX-10763,Шелковый платок,Брендовые вещи,Шымкент,Ким А.,Бутик,1,1108181.31,15,941954.12,243286.1,698668.02,VIP-289,Brand_Бре,Склад-Шым,0,completed
2025-12-29,LUX-10764,Клатч вечерний,Аксессуары,Шымкент,Сатпаева А.,Бутик,1,1470308.92,0,1470308.92,357678.08,1112630.84,VIP-562,Brand_Акс,Склад-Шым,0,completed
2026-05-27,LUX-10765,Кольцо с бриллиантом,Ювелирные изделия,Актау,Омаров Т.,VIP-клиенты,3,1915808.1,15,4885310.65,1607464.56,3277846.09,VIP-455,Brand_Юве,Склад-Акт,0,completed
2025-08-11,LUX-10766,Золотая цепь,Ювелирные изделия,Алматы,Ким А.,Бутик,1,1499503.54,0,1499503.54,464225.97,1035277.58,VIP-439,Brand_Юве,Склад-Алм,0,completed
2026-03-03,LUX-10767,Jo Malone Wood Sage,Парфюмерия,Алматы,Ахметова Д.,Бутик,1,104166.28,15,88541.34,25086.31,63455.03,VIP-128,Brand_Пар,Склад-Алм,0,completed
2026-02-20,LUX-10768,Серьги с изумрудом,Ювелирные изделия,Алматы,Омаров Т.,Бутик,2,4613913.33,0,9227826.65,3604320.15,5623506.51,VIP-856,Brand_Юве,Склад-Алм,2,returned
2026-06-09,LUX-10769,Кольцо с бриллиантом,Ювелирные изделия,Шымкент,Сатпаева А.,Бутик,1,3317232.19,0,3317232.19,914636.94,2402595.25,VIP-892,Brand_Юве,Склад-Шым,0,completed
2026-03-18,LUX-10770,Сумка Birkin,Брендовые вещи,Астана,Ахметова Д.,Бутик,1,1617183.38,10,1455465.04,554522.8,900942.24,VIP-282,Brand_Бре,Склад-Аст,0,completed
2025-07-15,LUX-10771,Кожаный ремень,Аксессуары,Алматы,Омаров Т.,Бутик,1,1198736.79,0,1198736.79,314500.49,884236.3,VIP-12,Brand_Акс,Склад-Алм,0,completed
2026-05-23,LUX-10772,Шелковый платок,Брендовые вещи,Актау,Омаров Т.,VIP-клиенты,2,1988207.89,5,3777594.99,1509063.79,2268531.2,VIP-50,Brand_Бре,Склад-Акт,0,completed
2026-03-17,LUX-10773,Туфли на шпильке,Брендовые вещи,Астана,Сатпаева А.,Бутик,1,522139.39,0,522139.39,122301.69,399837.7,VIP-809,Brand_Бре,Склад-Аст,0,completed
2026-03-22,LUX-10774,Пиджак кроя Slim,Брендовые вещи,Алматы,Ахметова Д.,Бутик,1,459768.15,0,459768.15,136215.03,323553.12,VIP-58,Brand_Бре,Склад-Алм,0,completed
2025-11-26,LUX-10775,Jo Malone Wood Sage,Парфюмерия,Астана,Ахметова Д.,Бутик,1,133049.89,5,126397.4,41451.16,84946.24,VIP-335,Brand_Пар,Склад-Аст,0,completed
2025-08-27,LUX-10776,Chanel No 5,Парфюмерия,Алматы,Омаров Т.,Бутик,1,223589.24,0,223589.24,64144.24,159445.0,VIP-218,Brand_Пар,Склад-Алм,0,completed
2026-05-02,LUX-10777,Клатч вечерний,Аксессуары,Алматы,Сатпаева А.,VIP-клиенты,1,252424.74,0,252424.74,96732.38,155692.36,VIP-137,Brand_Акс,Склад-Алм,0,completed
2025-08-21,LUX-10778,Кожаный ремень,Аксессуары,Актау,Сатпаева А.,Бутик,1,365794.33,0,365794.33,81307.2,284487.13,VIP-260,Brand_Акс,Склад-Акт,0,completed
2025-08-15,LUX-10779,Tom Ford Oud Wood,Парфюмерия,Астана,Сатпаева А.,Бутик,1,172162.29,0,172162.29,59535.99,112626.3,VIP-836,Brand_Пар,Склад-Аст,0,completed
2025-10-07,LUX-10780,Запонки золотые,Аксессуары,Атырау,Омаров Т.,Онлайн-магазин,1,456873.32,0,456873.32,156401.69,300471.63,VIP-32,Brand_Акс,Склад-Аты,0,completed
2025-11-28,LUX-10781,Baccarat Rouge 540,Парфюмерия,Актау,Сатпаева А.,VIP-клиенты,1,147728.53,0,147728.53,48985.16,98743.36,VIP-178,Brand_Пар,Склад-Акт,0,completed
2026-01-06,LUX-10782,Jo Malone Wood Sage,Парфюмерия,Актау,Ахметова Д.,Бутик,2,221348.25,0,442696.49,160761.35,281935.15,VIP-813,Brand_Пар,Склад-Акт,0,completed
2025-10-30,LUX-10783,Часы Rolex,Аксессуары,Актау,Ким А.,Бутик,1,823171.21,0,823171.21,195524.53,627646.68,VIP-627,Brand_Акс,Склад-Акт,0,completed
2025-09-03,LUX-10784,Baccarat Rouge 540,Парфюмерия,Актау,Ким А.,Бутик,1,83074.79,0,83074.79,29830.62,53244.17,VIP-27,Brand_Пар,Склад-Акт,0,completed
2025-09-20,LUX-10785,Baccarat Rouge 540,Парфюмерия,Алматы,Ахметова Д.,VIP-клиенты,1,220786.52,0,220786.52,51509.9,169276.61,VIP-501,Brand_Пар,Склад-Алм,0,completed
2026-06-14,LUX-10786,Часы Rolex,Аксессуары,Шымкент,Омаров Т.,Бутик,1,1344054.62,0,1344054.62,469649.65,874404.97,VIP-480,Brand_Акс,Склад-Шым,0,completed
2026-01-24,LUX-10787,Tom Ford Oud Wood,Парфюмерия,Алматы,Ким А.,VIP-клиенты,2,132246.37,0,264492.73,52939.29,211553.45,VIP-922,Brand_Пар,Склад-Алм,0,completed
2026-03-15,LUX-10788,Tom Ford Oud Wood,Парфюмерия,Алматы,Омаров Т.,VIP-клиенты,1,181206.35,0,181206.35,36562.53,144643.82,VIP-61,Brand_Пар,Склад-Алм,0,cancelled
2025-08-12,LUX-10789,Сумка Birkin,Брендовые вещи,Астана,Сатпаева А.,Бутик,1,1184824.88,10,1066342.4,393177.78,673164.62,VIP-664,Brand_Бре,Склад-Аст,0,completed
2026-05-06,LUX-10790,Шелковый платок,Брендовые вещи,Астана,Ахметова Д.,Бутик,3,688322.03,0,2064966.1,684033.99,1380932.12,VIP-938,Brand_Бре,Склад-Аст,0,completed
2026-05-25,LUX-10791,Часы Rolex,Аксессуары,Астана,Ахметова Д.,Бутик,1,1004553.03,5,954325.38,203824.66,750500.72,VIP-918,Brand_Акс,Склад-Аст,0,completed
2025-12-29,LUX-10792,Платиновый браслет,Ювелирные изделия,Шымкент,Ахметова Д.,Бутик,1,2258150.49,0,2258150.49,858935.16,1399215.33,VIP-759,Brand_Юве,Склад-Шым,0,completed
2026-03-30,LUX-10793,Tom Ford Oud Wood,Парфюмерия,Атырау,Ахметова Д.,VIP-клиенты,1,196980.81,0,196980.81,50330.43,146650.37,VIP-146,Brand_Пар,Склад-Аты,0,completed
2025-09-06,LUX-10794,Золотая цепь,Ювелирные изделия,Алматы,Сатпаева А.,VIP-клиенты,1,4637343.39,0,4637343.39,1536558.08,3100785.31,VIP-301,Brand_Юве,Склад-Алм,0,completed
2026-05-14,LUX-10795,Очки Ray-Ban,Аксессуары,Алматы,Омаров Т.,Онлайн-магазин,1,911722.5,0,911722.5,191051.54,720670.96,VIP-428,Brand_Акс,Склад-Алм,0,completed
2026-07-08,LUX-10796,Шелковый платок,Брендовые вещи,Актау,Омаров Т.,VIP-клиенты,1,649095.47,5,616640.69,239547.08,377093.61,VIP-844,Brand_Бре,Склад-Акт,0,completed
2025-12-15,LUX-10797,Кожаный ремень,Аксессуары,Шымкент,Ким А.,Бутик,1,1013931.96,0,1013931.96,340348.59,673583.37,VIP-696,Brand_Акс,Склад-Шым,0,completed
2025-11-03,LUX-10798,Очки Ray-Ban,Аксессуары,Атырау,Омаров Т.,Бутик,1,1481234.65,10,1333111.18,343247.89,989863.29,VIP-829,Brand_Акс,Склад-Аты,0,completed
2026-03-05,LUX-10799,Клатч вечерний,Аксессуары,Астана,Омаров Т.,Онлайн-магазин,1,935325.89,0,935325.89,369636.21,565689.68,VIP-938,Brand_Акс,Склад-Аст,1,returned
2026-04-20,LUX-10800,Tom Ford Oud Wood,Парфюмерия,Астана,Сатпаева А.,Бутик,1,51293.22,0,51293.22,19211.36,32081.86,VIP-913,Brand_Пар,Склад-Аст,0,completed
2025-08-27,LUX-10801,Шелковый платок,Брендовые вещи,Актау,Омаров Т.,Бутик,1,1778505.44,0,1778505.44,501046.57,1277458.87,VIP-157,Brand_Бре,Склад-Акт,0,completed
2026-06-19,LUX-10802,Кожаный ремень,Аксессуары,Актау,Ким А.,Онлайн-магазин,1,1404256.2,0,1404256.2,404461.38,999794.81,VIP-661,Brand_Акс,Склад-Акт,0,completed
2025-08-11,LUX-10803,Туфли на шпильке,Брендовые вещи,Алматы,Ахметова Д.,Бутик,1,252618.57,0,252618.57,100835.55,151783.03,VIP-321,Brand_Бре,Склад-Алм,0,completed
2026-04-09,LUX-10804,Часы Rolex,Аксессуары,Шымкент,Сатпаева А.,VIP-клиенты,1,565113.69,0,565113.69,160473.32,404640.37,VIP-899,Brand_Акс,Склад-Шым,0,completed
2026-04-11,LUX-10805,Chanel No 5,Парфюмерия,Шымкент,Ахметова Д.,Бутик,1,139763.01,0,139763.01,29989.08,109773.93,VIP-870,Brand_Пар,Склад-Шым,0,cancelled
2026-05-06,LUX-10806,Baccarat Rouge 540,Парфюмерия,Атырау,Омаров Т.,VIP-клиенты,2,234132.28,0,468264.56,105325.7,362938.87,VIP-703,Brand_Пар,Склад-Аты,0,completed
2025-09-21,LUX-10807,Серьги с изумрудом,Ювелирные изделия,Актау,Ким А.,Бутик,1,3080856.91,0,3080856.91,1037043.55,2043813.36,VIP-680,Brand_Юве,Склад-Акт,1,returned
2025-07-27,LUX-10808,Dior Sauvage,Парфюмерия,Шымкент,Ахметова Д.,Онлайн-магазин,1,226095.45,15,192181.14,47131.89,145049.24,VIP-468,Brand_Пар,Склад-Шым,0,completed
2026-04-13,LUX-10809,Очки Ray-Ban,Аксессуары,Актау,Ким А.,Бутик,3,920242.23,0,2760726.68,1083947.48,1676779.2,VIP-426,Brand_Акс,Склад-Акт,0,completed
2025-08-28,LUX-10810,Tom Ford Oud Wood,Парфюмерия,Шымкент,Сатпаева А.,Бутик,1,71847.07,0,71847.07,22754.55,49092.52,VIP-439,Brand_Пар,Склад-Шым,0,completed
2026-06-13,LUX-10811,Dior Sauvage,Парфюмерия,Алматы,Ахметова Д.,Бутик,1,123017.72,0,123017.72,42551.6,80466.12,VIP-135,Brand_Пар,Склад-Алм,0,completed
2026-04-13,LUX-10812,Кожаный ремень,Аксессуары,Шымкент,Ахметова Д.,Бутик,2,1080668.73,0,2161337.45,528088.45,1633249.01,VIP-156,Brand_Акс,Склад-Шым,0,completed
2026-04-08,LUX-10813,Платиновый браслет,Ювелирные изделия,Актау,Омаров Т.,VIP-клиенты,2,3708639.18,0,7417278.36,1589365.97,5827912.39,VIP-131,Brand_Юве,Склад-Акт,0,completed
2026-02-13,LUX-10814,Dior Sauvage,Парфюмерия,Атырау,Сатпаева А.,Бутик,3,126112.72,0,378338.17,142377.09,235961.08,VIP-297,Brand_Пар,Склад-Аты,0,completed
2025-09-15,LUX-10815,Шелковый платок,Брендовые вещи,Шымкент,Ахметова Д.,Бутик,1,735544.71,5,698767.48,149184.18,549583.3,VIP-697,Brand_Бре,Склад-Шым,0,completed
2026-02-13,LUX-10816,Шелковый платок,Брендовые вещи,Атырау,Сатпаева А.,VIP-клиенты,1,297893.3,0,297893.3,116224.47,181668.83,VIP-579,Brand_Бре,Склад-Аты,0,completed
2026-05-09,LUX-10817,Колье из жемчуга,Ювелирные изделия,Шымкент,Ахметова Д.,VIP-клиенты,1,4701793.69,0,4701793.69,1526722.22,3175071.47,VIP-732,Brand_Юве,Склад-Шым,0,completed
2026-01-21,LUX-10818,Туфли на шпильке,Брендовые вещи,Астана,Сатпаева А.,Бутик,1,878901.47,0,878901.47,315457.35,563444.12,VIP-216,Brand_Бре,Склад-Аст,0,completed
2026-06-19,LUX-10819,Шелковый платок,Брендовые вещи,Атырау,Омаров Т.,Бутик,2,902310.93,0,1804621.86,712992.4,1091629.46,VIP-46,Brand_Бре,Склад-Аты,0,completed
2026-01-27,LUX-10820,Колье из жемчуга,Ювелирные изделия,Астана,Омаров Т.,Бутик,1,2862740.64,0,2862740.64,759414.26,2103326.38,VIP-414,Brand_Юве,Склад-Аст,0,completed
2025-10-04,LUX-10821,Клатч вечерний,Аксессуары,Алматы,Сатпаева А.,Бутик,1,511807.13,0,511807.13,140608.4,371198.73,VIP-985,Brand_Акс,Склад-Алм,0,completed
2026-05-09,LUX-10822,Клатч вечерний,Аксессуары,Атырау,Омаров Т.,Бутик,1,643099.98,0,643099.98,253964.31,389135.67,VIP-113,Brand_Акс,Склад-Аты,0,completed
2025-10-11,LUX-10823,Колье из жемчуга,Ювелирные изделия,Актау,Омаров Т.,Бутик,1,661963.56,5,628865.38,183557.43,445307.95,VIP-988,Brand_Юве,Склад-Акт,0,completed
2025-09-30,LUX-10824,Золотая цепь,Ювелирные изделия,Астана,Омаров Т.,Бутик,1,1179309.14,0,1179309.14,459859.68,719449.46,VIP-954,Brand_Юве,Склад-Аст,0,completed
2025-10-11,LUX-10825,Tom Ford Oud Wood,Парфюмерия,Шымкент,Омаров Т.,VIP-клиенты,1,191446.5,0,191446.5,71612.63,119833.87,VIP-547,Brand_Пар,Склад-Шым,0,completed
2025-10-21,LUX-10826,Jo Malone Wood Sage,Парфюмерия,Алматы,Ким А.,VIP-клиенты,2,69379.48,0,138758.96,39321.96,99437.0,VIP-656,Brand_Пар,Склад-Алм,0,cancelled
2025-09-18,LUX-10827,Очки Ray-Ban,Аксессуары,Астана,Сатпаева А.,VIP-клиенты,1,808474.03,0,808474.03,223878.33,584595.7,VIP-310,Brand_Акс,Склад-Аст,0,completed
2026-03-27,LUX-10828,Кольцо с бриллиантом,Ювелирные изделия,Атырау,Ким А.,Онлайн-магазин,1,2013589.78,0,2013589.78,753006.58,1260583.19,VIP-242,Brand_Юве,Склад-Аты,0,completed
2025-10-19,LUX-10829,Chanel No 5,Парфюмерия,Астана,Сатпаева А.,Бутик,1,181420.77,0,181420.77,41219.9,140200.87,VIP-953,Brand_Пар,Склад-Аст,0,completed
2025-10-09,LUX-10830,Chanel No 5,Парфюмерия,Астана,Ким А.,Бутик,1,73726.47,15,62667.5,21955.9,40711.6,VIP-693,Brand_Пар,Склад-Аст,0,completed
2026-03-06,LUX-10831,Кожаный ремень,Аксессуары,Актау,Ахметова Д.,Онлайн-магазин,2,454310.06,0,908620.12,201480.21,707139.91,VIP-936,Brand_Акс,Склад-Акт,0,completed
2025-11-18,LUX-10832,Пиджак кроя Slim,Брендовые вещи,Алматы,Ахметова Д.,Бутик,1,603039.3,0,603039.3,162294.62,440744.69,VIP-450,Brand_Бре,Склад-Алм,0,completed
2025-09-08,LUX-10833,Chanel No 5,Парфюмерия,Актау,Ахметова Д.,Бутик,1,177085.46,0,177085.46,50068.58,127016.88,VIP-740,Brand_Пар,Склад-Акт,0,completed
2026-07-10,LUX-10834,Серьги с изумрудом,Ювелирные изделия,Атырау,Сатпаева А.,Онлайн-магазин,1,2208037.79,0,2208037.79,507669.82,1700367.98,VIP-195,Brand_Юве,Склад-Аты,0,completed
2026-01-25,LUX-10835,Пиджак кроя Slim,Брендовые вещи,Астана,Ахметова Д.,Онлайн-магазин,1,503951.16,0,503951.16,115282.77,388668.39,VIP-835,Brand_Бре,Склад-Аст,0,completed
2026-02-02,LUX-10836,Пиджак кроя Slim,Брендовые вещи,Атырау,Ким А.,Бутик,1,1374031.98,0,1374031.98,291500.58,1082531.4,VIP-734,Brand_Бре,Склад-Аты,0,completed
2025-09-02,LUX-10837,Tom Ford Oud Wood,Парфюмерия,Шымкент,Ким А.,Бутик,2,64560.86,0,129121.72,39760.45,89361.27,VIP-801,Brand_Пар,Склад-Шым,0,completed
2025-11-22,LUX-10838,Сумка Birkin,Брендовые вещи,Шымкент,Ким А.,Бутик,1,1361348.85,5,1293281.41,337117.85,956163.55,VIP-721,Brand_Бре,Склад-Шым,0,completed
2025-10-15,LUX-10839,Серьги с изумрудом,Ювелирные изделия,Шымкент,Сатпаева А.,Бутик,2,2736515.44,0,5473030.88,1898820.06,3574210.81,VIP-362,Brand_Юве,Склад-Шым,0,completed
2025-11-09,LUX-10840,Часы Rolex,Аксессуары,Шымкент,Омаров Т.,VIP-клиенты,1,908634.59,5,863202.86,307088.98,556113.88,VIP-530,Brand_Акс,Склад-Шым,0,completed
2026-05-19,LUX-10841,Очки Ray-Ban,Аксессуары,Астана,Ким А.,Бутик,2,476592.7,0,953185.41,222274.75,730910.66,VIP-983,Brand_Акс,Склад-Аст,0,completed
2025-09-22,LUX-10842,Сумка Birkin,Брендовые вещи,Атырау,Омаров Т.,Бутик,1,1227842.79,0,1227842.79,266896.32,960946.46,VIP-24,Brand_Бре,Склад-Аты,0,completed
2026-07-03,LUX-10843,Tom Ford Oud Wood,Парфюмерия,Астана,Омаров Т.,Бутик,1,234508.29,0,234508.29,54900.38,179607.92,VIP-848,Brand_Пар,Склад-Аст,0,completed
2026-07-11,LUX-10844,Платье Haute Couture,Брендовые вещи,Шымкент,Омаров Т.,Бутик,1,2080957.55,0,2080957.55,492789.18,1588168.37,VIP-57,Brand_Бре,Склад-Шым,0,completed
2025-10-15,LUX-10845,Платиновый браслет,Ювелирные изделия,Атырау,Омаров Т.,VIP-клиенты,1,2193699.37,0,2193699.37,799167.64,1394531.73,VIP-522,Brand_Юве,Склад-Аты,0,completed
2025-09-25,LUX-10846,Пиджак кроя Slim,Брендовые вещи,Актау,Ким А.,Онлайн-магазин,1,433950.82,0,433950.82,152977.84,280972.98,VIP-478,Brand_Бре,Склад-Акт,0,completed
2025-07-31,LUX-10847,Кожаный ремень,Аксессуары,Алматы,Сатпаева А.,Бутик,2,870231.97,10,1566417.54,361770.22,1204647.32,VIP-299,Brand_Акс,Склад-Алм,0,completed
2025-08-23,LUX-10848,Baccarat Rouge 540,Парфюмерия,Астана,Ахметова Д.,Бутик,1,109873.88,0,109873.88,22793.32,87080.56,VIP-856,Brand_Пар,Склад-Аст,0,completed
2025-10-10,LUX-10849,Очки Ray-Ban,Аксессуары,Астана,Ахметова Д.,Бутик,1,789616.84,0,789616.84,160096.52,629520.31,VIP-732,Brand_Акс,Склад-Аст,1,returned
2026-05-30,LUX-10850,Платье Haute Couture,Брендовые вещи,Актау,Ахметова Д.,VIP-клиенты,1,853490.38,0,853490.38,276341.14,577149.23,VIP-21,Brand_Бре,Склад-Акт,0,completed
2026-03-20,LUX-10851,Baccarat Rouge 540,Парфюмерия,Шымкент,Сатпаева А.,Бутик,1,49004.51,0,49004.51,11849.57,37154.94,VIP-84,Brand_Пар,Склад-Шым,0,completed
2025-07-22,LUX-10852,Серьги с изумрудом,Ювелирные изделия,Астана,Сатпаева А.,Бутик,1,2053089.29,0,2053089.29,578743.51,1474345.78,VIP-200,Brand_Юве,Склад-Аст,0,completed
2025-09-23,LUX-10853,Запонки золотые,Аксессуары,Атырау,Сатпаева А.,Бутик,1,1509628.01,0,1509628.01,372633.7,1136994.31,VIP-533,Brand_Акс,Склад-Аты,0,completed
2026-01-14,LUX-10854,Dior Sauvage,Парфюмерия,Атырау,Ахметова Д.,Бутик,1,209944.34,0,209944.34,57286.19,152658.15,VIP-563,Brand_Пар,Склад-Аты,0,completed
2025-09-22,LUX-10855,Baccarat Rouge 540,Парфюмерия,Шымкент,Ким А.,VIP-клиенты,1,135687.62,0,135687.62,36836.99,98850.63,VIP-372,Brand_Пар,Склад-Шым,0,completed
2026-02-02,LUX-10856,Платье Haute Couture,Брендовые вещи,Алматы,Омаров Т.,Бутик,1,936188.24,0,936188.24,304212.38,631975.86,VIP-503,Brand_Бре,Склад-Алм,0,completed
2025-09-29,LUX-10857,Туфли на шпильке,Брендовые вещи,Алматы,Омаров Т.,Бутик,1,1792028.19,0,1792028.19,638790.11,1153238.08,VIP-825,Brand_Бре,Склад-Алм,0,completed
2025-10-04,LUX-10858,Серьги с изумрудом,Ювелирные изделия,Астана,Ким А.,Бутик,1,3234465.39,0,3234465.39,668579.55,2565885.84,VIP-799,Brand_Юве,Склад-Аст,0,completed
2026-01-14,LUX-10859,Запонки золотые,Аксессуары,Шымкент,Ахметова Д.,Бутик,1,367753.97,0,367753.97,79898.39,287855.58,VIP-687,Brand_Акс,Склад-Шым,0,completed
2025-09-09,LUX-10860,Сумка Birkin,Брендовые вещи,Астана,Ким А.,Онлайн-магазин,3,1925266.42,0,5775799.25,1336716.39,4439082.86,VIP-329,Brand_Бре,Склад-Аст,0,completed
2026-05-15,LUX-10861,Часы Rolex,Аксессуары,Алматы,Омаров Т.,Бутик,2,417820.55,0,835641.11,189969.96,645671.14,VIP-941,Brand_Акс,Склад-Алм,0,completed
2026-03-01,LUX-10862,Серьги с изумрудом,Ювелирные изделия,Шымкент,Ким А.,Бутик,1,3469701.04,0,3469701.04,1332251.67,2137449.37,VIP-669,Brand_Юве,Склад-Шым,0,completed
2025-09-01,LUX-10863,Сумка Birkin,Брендовые вещи,Актау,Сатпаева А.,VIP-клиенты,1,1323462.81,0,1323462.81,501048.73,822414.08,VIP-488,Brand_Бре,Склад-Акт,0,completed
2025-12-23,LUX-10864,Туфли на шпильке,Брендовые вещи,Актау,Омаров Т.,Бутик,1,221550.55,0,221550.55,47170.39,174380.16,VIP-100,Brand_Бре,Склад-Акт,0,completed
2026-07-03,LUX-10865,Платье Haute Couture,Брендовые вещи,Атырау,Ахметова Д.,VIP-клиенты,1,211718.39,0,211718.39,54904.92,156813.46,VIP-178,Brand_Бре,Склад-Аты,0,completed
2026-04-11,LUX-10866,Серьги с изумрудом,Ювелирные изделия,Астана,Омаров Т.,Бутик,1,3493195.0,0,3493195.0,1142721.06,2350473.95,VIP-436,Brand_Юве,Склад-Аст,0,completed
2026-06-30,LUX-10867,Туфли на шпильке,Брендовые вещи,Алматы,Омаров Т.,VIP-клиенты,1,1196503.15,10,1076852.84,410770.76,666082.08,VIP-241,Brand_Бре,Склад-Алм,0,completed
2025-08-30,LUX-10868,Платье Haute Couture,Брендовые вещи,Актау,Ким А.,VIP-клиенты,3,231630.91,10,625403.44,190965.81,434437.63,VIP-281,Brand_Бре,Склад-Акт,0,completed
2025-10-15,LUX-10869,Туфли на шпильке,Брендовые вещи,Атырау,Ким А.,Бутик,1,1594560.24,0,1594560.24,376974.68,1217585.56,VIP-621,Brand_Бре,Склад-Аты,0,completed
2025-12-23,LUX-10870,Платье Haute Couture,Брендовые вещи,Алматы,Ахметова Д.,Бутик,1,2058487.35,0,2058487.35,765103.24,1293384.11,VIP-827,Brand_Бре,Склад-Алм,0,completed
2025-11-26,LUX-10871,Chanel No 5,Парфюмерия,Астана,Омаров Т.,VIP-клиенты,1,184449.57,0,184449.57,48878.69,135570.88,VIP-883,Brand_Пар,Склад-Аст,0,completed
2026-06-01,LUX-10872,Часы Rolex,Аксессуары,Астана,Омаров Т.,Бутик,1,513867.54,0,513867.54,196000.9,317866.64,VIP-351,Brand_Акс,Склад-Аст,0,completed
2026-07-15,LUX-10873,Платиновый браслет,Ювелирные изделия,Актау,Ахметова Д.,Бутик,2,1830932.73,10,3295678.92,1102075.22,2193603.7,VIP-358,Brand_Юве,Склад-Акт,0,completed
2025-09-17,LUX-10874,Часы Rolex,Аксессуары,Астана,Сатпаева А.,Бутик,2,152281.75,0,304563.5,64085.6,240477.9,VIP-48,Brand_Акс,Склад-Аст,0,completed
2025-11-05,LUX-10875,Шелковый платок,Брендовые вещи,Атырау,Омаров Т.,Бутик,2,286841.74,0,573683.48,217565.85,356117.63,VIP-317,Brand_Бре,Склад-Аты,0,completed
2026-05-29,LUX-10876,Часы Rolex,Аксессуары,Атырау,Омаров Т.,Бутик,1,1481232.71,10,1333109.44,318089.71,1015019.74,VIP-706,Brand_Акс,Склад-Аты,0,completed
2025-09-13,LUX-10877,Пиджак кроя Slim,Брендовые вещи,Атырау,Ахметова Д.,Бутик,1,1385401.49,0,1385401.49,305553.84,1079847.65,VIP-26,Brand_Бре,Склад-Аты,0,completed
2026-01-10,LUX-10878,Baccarat Rouge 540,Парфюмерия,Атырау,Сатпаева А.,Бутик,1,176885.15,0,176885.15,65677.65,111207.51,VIP-839,Brand_Пар,Склад-Аты,0,completed
2026-03-16,LUX-10879,Шелковый платок,Брендовые вещи,Актау,Омаров Т.,Бутик,1,1614620.36,0,1614620.36,598731.27,1015889.1,VIP-61,Brand_Бре,Склад-Акт,0,completed
2026-03-11,LUX-10880,Jo Malone Wood Sage,Парфюмерия,Астана,Ким А.,VIP-клиенты,1,69786.28,0,69786.28,20292.14,49494.14,VIP-891,Brand_Пар,Склад-Аст,0,completed
2025-12-10,LUX-10881,Очки Ray-Ban,Аксессуары,Алматы,Ахметова Д.,VIP-клиенты,1,598244.74,0,598244.74,179268.94,418975.8,VIP-724,Brand_Акс,Склад-Алм,0,completed
2026-04-21,LUX-10882,Платиновый браслет,Ювелирные изделия,Шымкент,Ким А.,Бутик,1,2562336.06,0,2562336.06,719303.74,1843032.32,VIP-333,Brand_Юве,Склад-Шым,0,completed
2025-08-23,LUX-10883,Очки Ray-Ban,Аксессуары,Астана,Омаров Т.,Бутик,1,747425.18,0,747425.18,241602.43,505822.75,VIP-537,Brand_Акс,Склад-Аст,0,completed
2026-06-20,LUX-10884,Запонки золотые,Аксессуары,Шымкент,Омаров Т.,Бутик,1,1042484.3,0,1042484.3,257104.25,785380.05,VIP-626,Brand_Акс,Склад-Шым,0,completed
2025-10-03,LUX-10885,Серьги с изумрудом,Ювелирные изделия,Актау,Ахметова Д.,Бутик,1,2857706.44,0,2857706.44,1013067.26,1844639.18,VIP-73,Brand_Юве,Склад-Акт,0,completed
2025-07-30,LUX-10886,Очки Ray-Ban,Аксессуары,Шымкент,Ким А.,VIP-клиенты,1,1273765.84,0,1273765.84,340572.32,933193.52,VIP-791,Brand_Акс,Склад-Шым,1,returned
2025-07-28,LUX-10887,Серьги с изумрудом,Ювелирные изделия,Атырау,Омаров Т.,Бутик,1,2510114.18,0,2510114.18,936013.95,1574100.22,VIP-155,Brand_Юве,Склад-Аты,0,completed
2026-04-05,LUX-10888,Серьги с изумрудом,Ювелирные изделия,Алматы,Омаров Т.,Онлайн-магазин,3,3650317.16,0,10950951.48,2532254.71,8418696.76,VIP-743,Brand_Юве,Склад-Алм,0,completed
2026-05-07,LUX-10889,Золотая цепь,Ювелирные изделия,Шымкент,Ахметова Д.,Бутик,1,3765542.81,0,3765542.81,839265.16,2926277.65,VIP-838,Brand_Юве,Склад-Шым,0,cancelled
2025-12-06,LUX-10890,Колье из жемчуга,Ювелирные изделия,Шымкент,Омаров Т.,Бутик,1,2342442.58,15,1991076.2,607161.98,1383914.22,VIP-832,Brand_Юве,Склад-Шым,1,returned
2026-05-27,LUX-10891,Туфли на шпильке,Брендовые вещи,Атырау,Омаров Т.,Бутик,1,1910048.99,0,1910048.99,387892.44,1522156.55,VIP-488,Brand_Бре,Склад-Аты,0,completed
2026-06-25,LUX-10892,Туфли на шпильке,Брендовые вещи,Актау,Ахметова Д.,Бутик,1,682514.52,0,682514.52,162294.47,520220.05,VIP-678,Brand_Бре,Склад-Акт,0,completed
2026-06-08,LUX-10893,Часы Rolex,Аксессуары,Шымкент,Ахметова Д.,Бутик,1,352450.22,0,352450.22,102658.02,249792.2,VIP-738,Brand_Акс,Склад-Шым,0,completed
2026-03-27,LUX-10894,Tom Ford Oud Wood,Парфюмерия,Астана,Сатпаева А.,VIP-клиенты,1,105776.64,0,105776.64,30287.93,75488.71,VIP-27,Brand_Пар,Склад-Аст,0,completed
2026-02-24,LUX-10895,Tom Ford Oud Wood,Парфюмерия,Атырау,Ахметова Д.,Онлайн-магазин,1,105543.9,0,105543.9,37387.24,68156.66,VIP-799,Brand_Пар,Склад-Аты,0,completed
2025-12-24,LUX-10896,Платиновый браслет,Ювелирные изделия,Алматы,Ахметова Д.,Бутик,1,3638787.32,0,3638787.32,925896.84,2712890.47,VIP-314,Brand_Юве,Склад-Алм,0,completed
2026-03-26,LUX-10897,Chanel No 5,Парфюмерия,Атырау,Ахметова Д.,Бутик,1,156986.01,5,149136.71,38767.84,110368.87,VIP-934,Brand_Пар,Склад-Аты,0,completed
2025-08-28,LUX-10898,Запонки золотые,Аксессуары,Алматы,Ахметова Д.,VIP-клиенты,1,655682.57,5,622898.44,165226.13,457672.31,VIP-878,Brand_Акс,Склад-Алм,0,completed
2026-04-16,LUX-10899,Очки Ray-Ban,Аксессуары,Шымкент,Ахметова Д.,VIP-клиенты,1,902048.14,0,902048.14,343585.98,558462.17,VIP-42,Brand_Акс,Склад-Шым,0,completed
2025-08-03,LUX-10900,Платиновый браслет,Ювелирные изделия,Алматы,Сатпаева А.,VIP-клиенты,3,1365085.74,0,4095257.23,1267902.69,2827354.54,VIP-436,Brand_Юве,Склад-Алм,0,completed
2026-05-17,LUX-10901,Сумка Birkin,Брендовые вещи,Актау,Сатпаева А.,Бутик,1,1210460.29,0,1210460.29,430433.78,780026.51,VIP-850,Brand_Бре,Склад-Акт,0,completed
2025-07-26,LUX-10902,Chanel No 5,Парфюмерия,Астана,Сатпаева А.,Бутик,1,155863.64,0,155863.64,49018.03,106845.61,VIP-335,Brand_Пар,Склад-Аст,0,completed
2025-10-23,LUX-10903,Серьги с изумрудом,Ювелирные изделия,Астана,Ким А.,VIP-клиенты,1,629714.84,0,629714.84,191052.98,438661.86,VIP-946,Brand_Юве,Склад-Аст,0,completed
2025-10-24,LUX-10904,Клатч вечерний,Аксессуары,Актау,Сатпаева А.,Бутик,1,1161936.85,0,1161936.85,398305.41,763631.43,VIP-268,Brand_Акс,Склад-Акт,0,completed
2026-05-23,LUX-10905,Платье Haute Couture,Брендовые вещи,Актау,Омаров Т.,VIP-клиенты,1,1484730.13,0,1484730.13,372383.97,1112346.16,VIP-197,Brand_Бре,Склад-Акт,0,completed
2025-08-28,LUX-10906,Платиновый браслет,Ювелирные изделия,Алматы,Сатпаева А.,VIP-клиенты,2,4970782.67,0,9941565.34,2078632.5,7862932.84,VIP-884,Brand_Юве,Склад-Алм,0,completed
2025-10-08,LUX-10907,Шелковый платок,Брендовые вещи,Астана,Сатпаева А.,VIP-клиенты,1,468195.74,0,468195.74,99122.73,369073.01,VIP-958,Brand_Бре,Склад-Аст,0,completed
2026-04-20,LUX-10908,Кожаный ремень,Аксессуары,Астана,Ким А.,Бутик,3,1202138.66,0,3606415.98,984402.65,2622013.33,VIP-68,Brand_Акс,Склад-Аст,0,completed
2026-06-08,LUX-10909,Очки Ray-Ban,Аксессуары,Алматы,Ким А.,VIP-клиенты,1,1165054.37,0,1165054.37,281537.4,883516.96,VIP-856,Brand_Акс,Склад-Алм,0,completed
2025-11-18,LUX-10910,Кольцо с бриллиантом,Ювелирные изделия,Шымкент,Ахметова Д.,VIP-клиенты,1,2403036.28,0,2403036.28,646049.67,1756986.61,VIP-725,Brand_Юве,Склад-Шым,0,completed
2025-11-08,LUX-10911,Baccarat Rouge 540,Парфюмерия,Актау,Ким А.,Онлайн-магазин,1,136808.26,0,136808.26,33004.23,103804.03,VIP-525,Brand_Пар,Склад-Акт,0,completed
2025-07-21,LUX-10912,Шелковый платок,Брендовые вещи,Алматы,Ахметова Д.,Бутик,1,1512144.7,0,1512144.7,542812.4,969332.3,VIP-55,Brand_Бре,Склад-Алм,0,completed
2025-09-11,LUX-10913,Часы Rolex,Аксессуары,Актау,Ахметова Д.,Онлайн-магазин,2,640104.95,0,1280209.9,377439.46,902770.44,VIP-355,Brand_Акс,Склад-Акт,0,completed
2025-09-21,LUX-10914,Колье из жемчуга,Ювелирные изделия,Актау,Сатпаева А.,VIP-клиенты,3,1516803.51,0,4550410.54,1152673.73,3397736.81,VIP-532,Brand_Юве,Склад-Акт,0,completed
2025-12-14,LUX-10915,Очки Ray-Ban,Аксессуары,Актау,Ким А.,VIP-клиенты,1,1434283.08,0,1434283.08,421171.6,1013111.48,VIP-975,Brand_Акс,Склад-Акт,0,completed
2026-04-08,LUX-10916,Часы Rolex,Аксессуары,Актау,Сатпаева А.,Бутик,2,1067601.49,0,2135202.97,581915.6,1553287.37,VIP-27,Brand_Акс,Склад-Акт,0,completed
2026-02-03,LUX-10917,Baccarat Rouge 540,Парфюмерия,Шымкент,Омаров Т.,VIP-клиенты,1,129474.13,0,129474.13,30994.87,98479.26,VIP-883,Brand_Пар,Склад-Шым,0,completed
2026-07-04,LUX-10918,Tom Ford Oud Wood,Парфюмерия,Шымкент,Омаров Т.,Бутик,1,84111.48,0,84111.48,22065.68,62045.8,VIP-303,Brand_Пар,Склад-Шым,0,completed
2026-06-13,LUX-10919,Кольцо с бриллиантом,Ювелирные изделия,Шымкент,Ахметова Д.,Бутик,1,3275372.8,0,3275372.8,1269331.3,2006041.5,VIP-291,Brand_Юве,Склад-Шым,0,cancelled
2025-09-26,LUX-10920,Tom Ford Oud Wood,Парфюмерия,Астана,Ахметова Д.,Бутик,1,144440.88,0,144440.88,50472.7,93968.19,VIP-910,Brand_Пар,Склад-Аст,0,completed
2025-09-30,LUX-10921,Jo Malone Wood Sage,Парфюмерия,Атырау,Ким А.,Бутик,1,199216.26,5,189255.45,59009.99,130245.46,VIP-438,Brand_Пар,Склад-Аты,0,completed
2025-09-29,LUX-10922,Золотая цепь,Ювелирные изделия,Астана,Сатпаева А.,Бутик,1,4095537.37,0,4095537.37,1605873.62,2489663.75,VIP-344,Brand_Юве,Склад-Аст,0,completed
2026-01-26,LUX-10923,Кожаный ремень,Аксессуары,Атырау,Омаров Т.,VIP-клиенты,1,1063903.2,0,1063903.2,279388.14,784515.07,VIP-420,Brand_Акс,Склад-Аты,0,completed
2025-11-22,LUX-10924,Платье Haute Couture,Брендовые вещи,Актау,Сатпаева А.,VIP-клиенты,1,1768629.01,0,1768629.01,704295.26,1064333.75,VIP-226,Brand_Бре,Склад-Акт,0,completed
2025-09-10,LUX-10925,Серьги с изумрудом,Ювелирные изделия,Алматы,Ахметова Д.,VIP-клиенты,1,3557766.72,0,3557766.72,1254648.5,2303118.22,VIP-224,Brand_Юве,Склад-Алм,0,completed
2026-01-15,LUX-10926,Очки Ray-Ban,Аксессуары,Актау,Ким А.,Бутик,1,345646.66,0,345646.66,79327.61,266319.05,VIP-224,Brand_Акс,Склад-Акт,0,completed
2026-05-01,LUX-10927,Baccarat Rouge 540,Парфюмерия,Астана,Ахметова Д.,Бутик,1,184343.88,0,184343.88,64877.33,119466.55,VIP-158,Brand_Пар,Склад-Аст,0,completed
2025-08-08,LUX-10928,Пиджак кроя Slim,Брендовые вещи,Атырау,Омаров Т.,Бутик,1,185734.78,0,185734.78,43444.0,142290.78,VIP-653,Brand_Бре,Склад-Аты,0,completed
2026-01-31,LUX-10929,Золотая цепь,Ювелирные изделия,Шымкент,Ахметова Д.,VIP-клиенты,3,3761236.97,0,11283710.9,3465180.5,7818530.4,VIP-570,Brand_Юве,Склад-Шым,0,completed
2026-03-28,LUX-10930,Часы Rolex,Аксессуары,Шымкент,Ким А.,Бутик,1,1406854.5,0,1406854.5,437345.96,969508.54,VIP-173,Brand_Акс,Склад-Шым,0,completed
2026-04-23,LUX-10931,Платье Haute Couture,Брендовые вещи,Алматы,Ким А.,VIP-клиенты,1,1877474.48,0,1877474.48,466528.87,1410945.61,VIP-836,Brand_Бре,Склад-Алм,0,completed
2026-01-01,LUX-10932,Запонки золотые,Аксессуары,Атырау,Сатпаева А.,VIP-клиенты,1,1354666.1,0,1354666.1,487688.36,866977.73,VIP-695,Brand_Акс,Склад-Аты,0,completed
2026-07-12,LUX-10933,Колье из жемчуга,Ювелирные изделия,Шымкент,Ким А.,VIP-клиенты,1,2819688.87,0,2819688.87,815673.92,2004014.95,VIP-275,Brand_Юве,Склад-Шым,0,completed
2025-10-29,LUX-10934,Сумка Birkin,Брендовые вещи,Актау,Омаров Т.,VIP-клиенты,1,1790416.15,0,1790416.15,418456.32,1371959.83,VIP-61,Brand_Бре,Склад-Акт,0,completed
2026-03-21,LUX-10935,Колье из жемчуга,Ювелирные изделия,Актау,Ким А.,Бутик,1,2068066.53,0,2068066.53,529763.62,1538302.91,VIP-752,Brand_Юве,Склад-Акт,0,completed
2025-09-16,LUX-10936,Туфли на шпильке,Брендовые вещи,Атырау,Сатпаева А.,Бутик,1,1411779.64,0,1411779.64,383754.81,1028024.84,VIP-420,Brand_Бре,Склад-Аты,0,completed
2025-11-13,LUX-10937,Очки Ray-Ban,Аксессуары,Шымкент,Сатпаева А.,Бутик,2,166328.66,0,332657.33,128707.39,203949.93,VIP-741,Brand_Акс,Склад-Шым,0,completed
2025-11-16,LUX-10938,Золотая цепь,Ювелирные изделия,Астана,Ким А.,Онлайн-магазин,1,2786165.2,5,2646856.94,596666.58,2050190.36,VIP-387,Brand_Юве,Склад-Аст,0,completed
2026-06-04,LUX-10939,Запонки золотые,Аксессуары,Шымкент,Омаров Т.,Бутик,2,965249.37,0,1930498.75,754956.27,1175542.48,VIP-728,Brand_Акс,Склад-Шым,0,completed
2026-04-19,LUX-10940,Dior Sauvage,Парфюмерия,Астана,Сатпаева А.,VIP-клиенты,1,79919.93,0,79919.93,17491.0,62428.92,VIP-88,Brand_Пар,Склад-Аст,0,completed
2025-07-17,LUX-10941,Колье из жемчуга,Ювелирные изделия,Астана,Ким А.,Бутик,1,4674404.91,5,4440684.66,1133013.3,3307671.36,VIP-475,Brand_Юве,Склад-Аст,0,completed
2026-03-17,LUX-10942,Baccarat Rouge 540,Парфюмерия,Атырау,Омаров Т.,Бутик,1,68081.34,0,68081.34,13730.3,54351.03,VIP-93,Brand_Пар,Склад-Аты,0,completed
2025-11-29,LUX-10943,Chanel No 5,Парфюмерия,Алматы,Омаров Т.,Онлайн-магазин,1,210766.26,0,210766.26,73025.07,137741.19,VIP-608,Brand_Пар,Склад-Алм,0,completed
2026-05-16,LUX-10944,Клатч вечерний,Аксессуары,Актау,Ахметова Д.,Бутик,1,1375249.49,0,1375249.49,471562.4,903687.09,VIP-150,Brand_Акс,Склад-Акт,0,completed
2025-07-30,LUX-10945,Baccarat Rouge 540,Парфюмерия,Атырау,Ким А.,Онлайн-магазин,1,106486.9,0,106486.9,32647.31,73839.59,VIP-556,Brand_Пар,Склад-Аты,0,completed
2025-08-24,LUX-10946,Сумка Birkin,Брендовые вещи,Актау,Омаров Т.,Бутик,2,264633.57,0,529267.14,198063.76,331203.38,VIP-598,Brand_Бре,Склад-Акт,0,completed
2026-06-29,LUX-10947,Пиджак кроя Slim,Брендовые вещи,Астана,Ким А.,Бутик,1,309683.11,0,309683.11,81631.13,228051.98,VIP-321,Brand_Бре,Склад-Аст,0,completed
2025-10-24,LUX-10948,Baccarat Rouge 540,Парфюмерия,Актау,Ким А.,Бутик,1,102082.0,0,102082.0,21737.62,80344.38,VIP-927,Brand_Пар,Склад-Акт,0,completed
2026-04-17,LUX-10949,Jo Malone Wood Sage,Парфюмерия,Актау,Омаров Т.,Бутик,1,199292.56,0,199292.56,48592.45,150700.1,VIP-904,Brand_Пар,Склад-Акт,0,completed
2026-06-16,LUX-10950,Шелковый платок,Брендовые вещи,Шымкент,Омаров Т.,Онлайн-магазин,1,366673.76,0,366673.76,80036.21,286637.55,VIP-375,Brand_Бре,Склад-Шым,0,completed
2025-07-17,LUX-10951,Клатч вечерний,Аксессуары,Астана,Ким А.,Бутик,1,398047.17,0,398047.17,141677.97,256369.21,VIP-63,Brand_Акс,Склад-Аст,0,completed
2026-06-24,LUX-10952,Dior Sauvage,Парфюмерия,Актау,Омаров Т.,Бутик,1,99439.63,0,99439.63,35810.42,63629.22,VIP-924,Brand_Пар,Склад-Акт,0,completed
2025-11-29,LUX-10953,Серьги с изумрудом,Ювелирные изделия,Актау,Ахметова Д.,Бутик,1,4223833.33,0,4223833.33,1504994.01,2718839.32,VIP-919,Brand_Юве,Склад-Акт,0,completed
2026-01-26,LUX-10954,Jo Malone Wood Sage,Парфюмерия,Атырау,Ким А.,VIP-клиенты,1,147774.51,0,147774.51,52534.16,95240.35,VIP-807,Brand_Пар,Склад-Аты,0,completed
2025-08-17,LUX-10955,Кольцо с бриллиантом,Ювелирные изделия,Актау,Ахметова Д.,Бутик,1,903101.64,0,903101.64,307049.58,596052.07,VIP-684,Brand_Юве,Склад-Акт,0,completed
2026-05-26,LUX-10956,Колье из жемчуга,Ювелирные изделия,Атырау,Ахметова Д.,Бутик,2,4712451.95,0,9424903.89,2551243.49,6873660.4,VIP-453,Brand_Юве,Склад-Аты,0,completed
2025-10-26,LUX-10957,Сумка Birkin,Брендовые вещи,Алматы,Сатпаева А.,Бутик,1,1859476.53,0,1859476.53,495843.38,1363633.15,VIP-491,Brand_Бре,Склад-Алм,0,completed
2026-02-28,LUX-10958,Туфли на шпильке,Брендовые вещи,Атырау,Сатпаева А.,VIP-клиенты,1,1268805.11,0,1268805.11,276260.33,992544.79,VIP-470,Brand_Бре,Склад-Аты,0,completed
2025-09-20,LUX-10959,Сумка Birkin,Брендовые вещи,Актау,Сатпаева А.,Бутик,1,802007.94,0,802007.94,183409.62,618598.32,VIP-914,Brand_Бре,Склад-Акт,0,completed
2026-06-02,LUX-10960,Туфли на шпильке,Брендовые вещи,Алматы,Сатпаева А.,Бутик,1,1578640.28,15,1341844.24,526300.11,815544.13,VIP-33,Brand_Бре,Склад-Алм,0,completed
2025-10-16,LUX-10961,Jo Malone Wood Sage,Парфюмерия,Актау,Сатпаева А.,Бутик,1,163483.56,0,163483.56,40855.72,122627.84,VIP-809,Brand_Пар,Склад-Акт,0,completed
2026-07-10,LUX-10962,Клатч вечерний,Аксессуары,Шымкент,Ким А.,VIP-клиенты,1,696722.67,0,696722.67,201910.36,494812.32,VIP-187,Brand_Акс,Склад-Шым,0,completed
2025-07-19,LUX-10963,Tom Ford Oud Wood,Парфюмерия,Астана,Омаров Т.,Бутик,2,239243.92,0,478487.83,164599.63,313888.21,VIP-306,Brand_Пар,Склад-Аст,0,completed
2026-01-08,LUX-10964,Часы Rolex,Аксессуары,Атырау,Сатпаева А.,Бутик,1,585959.6,0,585959.6,150292.39,435667.21,VIP-409,Brand_Акс,Склад-Аты,0,completed
2026-03-06,LUX-10965,Baccarat Rouge 540,Парфюмерия,Актау,Сатпаева А.,Онлайн-магазин,1,110299.39,0,110299.39,35872.51,74426.88,VIP-365,Brand_Пар,Склад-Акт,0,completed
2026-01-23,LUX-10966,Золотая цепь,Ювелирные изделия,Астана,Ахметова Д.,Бутик,1,2372475.99,0,2372475.99,865728.24,1506747.75,VIP-254,Brand_Юве,Склад-Аст,0,completed
2026-05-20,LUX-10967,Baccarat Rouge 540,Парфюмерия,Актау,Сатпаева А.,Бутик,1,62720.2,0,62720.2,23506.99,39213.21,VIP-791,Brand_Пар,Склад-Акт,0,completed
2026-06-21,LUX-10968,Кольцо с бриллиантом,Ювелирные изделия,Актау,Омаров Т.,VIP-клиенты,1,2267233.1,0,2267233.1,538604.02,1728629.07,VIP-362,Brand_Юве,Склад-Акт,0,completed
2025-11-27,LUX-10969,Сумка Birkin,Брендовые вещи,Актау,Сатпаева А.,Бутик,1,1243246.08,0,1243246.08,262245.1,981000.98,VIP-517,Brand_Бре,Склад-Акт,0,completed
2025-12-29,LUX-10970,Часы Rolex,Аксессуары,Астана,Сатпаева А.,Бутик,1,1243978.11,0,1243978.11,353889.28,890088.84,VIP-676,Brand_Акс,Склад-Аст,0,completed
2026-03-27,LUX-10971,Сумка Birkin,Брендовые вещи,Атырау,Ахметова Д.,Бутик,1,1088129.63,0,1088129.63,231184.87,856944.76,VIP-123,Brand_Бре,Склад-Аты,0,completed
2026-03-03,LUX-10972,Кожаный ремень,Аксессуары,Актау,Сатпаева А.,Бутик,1,837811.32,0,837811.32,208969.95,628841.38,VIP-390,Brand_Акс,Склад-Акт,0,completed
2026-01-27,LUX-10973,Платиновый браслет,Ювелирные изделия,Атырау,Ким А.,Бутик,1,2203852.83,5,2093660.19,678037.95,1415622.24,VIP-327,Brand_Юве,Склад-Аты,0,completed
2026-06-21,LUX-10974,Часы Rolex,Аксессуары,Шымкент,Ахметова Д.,VIP-клиенты,2,1326420.66,0,2652841.33,554447.53,2098393.8,VIP-917,Brand_Акс,Склад-Шым,0,completed
2026-05-03,LUX-10975,Шелковый платок,Брендовые вещи,Актау,Омаров Т.,Бутик,1,2019537.21,0,2019537.21,673417.33,1346119.88,VIP-718,Brand_Бре,Склад-Акт,0,completed
2025-11-26,LUX-10976,Запонки золотые,Аксессуары,Актау,Омаров Т.,Онлайн-магазин,1,664508.79,15,564832.47,186260.73,378571.75,VIP-99,Brand_Акс,Склад-Акт,0,completed
2025-08-28,LUX-10977,Chanel No 5,Парфюмерия,Атырау,Ахметова Д.,Бутик,1,228912.05,0,228912.05,63938.86,164973.19,VIP-240,Brand_Пар,Склад-Аты,0,completed
2025-12-15,LUX-10978,Запонки золотые,Аксессуары,Актау,Омаров Т.,VIP-клиенты,1,205693.21,0,205693.21,79234.29,126458.92,VIP-99,Brand_Акс,Склад-Акт,0,completed
2025-12-20,LUX-10979,Серьги с изумрудом,Ювелирные изделия,Шымкент,Ахметова Д.,Онлайн-магазин,2,1099506.42,0,2199012.84,837419.48,1361593.37,VIP-523,Brand_Юве,Склад-Шым,0,completed
2026-02-10,LUX-10980,Серьги с изумрудом,Ювелирные изделия,Актау,Сатпаева А.,Бутик,1,3122587.56,0,3122587.56,872239.29,2250348.27,VIP-869,Brand_Юве,Склад-Акт,0,completed
2026-02-14,LUX-10981,Сумка Birkin,Брендовые вещи,Актау,Ким А.,Бутик,1,1271753.56,15,1080990.52,383983.18,697007.34,VIP-268,Brand_Бре,Склад-Акт,0,completed
2025-08-31,LUX-10982,Клатч вечерний,Аксессуары,Шымкент,Сатпаева А.,VIP-клиенты,1,1276615.66,0,1276615.66,379222.55,897393.12,VIP-814,Brand_Акс,Склад-Шым,0,completed
2025-11-02,LUX-10983,Платиновый браслет,Ювелирные изделия,Актау,Ахметова Д.,Бутик,1,1473883.94,0,1473883.94,456587.66,1017296.27,VIP-664,Brand_Юве,Склад-Акт,0,completed
2026-05-27,LUX-10984,Платиновый браслет,Ювелирные изделия,Шымкент,Сатпаева А.,VIP-клиенты,1,2062821.59,0,2062821.59,788668.52,1274153.07,VIP-546,Brand_Юве,Склад-Шым,0,completed
2026-02-19,LUX-10985,Часы Rolex,Аксессуары,Алматы,Ахметова Д.,Бутик,1,1272168.99,0,1272168.99,395822.58,876346.41,VIP-905,Brand_Акс,Склад-Алм,0,completed
2025-08-28,LUX-10986,Baccarat Rouge 540,Парфюмерия,Атырау,Ким А.,Бутик,1,121918.16,0,121918.16,34050.42,87867.74,VIP-589,Brand_Пар,Склад-Аты,0,completed
2025-09-07,LUX-10987,Платье Haute Couture,Брендовые вещи,Актау,Сатпаева А.,Бутик,1,1121320.15,0,1121320.15,232343.37,888976.77,VIP-605,Brand_Бре,Склад-Акт,0,completed
2026-02-11,LUX-10988,Пиджак кроя Slim,Брендовые вещи,Атырау,Ахметова Д.,Бутик,1,1473645.85,0,1473645.85,324973.4,1148672.46,VIP-224,Brand_Бре,Склад-Аты,0,completed
2025-08-13,LUX-10989,Платье Haute Couture,Брендовые вещи,Атырау,Сатпаева А.,Бутик,1,1487863.07,0,1487863.07,334582.54,1153280.53,VIP-831,Brand_Бре,Склад-Аты,0,completed
2025-10-10,LUX-10990,Шелковый платок,Брендовые вещи,Астана,Ахметова Д.,Бутик,3,227908.37,0,683725.1,226383.89,457341.21,VIP-510,Brand_Бре,Склад-Аст,0,completed
2026-03-20,LUX-10991,Платье Haute Couture,Брендовые вещи,Астана,Омаров Т.,VIP-клиенты,1,787944.1,0,787944.1,242296.21,545647.89,VIP-993,Brand_Бре,Склад-Аст,0,completed
2026-05-14,LUX-10992,Клатч вечерний,Аксессуары,Атырау,Ким А.,VIP-клиенты,1,1161313.91,15,987116.83,378087.37,609029.46,VIP-572,Brand_Акс,Склад-Аты,0,completed
2025-09-10,LUX-10993,Платье Haute Couture,Брендовые вещи,Атырау,Ахметова Д.,Бутик,1,1412448.55,0,1412448.55,440332.64,972115.9,VIP-962,Brand_Бре,Склад-Аты,0,completed
2026-06-01,LUX-10994,Tom Ford Oud Wood,Парфюмерия,Актау,Ким А.,Бутик,1,206637.09,10,185973.38,53414.78,132558.59,VIP-385,Brand_Пар,Склад-Акт,0,completed
2025-07-15,LUX-10995,Tom Ford Oud Wood,Парфюмерия,Астана,Сатпаева А.,Онлайн-магазин,1,148952.4,0,148952.4,53318.36,95634.04,VIP-123,Brand_Пар,Склад-Аст,0,completed
2025-10-20,LUX-10996,Платиновый браслет,Ювелирные изделия,Астана,Ахметова Д.,Бутик,1,577129.81,0,577129.81,176594.18,400535.63,VIP-763,Brand_Юве,Склад-Аст,0,completed
2026-03-08,LUX-10997,Очки Ray-Ban,Аксессуары,Шымкент,Ахметова Д.,Бутик,1,157474.43,0,157474.43,59198.13,98276.3,VIP-874,Brand_Акс,Склад-Шым,0,completed
2026-05-17,LUX-10998,Dior Sauvage,Парфюмерия,Алматы,Сатпаева А.,Бутик,1,126829.68,0,126829.68,38672.21,88157.47,VIP-497,Brand_Пар,Склад-Алм,0,completed
2026-04-20,LUX-10999,Серьги с изумрудом,Ювелирные изделия,Астана,Омаров Т.,Бутик,1,4816678.21,0,4816678.21,1721714.96,3094963.25,VIP-627,Brand_Юве,Склад-Аст,0,completed
2025-08-22,LUX-11000,Baccarat Rouge 540,Парфюмерия,Атырау,Ахметова Д.,Бутик,1,99076.18,0,99076.18,20149.87,78926.31,VIP-84,Brand_Пар,Склад-Аты,0,completed
2026-06-14,LUX-11001,Шелковый платок,Брендовые вещи,Атырау,Сатпаева А.,Бутик,1,238814.7,0,238814.7,90059.19,148755.51,VIP-468,Brand_Бре,Склад-Аты,0,completed
2026-05-08,LUX-11002,Кожаный ремень,Аксессуары,Алматы,Омаров Т.,Бутик,1,161299.72,0,161299.72,61514.96,99784.76,VIP-227,Brand_Акс,Склад-Алм,0,completed
2025-09-04,LUX-11003,Кольцо с бриллиантом,Ювелирные изделия,Атырау,Омаров Т.,Бутик,1,3162796.5,5,3004656.67,787721.87,2216934.8,VIP-211,Brand_Юве,Склад-Аты,0,completed
2026-03-02,LUX-11004,Серьги с изумрудом,Ювелирные изделия,Алматы,Омаров Т.,VIP-клиенты,1,4705308.64,0,4705308.64,1766161.01,2939147.63,VIP-126,Brand_Юве,Склад-Алм,0,completed
2026-04-05,LUX-11005,Шелковый платок,Брендовые вещи,Атырау,Сатпаева А.,VIP-клиенты,1,936386.84,0,936386.84,324955.3,611431.55,VIP-780,Brand_Бре,Склад-Аты,0,completed
2026-04-08,LUX-11006,Туфли на шпильке,Брендовые вещи,Алматы,Ахметова Д.,Бутик,1,1152288.45,0,1152288.45,457174.8,695113.65,VIP-865,Brand_Бре,Склад-Алм,0,completed
2025-12-20,LUX-11007,Туфли на шпильке,Брендовые вещи,Актау,Омаров Т.,Бутик,1,1501638.56,10,1351474.7,418467.54,933007.16,VIP-625,Brand_Бре,Склад-Акт,0,completed
2026-04-28,LUX-11008,Кольцо с бриллиантом,Ювелирные изделия,Алматы,Ахметова Д.,VIP-клиенты,2,4826670.54,0,9653341.08,2571111.58,7082229.5,VIP-633,Brand_Юве,Склад-Алм,0,completed
2026-01-10,LUX-11009,Часы Rolex,Аксессуары,Алматы,Сатпаева А.,VIP-клиенты,1,1211441.99,0,1211441.99,260095.57,951346.41,VIP-785,Brand_Акс,Склад-Алм,0,completed
2026-03-22,LUX-11010,Колье из жемчуга,Ювелирные изделия,Алматы,Ахметова Д.,Бутик,1,313651.34,0,313651.34,122912.21,190739.13,VIP-665,Brand_Юве,Склад-Алм,0,completed
2025-09-15,LUX-11011,Шелковый платок,Брендовые вещи,Атырау,Сатпаева А.,Бутик,1,1255983.78,0,1255983.78,426629.38,829354.39,VIP-665,Brand_Бре,Склад-Аты,0,completed
2026-04-16,LUX-11012,Baccarat Rouge 540,Парфюмерия,Актау,Сатпаева А.,VIP-клиенты,1,54070.21,0,54070.21,17701.76,36368.45,VIP-929,Brand_Пар,Склад-Акт,0,completed
2026-01-07,LUX-11013,Кожаный ремень,Аксессуары,Астана,Ахметова Д.,Бутик,1,443769.51,0,443769.51,130909.13,312860.38,VIP-557,Brand_Акс,Склад-Аст,0,completed
2026-04-02,LUX-11014,Серьги с изумрудом,Ювелирные изделия,Актау,Ахметова Д.,VIP-клиенты,1,2067364.67,0,2067364.67,453145.44,1614219.23,VIP-450,Brand_Юве,Склад-Акт,0,completed
2025-12-05,LUX-11015,Туфли на шпильке,Брендовые вещи,Атырау,Ахметова Д.,Бутик,1,435540.06,10,391986.05,94146.09,297839.96,VIP-215,Brand_Бре,Склад-Аты,1,returned
2026-02-06,LUX-11016,Chanel No 5,Парфюмерия,Атырау,Ахметова Д.,Бутик,1,113001.14,0,113001.14,33521.75,79479.39,VIP-394,Brand_Пар,Склад-Аты,0,completed
2026-04-30,LUX-11017,Платиновый браслет,Ювелирные изделия,Атырау,Ахметова Д.,VIP-клиенты,1,328480.8,0,328480.8,94159.72,234321.08,VIP-120,Brand_Юве,Склад-Аты,0,completed
2026-04-07,LUX-11018,Baccarat Rouge 540,Парфюмерия,Астана,Ахметова Д.,Бутик,3,102956.71,0,308870.14,109194.9,199675.24,VIP-877,Brand_Пар,Склад-Аст,0,completed
2025-11-02,LUX-11019,Колье из жемчуга,Ювелирные изделия,Атырау,Ахметова Д.,Бутик,1,3559534.33,0,3559534.33,932149.72,2627384.61,VIP-47,Brand_Юве,Склад-Аты,0,completed
2026-07-03,LUX-11020,Колье из жемчуга,Ювелирные изделия,Атырау,Омаров Т.,VIP-клиенты,1,2413057.55,0,2413057.55,579605.59,1833451.96,VIP-146,Brand_Юве,Склад-Аты,0,completed
2025-11-24,LUX-11021,Jo Malone Wood Sage,Парфюмерия,Актау,Омаров Т.,Бутик,1,229401.68,0,229401.68,66626.36,162775.33,VIP-424,Brand_Пар,Склад-Акт,0,completed
2025-09-21,LUX-11022,Chanel No 5,Парфюмерия,Астана,Сатпаева А.,Бутик,1,188128.61,0,188128.61,39116.41,149012.2,VIP-823,Brand_Пар,Склад-Аст,0,completed
2025-07-20,LUX-11023,Запонки золотые,Аксессуары,Астана,Сатпаева А.,Бутик,1,1391091.74,0,1391091.74,525981.77,865109.97,VIP-191,Brand_Акс,Склад-Аст,0,completed
2025-08-30,LUX-11024,Серьги с изумрудом,Ювелирные изделия,Шымкент,Сатпаева А.,Бутик,1,2775877.58,0,2775877.58,719287.67,2056589.92,VIP-184,Brand_Юве,Склад-Шым,0,completed
2026-02-24,LUX-11025,Сумка Birkin,Брендовые вещи,Алматы,Сатпаева А.,Бутик,1,1337886.02,0,1337886.02,496456.27,841429.75,VIP-950,Brand_Бре,Склад-Алм,0,completed
2025-08-06,LUX-11026,Серьги с изумрудом,Ювелирные изделия,Шымкент,Ахметова Д.,Бутик,1,1427123.26,0,1427123.26,369484.53,1057638.72,VIP-350,Brand_Юве,Склад-Шым,1,returned
2025-11-20,LUX-11027,Кольцо с бриллиантом,Ювелирные изделия,Атырау,Омаров Т.,VIP-клиенты,1,2459982.59,5,2336983.46,750194.08,1586789.39,VIP-136,Brand_Юве,Склад-Аты,0,completed
2026-06-23,LUX-11028,Часы Rolex,Аксессуары,Астана,Ахметова Д.,VIP-клиенты,1,913500.74,0,913500.74,300204.72,613296.02,VIP-735,Brand_Акс,Склад-Аст,0,completed
2026-01-05,LUX-11029,Платье Haute Couture,Брендовые вещи,Актау,Ахметова Д.,Бутик,1,1563086.02,10,1406777.42,547468.97,859308.45,VIP-500,Brand_Бре,Склад-Акт,0,completed
2026-05-12,LUX-11030,Jo Malone Wood Sage,Парфюмерия,Алматы,Ахметова Д.,Бутик,1,150420.77,0,150420.77,38930.88,111489.88,VIP-334,Brand_Пар,Склад-Алм,0,completed
2025-07-31,LUX-11031,Запонки золотые,Аксессуары,Алматы,Омаров Т.,VIP-клиенты,1,722487.34,0,722487.34,156195.6,566291.74,VIP-117,Brand_Акс,Склад-Алм,0,completed
2025-11-17,LUX-11032,Платиновый браслет,Ювелирные изделия,Атырау,Ким А.,VIP-клиенты,2,2219563.31,0,4439126.61,1625826.84,2813299.77,VIP-722,Brand_Юве,Склад-Аты,0,completed
2026-02-06,LUX-11033,Сумка Birkin,Брендовые вещи,Шымкент,Сатпаева А.,VIP-клиенты,2,1660887.75,5,3155686.73,640816.04,2514870.69,VIP-916,Brand_Бре,Склад-Шым,0,completed
2026-07-11,LUX-11034,Часы Rolex,Аксессуары,Астана,Ахметова Д.,Бутик,1,636858.13,15,541329.41,189244.65,352084.76,VIP-74,Brand_Акс,Склад-Аст,0,completed
2026-01-22,LUX-11035,Очки Ray-Ban,Аксессуары,Атырау,Ахметова Д.,Бутик,1,935716.48,0,935716.48,331022.49,604693.99,VIP-423,Brand_Акс,Склад-Аты,0,completed
2025-11-15,LUX-11036,Кожаный ремень,Аксессуары,Актау,Ахметова Д.,Бутик,1,149561.52,0,149561.52,49371.01,100190.51,VIP-669,Brand_Акс,Склад-Акт,0,completed
2025-09-01,LUX-11037,Baccarat Rouge 540,Парфюмерия,Алматы,Омаров Т.,VIP-клиенты,2,71275.57,0,142551.13,40208.14,102342.99,VIP-48,Brand_Пар,Склад-Алм,0,completed
2026-04-11,LUX-11038,Сумка Birkin,Брендовые вещи,Шымкент,Ким А.,VIP-клиенты,1,1151355.03,0,1151355.03,243555.36,907799.67,VIP-129,Brand_Бре,Склад-Шым,0,completed
2026-06-29,LUX-11039,Платиновый браслет,Ювелирные изделия,Астана,Ким А.,Бутик,1,3013228.35,0,3013228.35,962449.53,2050778.83,VIP-557,Brand_Юве,Склад-Аст,0,completed
2025-11-03,LUX-11040,Chanel No 5,Парфюмерия,Актау,Сатпаева А.,Бутик,1,64476.25,0,64476.25,13750.72,50725.53,VIP-33,Brand_Пар,Склад-Акт,0,completed
2025-08-31,LUX-11041,Jo Malone Wood Sage,Парфюмерия,Алматы,Ахметова Д.,VIP-клиенты,1,203037.47,0,203037.47,46761.84,156275.63,VIP-64,Brand_Пар,Склад-Алм,0,completed
2026-01-22,LUX-11042,Очки Ray-Ban,Аксессуары,Шымкент,Ахметова Д.,Бутик,2,1387732.56,0,2775465.13,795414.89,1980050.24,VIP-372,Brand_Акс,Склад-Шым,0,completed
2025-12-23,LUX-11043,Платье Haute Couture,Брендовые вещи,Шымкент,Сатпаева А.,Бутик,1,1014961.46,0,1014961.46,254152.6,760808.87,VIP-659,Brand_Бре,Склад-Шым,0,completed
2026-05-18,LUX-11044,Очки Ray-Ban,Аксессуары,Алматы,Ким А.,Бутик,1,565819.7,0,565819.7,183561.11,382258.59,VIP-601,Brand_Акс,Склад-Алм,0,completed
2025-09-09,LUX-11045,Dior Sauvage,Парфюмерия,Алматы,Ким А.,Бутик,1,131487.09,0,131487.09,34693.21,96793.88,VIP-346,Brand_Пар,Склад-Алм,0,completed
2026-06-01,LUX-11046,Кольцо с бриллиантом,Ювелирные изделия,Астана,Сатпаева А.,Онлайн-магазин,1,865287.68,0,865287.68,310429.56,554858.12,VIP-715,Brand_Юве,Склад-Аст,0,completed
2025-10-22,LUX-11047,Часы Rolex,Аксессуары,Алматы,Сатпаева А.,VIP-клиенты,1,802058.59,0,802058.59,171230.8,630827.79,VIP-667,Brand_Акс,Склад-Алм,0,completed
2025-11-21,LUX-11048,Baccarat Rouge 540,Парфюмерия,Атырау,Сатпаева А.,VIP-клиенты,1,211773.41,0,211773.41,51091.05,160682.37,VIP-895,Brand_Пар,Склад-Аты,0,completed
2026-02-04,LUX-11049,Платье Haute Couture,Брендовые вещи,Астана,Ким А.,Бутик,1,161282.07,0,161282.07,56936.94,104345.14,VIP-26,Brand_Бре,Склад-Аст,0,completed
2026-02-03,LUX-11050,Золотая цепь,Ювелирные изделия,Актау,Ахметова Д.,Бутик,1,4698019.03,0,4698019.03,1116106.78,3581912.25,VIP-386,Brand_Юве,Склад-Акт,0,completed
2025-11-22,LUX-11051,Пиджак кроя Slim,Брендовые вещи,Алматы,Сатпаева А.,Бутик,1,1754916.12,0,1754916.12,674987.05,1079929.07,VIP-667,Brand_Бре,Склад-Алм,0,completed
2025-09-27,LUX-11052,Платье Haute Couture,Брендовые вещи,Атырау,Ким А.,Онлайн-магазин,1,1499032.62,10,1349129.36,539096.8,810032.56,VIP-357,Brand_Бре,Склад-Аты,0,completed
2025-10-17,LUX-11053,Колье из жемчуга,Ювелирные изделия,Атырау,Омаров Т.,Бутик,1,4877439.1,0,4877439.1,1498402.98,3379036.12,VIP-319,Brand_Юве,Склад-Аты,0,completed
2026-07-14,LUX-11054,Baccarat Rouge 540,Парфюмерия,Шымкент,Ким А.,Онлайн-магазин,1,156387.27,0,156387.27,54624.11,101763.15,VIP-767,Brand_Пар,Склад-Шым,0,completed
2025-09-28,LUX-11055,Часы Rolex,Аксессуары,Астана,Ким А.,Бутик,2,1387113.78,0,2774227.56,896578.57,1877648.99,VIP-635,Brand_Акс,Склад-Аст,0,completed
2026-03-17,LUX-11056,Jo Malone Wood Sage,Парфюмерия,Астана,Сатпаева А.,Бутик,1,195466.06,0,195466.06,48915.04,146551.03,VIP-698,Brand_Пар,Склад-Аст,0,completed
2025-08-19,LUX-11057,Tom Ford Oud Wood,Парфюмерия,Актау,Ахметова Д.,Онлайн-магазин,1,151680.58,0,151680.58,39603.01,112077.57,VIP-97,Brand_Пар,Склад-Акт,0,completed
2025-12-29,LUX-11058,Туфли на шпильке,Брендовые вещи,Алматы,Ахметова Д.,Бутик,1,1649859.53,15,1402380.6,329184.7,1073195.9,VIP-329,Brand_Бре,Склад-Алм,0,completed
2025-08-08,LUX-11059,Туфли на шпильке,Брендовые вещи,Актау,Омаров Т.,VIP-клиенты,1,1438485.48,0,1438485.48,505277.24,933208.24,VIP-630,Brand_Бре,Склад-Акт,0,cancelled
2026-04-14,LUX-11060,Колье из жемчуга,Ювелирные изделия,Актау,Ким А.,Бутик,1,4391675.87,0,4391675.87,1030476.9,3361198.97,VIP-837,Brand_Юве,Склад-Акт,0,completed
2026-07-09,LUX-11061,Запонки золотые,Аксессуары,Атырау,Омаров Т.,Бутик,1,1313112.36,0,1313112.36,423354.81,889757.54,VIP-856,Brand_Акс,Склад-Аты,0,completed
2026-05-09,LUX-11062,Туфли на шпильке,Брендовые вещи,Шымкент,Омаров Т.,VIP-клиенты,2,398473.38,0,796946.75,191848.05,605098.71,VIP-163,Brand_Бре,Склад-Шым,0,completed
2026-05-07,LUX-11063,Dior Sauvage,Парфюмерия,Актау,Ким А.,Бутик,1,156398.76,0,156398.76,39053.75,117345.01,VIP-829,Brand_Пар,Склад-Акт,0,completed
2025-11-24,LUX-11064,Запонки золотые,Аксессуары,Астана,Сатпаева А.,Онлайн-магазин,1,1113314.72,0,1113314.72,243013.61,870301.11,VIP-757,Brand_Акс,Склад-Аст,0,completed
2025-08-17,LUX-11065,Туфли на шпильке,Брендовые вещи,Шымкент,Ким А.,VIP-клиенты,1,195430.55,0,195430.55,65163.57,130266.97,VIP-750,Brand_Бре,Склад-Шым,0,completed
2025-11-26,LUX-11066,Кольцо с бриллиантом,Ювелирные изделия,Актау,Сатпаева А.,Онлайн-магазин,1,1952620.7,0,1952620.7,778153.81,1174466.89,VIP-986,Brand_Юве,Склад-Акт,0,completed
2025-09-21,LUX-11067,Часы Rolex,Аксессуары,Астана,Сатпаева А.,Бутик,1,1369952.41,10,1232957.17,317002.42,915954.75,VIP-404,Brand_Акс,Склад-Аст,0,completed
2026-05-30,LUX-11068,Пиджак кроя Slim,Брендовые вещи,Шымкент,Ким А.,Бутик,1,1507554.53,0,1507554.53,411951.17,1095603.36,VIP-163,Brand_Бре,Склад-Шым,0,completed
2025-08-23,LUX-11069,Платиновый браслет,Ювелирные изделия,Шымкент,Омаров Т.,Бутик,1,4387739.8,0,4387739.8,1232823.13,3154916.68,VIP-834,Brand_Юве,Склад-Шым,0,completed
2026-01-31,LUX-11070,Платье Haute Couture,Брендовые вещи,Атырау,Омаров Т.,Бутик,3,1437373.12,0,4312119.37,1529584.32,2782535.04,VIP-339,Brand_Бре,Склад-Аты,0,completed
2026-05-10,LUX-11071,Часы Rolex,Аксессуары,Астана,Сатпаева А.,Бутик,1,811303.32,0,811303.32,277599.59,533703.73,VIP-619,Brand_Акс,Склад-Аст,0,completed
2026-02-04,LUX-11072,Очки Ray-Ban,Аксессуары,Атырау,Омаров Т.,Бутик,1,1167690.56,0,1167690.56,294468.17,873222.39,VIP-86,Brand_Акс,Склад-Аты,0,completed
2026-02-03,LUX-11073,Туфли на шпильке,Брендовые вещи,Атырау,Ахметова Д.,Бутик,1,926760.19,0,926760.19,344681.43,582078.76,VIP-137,Brand_Бре,Склад-Аты,0,completed
2026-05-15,LUX-11074,Jo Malone Wood Sage,Парфюмерия,Актау,Ахметова Д.,Онлайн-магазин,1,177000.98,0,177000.98,67493.65,109507.32,VIP-987,Brand_Пар,Склад-Акт,0,completed
2025-07-28,LUX-11075,Кольцо с бриллиантом,Ювелирные изделия,Алматы,Сатпаева А.,Бутик,1,4732588.62,0,4732588.62,1023471.12,3709117.5,VIP-495,Brand_Юве,Склад-Алм,0,completed
2025-09-08,LUX-11076,Клатч вечерний,Аксессуары,Атырау,Ким А.,Бутик,1,695875.98,5,661082.18,251973.67,409108.51,VIP-138,Brand_Акс,Склад-Аты,1,returned
2025-10-27,LUX-11077,Платиновый браслет,Ювелирные изделия,Атырау,Омаров Т.,Бутик,1,4575076.5,0,4575076.5,1718080.78,2856995.72,VIP-837,Brand_Юве,Склад-Аты,0,completed
2025-11-08,LUX-11078,Клатч вечерний,Аксессуары,Шымкент,Омаров Т.,Бутик,1,546453.44,0,546453.44,177611.7,368841.74,VIP-39,Brand_Акс,Склад-Шым,0,completed
2025-12-16,LUX-11079,Шелковый платок,Брендовые вещи,Шымкент,Ахметова Д.,Бутик,1,1266820.4,0,1266820.4,411757.45,855062.94,VIP-458,Brand_Бре,Склад-Шым,0,completed
2026-04-30,LUX-11080,Пиджак кроя Slim,Брендовые вещи,Шымкент,Сатпаева А.,Бутик,2,630017.66,0,1260035.31,481414.08,778621.24,VIP-176,Brand_Бре,Склад-Шым,0,completed
2026-06-04,LUX-11081,Платье Haute Couture,Брендовые вещи,Актау,Ким А.,Бутик,1,433240.48,0,433240.48,151959.3,281281.18,VIP-499,Brand_Бре,Склад-Акт,0,completed
2025-12-18,LUX-11082,Baccarat Rouge 540,Парфюмерия,Шымкент,Сатпаева А.,Онлайн-магазин,1,118569.28,0,118569.28,27369.18,91200.1,VIP-25,Brand_Пар,Склад-Шым,0,completed
2026-01-06,LUX-11083,Туфли на шпильке,Брендовые вещи,Астана,Омаров Т.,Бутик,1,1776678.44,0,1776678.44,622150.91,1154527.52,VIP-137,Brand_Бре,Склад-Аст,0,completed
2025-12-07,LUX-11084,Туфли на шпильке,Брендовые вещи,Актау,Омаров Т.,Онлайн-магазин,1,729452.35,0,729452.35,241580.08,487872.28,VIP-562,Brand_Бре,Склад-Акт,0,completed
2026-07-12,LUX-11085,Пиджак кроя Slim,Брендовые вещи,Актау,Ким А.,Бутик,1,265316.65,0,265316.65,73656.57,191660.08,VIP-485,Brand_Бре,Склад-Акт,0,completed
2025-08-07,LUX-11086,Клатч вечерний,Аксессуары,Алматы,Омаров Т.,Бутик,1,1116591.07,0,1116591.07,417528.2,699062.87,VIP-483,Brand_Акс,Склад-Алм,0,completed
2025-08-20,LUX-11087,Tom Ford Oud Wood,Парфюмерия,Алматы,Ким А.,Бутик,1,101996.02,0,101996.02,39477.78,62518.24,VIP-589,Brand_Пар,Склад-Алм,0,completed
2026-04-06,LUX-11088,Шелковый платок,Брендовые вещи,Атырау,Сатпаева А.,VIP-клиенты,1,1758280.74,0,1758280.74,575211.4,1183069.34,VIP-767,Brand_Бре,Склад-Аты,0,completed
2026-01-19,LUX-11089,Сумка Birkin,Брендовые вещи,Шымкент,Ахметова Д.,Бутик,1,1335077.92,0,1335077.92,330095.96,1004981.96,VIP-895,Brand_Бре,Склад-Шым,0,completed
2025-11-18,LUX-11090,Кожаный ремень,Аксессуары,Астана,Ким А.,Бутик,2,1461646.23,0,2923292.46,1087636.49,1835655.97,VIP-147,Brand_Акс,Склад-Аст,0,completed
2026-02-15,LUX-11091,Chanel No 5,Парфюмерия,Астана,Ким А.,VIP-клиенты,1,254920.22,0,254920.22,98436.01,156484.22,VIP-905,Brand_Пар,Склад-Аст,0,completed
2026-03-30,LUX-11092,Кольцо с бриллиантом,Ювелирные изделия,Астана,Омаров Т.,Бутик,1,1634382.46,0,1634382.46,371383.06,1262999.4,VIP-371,Brand_Юве,Склад-Аст,0,completed
2026-05-09,LUX-11093,Запонки золотые,Аксессуары,Астана,Сатпаева А.,Бутик,1,360662.19,0,360662.19,136627.67,224034.52,VIP-231,Brand_Акс,Склад-Аст,0,completed
2025-10-29,LUX-11094,Dior Sauvage,Парфюмерия,Астана,Ким А.,Бутик,1,114875.41,0,114875.41,45326.88,69548.54,VIP-257,Brand_Пар,Склад-Аст,0,completed
2026-01-02,LUX-11095,Tom Ford Oud Wood,Парфюмерия,Актау,Ким А.,Бутик,1,235584.56,0,235584.56,61727.1,173857.46,VIP-583,Brand_Пар,Склад-Акт,0,completed
2026-03-01,LUX-11096,Пиджак кроя Slim,Брендовые вещи,Шымкент,Сатпаева А.,VIP-клиенты,1,975562.8,0,975562.8,315141.99,660420.8,VIP-517,Brand_Бре,Склад-Шым,0,completed
2025-11-23,LUX-11097,Jo Malone Wood Sage,Парфюмерия,Актау,Ким А.,Бутик,1,85458.13,0,85458.13,22480.03,62978.1,VIP-577,Brand_Пар,Склад-Акт,0,completed
2026-06-03,LUX-11098,Туфли на шпильке,Брендовые вещи,Атырау,Ким А.,VIP-клиенты,1,933273.77,0,933273.77,357487.08,575786.7,VIP-926,Brand_Бре,Склад-Аты,0,completed
2025-08-19,LUX-11099,Dior Sauvage,Парфюмерия,Атырау,Омаров Т.,Бутик,3,241721.07,0,725163.2,186162.78,539000.42,VIP-211,Brand_Пар,Склад-Аты,0,completed
2025-08-30,LUX-11100,Шелковый платок,Брендовые вещи,Атырау,Ахметова Д.,Бутик,1,1981244.05,0,1981244.05,612478.02,1368766.03,VIP-154,Brand_Бре,Склад-Аты,0,completed
2026-07-11,LUX-11101,Платиновый браслет,Ювелирные изделия,Алматы,Ахметова Д.,Бутик,1,385398.69,0,385398.69,119903.53,265495.15,VIP-58,Brand_Юве,Склад-Алм,0,completed
2025-12-05,LUX-11102,Кольцо с бриллиантом,Ювелирные изделия,Алматы,Сатпаева А.,Бутик,1,3277828.41,0,3277828.41,656419.03,2621409.37,VIP-588,Brand_Юве,Склад-Алм,0,completed
2026-05-11,LUX-11103,Серьги с изумрудом,Ювелирные изделия,Актау,Ахметова Д.,VIP-клиенты,1,3413425.67,0,3413425.67,896218.13,2517207.54,VIP-391,Brand_Юве,Склад-Акт,0,cancelled
2026-07-02,LUX-11104,Часы Rolex,Аксессуары,Астана,Ким А.,Онлайн-магазин,1,638332.21,0,638332.21,254397.9,383934.3,VIP-450,Brand_Акс,Склад-Аст,0,completed
2025-09-06,LUX-11105,Пиджак кроя Slim,Брендовые вещи,Актау,Ахметова Д.,Бутик,1,991542.82,0,991542.82,340185.44,651357.38,VIP-104,Brand_Бре,Склад-Акт,0,completed
2025-08-31,LUX-11106,Кольцо с бриллиантом,Ювелирные изделия,Астана,Сатпаева А.,VIP-клиенты,1,4235267.53,0,4235267.53,1307698.76,2927568.78,VIP-170,Brand_Юве,Склад-Аст,0,completed
2025-08-29,LUX-11107,Платье Haute Couture,Брендовые вещи,Актау,Ким А.,Бутик,1,269205.2,0,269205.2,65500.36,203704.85,VIP-417,Brand_Бре,Склад-Акт,0,completed
2026-05-24,LUX-11108,Платиновый браслет,Ювелирные изделия,Алматы,Ахметова Д.,Бутик,1,4989149.2,0,4989149.2,1382201.62,3606947.58,VIP-577,Brand_Юве,Склад-Алм,0,completed
2025-10-19,LUX-11109,Очки Ray-Ban,Аксессуары,Актау,Ахметова Д.,Бутик,1,1338301.1,0,1338301.1,281228.86,1057072.23,VIP-812,Brand_Акс,Склад-Акт,0,completed
2026-07-10,LUX-11110,Шелковый платок,Брендовые вещи,Шымкент,Ахметова Д.,VIP-клиенты,1,980343.38,0,980343.38,248809.14,731534.24,VIP-752,Brand_Бре,Склад-Шым,0,completed
2026-04-19,LUX-11111,Tom Ford Oud Wood,Парфюмерия,Астана,Ахметова Д.,Бутик,1,156424.44,0,156424.44,41258.51,115165.92,VIP-90,Brand_Пар,Склад-Аст,0,completed
2026-01-27,LUX-11112,Кожаный ремень,Аксессуары,Астана,Сатпаева А.,Бутик,1,339016.1,0,339016.1,128157.0,210859.09,VIP-983,Brand_Акс,Склад-Аст,0,cancelled
2025-07-17,LUX-11113,Золотая цепь,Ювелирные изделия,Атырау,Сатпаева А.,VIP-клиенты,1,4591390.5,0,4591390.5,1697909.89,2893480.6,VIP-19,Brand_Юве,Склад-Аты,0,completed
2025-08-12,LUX-11114,Шелковый платок,Брендовые вещи,Алматы,Ахметова Д.,Онлайн-магазин,1,2058313.71,0,2058313.71,752030.38,1306283.33,VIP-797,Brand_Бре,Склад-Алм,0,completed
2026-01-16,LUX-11115,Платье Haute Couture,Брендовые вещи,Астана,Сатпаева А.,Бутик,3,1433472.62,0,4300417.86,1053968.83,3246449.03,VIP-510,Brand_Бре,Склад-Аст,0,completed
2026-02-03,LUX-11116,Сумка Birkin,Брендовые вещи,Шымкент,Ахметова Д.,Бутик,1,1520342.29,0,1520342.29,457859.04,1062483.25,VIP-979,Brand_Бре,Склад-Шым,0,completed
2025-08-15,LUX-11117,Baccarat Rouge 540,Парфюмерия,Астана,Ким А.,Бутик,1,235313.37,0,235313.37,86075.1,149238.27,VIP-884,Brand_Пар,Склад-Аст,0,completed
2025-12-29,LUX-11118,Сумка Birkin,Брендовые вещи,Атырау,Ахметова Д.,Бутик,1,776478.76,0,776478.76,172194.14,604284.62,VIP-239,Brand_Бре,Склад-Аты,0,completed
2025-11-09,LUX-11119,Туфли на шпильке,Брендовые вещи,Шымкент,Ким А.,Бутик,1,1915998.55,0,1915998.55,749321.16,1166677.38,VIP-590,Brand_Бре,Склад-Шым,0,completed
2025-12-10,LUX-11120,Jo Malone Wood Sage,Парфюмерия,Алматы,Омаров Т.,VIP-клиенты,1,169291.7,15,143897.95,47281.04,96616.9,VIP-999,Brand_Пар,Склад-Алм,1,returned
2025-09-03,LUX-11121,Tom Ford Oud Wood,Парфюмерия,Алматы,Ким А.,VIP-клиенты,1,103047.51,0,103047.51,35863.64,67183.87,VIP-91,Brand_Пар,Склад-Алм,0,completed
2025-12-05,LUX-11122,Кольцо с бриллиантом,Ювелирные изделия,Алматы,Ким А.,Бутик,1,675395.42,0,675395.42,201262.47,474132.95,VIP-421,Brand_Юве,Склад-Алм,0,completed
2025-10-22,LUX-11123,Серьги с изумрудом,Ювелирные изделия,Актау,Ким А.,Бутик,1,2301829.03,0,2301829.03,906852.74,1394976.3,VIP-62,Brand_Юве,Склад-Акт,0,completed
2025-09-12,LUX-11124,Очки Ray-Ban,Аксессуары,Астана,Ким А.,Онлайн-магазин,1,1455998.4,15,1237598.64,274954.67,962643.98,VIP-666,Brand_Акс,Склад-Аст,0,completed
2025-10-15,LUX-11125,Золотая цепь,Ювелирные изделия,Алматы,Сатпаева А.,Бутик,1,655379.25,0,655379.25,240147.3,415231.95,VIP-330,Brand_Юве,Склад-Алм,0,completed
2025-08-05,LUX-11126,Кожаный ремень,Аксессуары,Актау,Ахметова Д.,VIP-клиенты,2,436035.15,0,872070.3,325984.22,546086.08,VIP-238,Brand_Акс,Склад-Акт,0,completed
2026-01-19,LUX-11127,Серьги с изумрудом,Ювелирные изделия,Атырау,Ахметова Д.,VIP-клиенты,3,269366.12,15,686883.6,195550.48,491333.12,VIP-937,Brand_Юве,Склад-Аты,0,completed
2025-08-14,LUX-11128,Пиджак кроя Slim,Брендовые вещи,Актау,Ким А.,Онлайн-магазин,1,1751399.62,0,1751399.62,388214.03,1363185.59,VIP-468,Brand_Бре,Склад-Акт,0,completed
2025-07-31,LUX-11129,Tom Ford Oud Wood,Парфюмерия,Астана,Ахметова Д.,Бутик,1,214155.05,0,214155.05,43671.45,170483.61,VIP-552,Brand_Пар,Склад-Аст,0,completed
2026-02-16,LUX-11130,Платиновый браслет,Ювелирные изделия,Астана,Ахметова Д.,Онлайн-магазин,1,4187896.46,0,4187896.46,1544687.69,2643208.77,VIP-935,Brand_Юве,Склад-Аст,0,completed
2026-03-25,LUX-11131,Платье Haute Couture,Брендовые вещи,Астана,Омаров Т.,VIP-клиенты,1,2029691.77,0,2029691.77,608123.01,1421568.76,VIP-653,Brand_Бре,Склад-Аст,0,completed
2026-07-03,LUX-11132,Baccarat Rouge 540,Парфюмерия,Атырау,Ахметова Д.,Онлайн-магазин,1,52598.92,0,52598.92,20328.92,32270.0,VIP-271,Brand_Пар,Склад-Аты,0,completed
2025-10-10,LUX-11133,Серьги с изумрудом,Ювелирные изделия,Алматы,Сатпаева А.,VIP-клиенты,1,2078713.14,0,2078713.14,582417.17,1496295.97,VIP-778,Brand_Юве,Склад-Алм,0,completed
2025-07-27,LUX-11134,Шелковый платок,Брендовые вещи,Шымкент,Омаров Т.,Онлайн-магазин,1,278069.94,0,278069.94,102990.22,175079.72,VIP-768,Brand_Бре,Склад-Шым,0,completed
2026-02-08,LUX-11135,Золотая цепь,Ювелирные изделия,Астана,Ким А.,VIP-клиенты,1,3360814.08,0,3360814.08,764326.71,2596487.37,VIP-93,Brand_Юве,Склад-Аст,0,completed
2026-03-28,LUX-11136,Часы Rolex,Аксессуары,Астана,Омаров Т.,VIP-клиенты,1,1521815.0,0,1521815.0,305954.69,1215860.31,VIP-233,Brand_Акс,Склад-Аст,0,completed
2026-03-01,LUX-11137,Очки Ray-Ban,Аксессуары,Алматы,Ахметова Д.,Бутик,1,742278.82,0,742278.82,244624.24,497654.58,VIP-710,Brand_Акс,Склад-Алм,0,completed
2026-06-24,LUX-11138,Платиновый браслет,Ювелирные изделия,Актау,Ким А.,Бутик,2,1126688.44,0,2253376.88,736201.5,1517175.38,VIP-570,Brand_Юве,Склад-Акт,0,completed
2025-10-09,LUX-11139,Кольцо с бриллиантом,Ювелирные изделия,Астана,Сатпаева А.,Бутик,3,674165.41,0,2022496.24,505912.32,1516583.92,VIP-137,Brand_Юве,Склад-Аст,0,completed
2026-04-29,LUX-11140,Серьги с изумрудом,Ювелирные изделия,Шымкент,Сатпаева А.,Бутик,1,3038126.32,0,3038126.32,1154554.09,1883572.23,VIP-738,Brand_Юве,Склад-Шым,0,completed
2026-04-14,LUX-11141,Серьги с изумрудом,Ювелирные изделия,Шымкент,Ким А.,Бутик,1,2726153.53,0,2726153.53,831483.11,1894670.42,VIP-469,Brand_Юве,Склад-Шым,0,completed
2025-10-30,LUX-11142,Серьги с изумрудом,Ювелирные изделия,Атырау,Омаров Т.,Онлайн-магазин,1,3808454.7,5,3618031.96,1130871.23,2487160.73,VIP-444,Brand_Юве,Склад-Аты,0,completed
2025-09-08,LUX-11143,Туфли на шпильке,Брендовые вещи,Алматы,Ахметова Д.,Онлайн-магазин,1,1038366.06,0,1038366.06,367113.76,671252.3,VIP-642,Brand_Бре,Склад-Алм,0,completed
2025-12-28,LUX-11144,Платье Haute Couture,Брендовые вещи,Алматы,Ким А.,Бутик,1,574913.68,0,574913.68,157347.84,417565.84,VIP-368,Brand_Бре,Склад-Алм,0,completed
2026-02-19,LUX-11145,Chanel No 5,Парфюмерия,Шымкент,Омаров Т.,Бутик,1,210459.05,0,210459.05,70726.94,139732.1,VIP-547,Brand_Пар,Склад-Шым,0,completed
2026-02-02,LUX-11146,Колье из жемчуга,Ювелирные изделия,Алматы,Сатпаева А.,Бутик,1,568207.88,0,568207.88,211518.06,356689.82,VIP-452,Brand_Юве,Склад-Алм,0,completed
2025-10-21,LUX-11147,Кольцо с бриллиантом,Ювелирные изделия,Астана,Омаров Т.,Бутик,1,3201373.43,0,3201373.43,1177045.82,2024327.61,VIP-566,Brand_Юве,Склад-Аст,0,completed
2026-07-03,LUX-11148,Очки Ray-Ban,Аксессуары,Астана,Омаров Т.,Бутик,1,721870.99,0,721870.99,147327.09,574543.9,VIP-69,Brand_Акс,Склад-Аст,0,completed
2026-05-09,LUX-11149,Tom Ford Oud Wood,Парфюмерия,Шымкент,Ким А.,Бутик,1,104402.62,0,104402.62,40266.17,64136.45,VIP-926,Brand_Пар,Склад-Шым,1,returned
2026-03-22,LUX-11150,Baccarat Rouge 540,Парфюмерия,Алматы,Сатпаева А.,Бутик,1,204773.49,0,204773.49,75285.19,129488.3,VIP-716,Brand_Пар,Склад-Алм,0,completed
2026-02-25,LUX-11151,Сумка Birkin,Брендовые вещи,Актау,Омаров Т.,VIP-клиенты,1,1415737.35,5,1344950.48,328942.31,1016008.17,VIP-736,Brand_Бре,Склад-Акт,0,completed
2026-06-11,LUX-11152,Колье из жемчуга,Ювелирные изделия,Астана,Омаров Т.,Бутик,1,3623638.85,0,3623638.85,1219916.26,2403722.59,VIP-832,Brand_Юве,Склад-Аст,0,completed
2026-01-25,LUX-11153,Очки Ray-Ban,Аксессуары,Астана,Ким А.,VIP-клиенты,1,378624.94,0,378624.94,109624.11,269000.83,VIP-976,Brand_Акс,Склад-Аст,0,completed
2026-06-18,LUX-11154,Сумка Birkin,Брендовые вещи,Астана,Сатпаева А.,VIP-клиенты,1,323143.56,0,323143.56,83254.56,239889.0,VIP-287,Brand_Бре,Склад-Аст,0,completed
2025-10-09,LUX-11155,Кожаный ремень,Аксессуары,Актау,Ким А.,VIP-клиенты,1,244471.77,0,244471.77,61148.78,183322.99,VIP-220,Brand_Акс,Склад-Акт,0,completed
2025-09-19,LUX-11156,Колье из жемчуга,Ювелирные изделия,Астана,Ахметова Д.,Бутик,1,2478322.8,0,2478322.8,510990.08,1967332.72,VIP-769,Brand_Юве,Склад-Аст,0,completed
2025-11-15,LUX-11157,Колье из жемчуга,Ювелирные изделия,Алматы,Сатпаева А.,VIP-клиенты,1,1746317.78,0,1746317.78,687095.35,1059222.43,VIP-937,Brand_Юве,Склад-Алм,0,completed
2026-03-11,LUX-11158,Пиджак кроя Slim,Брендовые вещи,Шымкент,Сатпаева А.,VIP-клиенты,1,1223317.67,0,1223317.67,259143.4,964174.27,VIP-360,Brand_Бре,Склад-Шым,0,completed
2026-05-14,LUX-11159,Chanel No 5,Парфюмерия,Астана,Сатпаева А.,VIP-клиенты,1,189404.31,0,189404.31,59606.63,129797.68,VIP-67,Brand_Пар,Склад-Аст,1,returned
2025-10-26,LUX-11160,Платье Haute Couture,Брендовые вещи,Астана,Ким А.,Бутик,2,501908.2,0,1003816.41,345237.69,658578.72,VIP-316,Brand_Бре,Склад-Аст,0,completed
2025-11-06,LUX-11161,Туфли на шпильке,Брендовые вещи,Актау,Ахметова Д.,VIP-клиенты,1,655767.73,0,655767.73,229790.09,425977.64,VIP-677,Brand_Бре,Склад-Акт,0,completed
2025-09-14,LUX-11162,Кольцо с бриллиантом,Ювелирные изделия,Алматы,Омаров Т.,Бутик,1,965841.47,0,965841.47,352000.93,613840.54,VIP-42,Brand_Юве,Склад-Алм,0,completed
2026-01-08,LUX-11163,Запонки золотые,Аксессуары,Шымкент,Ахметова Д.,Бутик,1,701524.92,15,596296.18,176170.5,420125.68,VIP-701,Brand_Акс,Склад-Шым,0,completed
2026-05-14,LUX-11164,Пиджак кроя Slim,Брендовые вещи,Атырау,Сатпаева А.,Онлайн-магазин,1,1608774.67,0,1608774.67,452267.57,1156507.1,VIP-80,Brand_Бре,Склад-Аты,0,cancelled
2026-04-13,LUX-11165,Кольцо с бриллиантом,Ювелирные изделия,Алматы,Омаров Т.,VIP-клиенты,1,3150106.77,0,3150106.77,1078731.06,2071375.71,VIP-505,Brand_Юве,Склад-Алм,0,completed
2025-09-04,LUX-11166,Tom Ford Oud Wood,Парфюмерия,Шымкент,Ахметова Д.,VIP-клиенты,1,147034.67,0,147034.67,31349.97,115684.69,VIP-952,Brand_Пар,Склад-Шым,0,completed
2026-06-29,LUX-11167,Сумка Birkin,Брендовые вещи,Алматы,Ким А.,Бутик,1,728826.55,0,728826.55,206509.67,522316.88,VIP-148,Brand_Бре,Склад-Алм,0,completed
2025-11-12,LUX-11168,Платиновый браслет,Ювелирные изделия,Шымкент,Ким А.,Бутик,1,603217.14,0,603217.14,144387.53,458829.61,VIP-339,Brand_Юве,Склад-Шым,0,completed
2026-01-16,LUX-11169,Tom Ford Oud Wood,Парфюмерия,Атырау,Сатпаева А.,Бутик,1,139720.55,0,139720.55,51495.44,88225.11,VIP-891,Brand_Пар,Склад-Аты,0,completed
2025-12-10,LUX-11170,Серьги с изумрудом,Ювелирные изделия,Астана,Омаров Т.,VIP-клиенты,1,3530473.56,5,3353949.89,1264012.88,2089937.0,VIP-39,Brand_Юве,Склад-Аст,0,completed
2025-12-15,LUX-11171,Baccarat Rouge 540,Парфюмерия,Атырау,Ахметова Д.,VIP-клиенты,1,142009.1,0,142009.1,42884.89,99124.22,VIP-914,Brand_Пар,Склад-Аты,0,completed
2025-12-30,LUX-11172,Платье Haute Couture,Брендовые вещи,Атырау,Ким А.,Онлайн-магазин,1,242002.71,0,242002.71,80005.78,161996.93,VIP-394,Brand_Бре,Склад-Аты,0,completed
2026-03-24,LUX-11173,Baccarat Rouge 540,Парфюмерия,Астана,Омаров Т.,Бутик,1,83978.79,0,83978.79,19418.7,64560.09,VIP-756,Brand_Пар,Склад-Аст,0,completed
2026-04-17,LUX-11174,Очки Ray-Ban,Аксессуары,Атырау,Ахметова Д.,Бутик,2,692569.36,0,1385138.72,286018.23,1099120.49,VIP-953,Brand_Акс,Склад-Аты,0,completed
2025-09-09,LUX-11175,Серьги с изумрудом,Ювелирные изделия,Атырау,Ахметова Д.,VIP-клиенты,1,1864970.58,15,1585224.99,619180.02,966044.98,VIP-444,Brand_Юве,Склад-Аты,0,completed
2025-11-09,LUX-11176,Шелковый платок,Брендовые вещи,Шымкент,Ахметова Д.,Бутик,1,1105841.31,0,1105841.31,436217.24,669624.07,VIP-18,Brand_Бре,Склад-Шым,0,completed
2025-11-14,LUX-11177,Золотая цепь,Ювелирные изделия,Астана,Ким А.,VIP-клиенты,1,2926282.97,0,2926282.97,638989.7,2287293.27,VIP-557,Brand_Юве,Склад-Аст,0,completed
2026-04-12,LUX-11178,Chanel No 5,Парфюмерия,Шымкент,Омаров Т.,Бутик,1,231279.13,0,231279.13,91720.97,139558.17,VIP-574,Brand_Пар,Склад-Шым,1,returned
2025-12-19,LUX-11179,Платье Haute Couture,Брендовые вещи,Шымкент,Ким А.,VIP-клиенты,1,505729.93,0,505729.93,191813.67,313916.26,VIP-252,Brand_Бре,Склад-Шым,0,completed
2025-08-12,LUX-11180,Запонки золотые,Аксессуары,Алматы,Ахметова Д.,Бутик,1,1054303.7,0,1054303.7,359955.93,694347.77,VIP-558,Brand_Акс,Склад-Алм,0,completed
2025-11-09,LUX-11181,Chanel No 5,Парфюмерия,Актау,Ахметова Д.,VIP-клиенты,1,206492.72,0,206492.72,53480.83,153011.89,VIP-222,Brand_Пар,Склад-Акт,0,completed
2026-05-29,LUX-11182,Dior Sauvage,Парфюмерия,Астана,Омаров Т.,Бутик,1,100507.79,0,100507.79,36026.78,64481.01,VIP-85,Brand_Пар,Склад-Аст,0,completed
2025-08-15,LUX-11183,Tom Ford Oud Wood,Парфюмерия,Актау,Сатпаева А.,VIP-клиенты,1,107019.62,0,107019.62,33017.51,74002.1,VIP-520,Brand_Пар,Склад-Акт,0,completed
2026-06-08,LUX-11184,Часы Rolex,Аксессуары,Астана,Омаров Т.,Бутик,1,692190.71,0,692190.71,197964.79,494225.92,VIP-380,Brand_Акс,Склад-Аст,0,completed
2026-02-04,LUX-11185,Кольцо с бриллиантом,Ювелирные изделия,Астана,Ахметова Д.,VIP-клиенты,1,1514550.21,0,1514550.21,412905.7,1101644.51,VIP-933,Brand_Юве,Склад-Аст,0,completed
2026-02-24,LUX-11186,Шелковый платок,Брендовые вещи,Шымкент,Ахметова Д.,VIP-клиенты,1,705720.02,0,705720.02,261897.3,443822.72,VIP-521,Brand_Бре,Склад-Шым,0,completed
2025-11-12,LUX-11187,Туфли на шпильке,Брендовые вещи,Атырау,Сатпаева А.,VIP-клиенты,1,512601.35,0,512601.35,159276.25,353325.1,VIP-46,Brand_Бре,Склад-Аты,0,completed
2026-06-09,LUX-11188,Кольцо с бриллиантом,Ювелирные изделия,Актау,Ахметова Д.,VIP-клиенты,1,4048958.8,0,4048958.8,1197274.25,2851684.55,VIP-723,Brand_Юве,Склад-Акт,0,completed
2025-12-21,LUX-11189,Серьги с изумрудом,Ювелирные изделия,Атырау,Сатпаева А.,VIP-клиенты,1,765822.93,5,727531.79,186885.18,540646.6,VIP-640,Brand_Юве,Склад-Аты,0,completed
2026-01-13,LUX-11190,Платиновый браслет,Ювелирные изделия,Атырау,Ахметова Д.,Бутик,1,4872954.81,0,4872954.81,1596873.13,3276081.68,VIP-836,Brand_Юве,Склад-Аты,0,completed
2026-01-24,LUX-11191,Tom Ford Oud Wood,Парфюмерия,Алматы,Омаров Т.,VIP-клиенты,1,216688.69,0,216688.69,59602.26,157086.43,VIP-786,Brand_Пар,Склад-Алм,0,completed
2026-07-12,LUX-11192,Туфли на шпильке,Брендовые вещи,Актау,Ким А.,Бутик,1,164215.21,0,164215.21,43587.32,120627.89,VIP-515,Brand_Бре,Склад-Акт,0,completed
2025-09-23,LUX-11193,Кожаный ремень,Аксессуары,Атырау,Омаров Т.,Бутик,1,974140.96,0,974140.96,349854.18,624286.78,VIP-610,Brand_Акс,Склад-Аты,0,completed
2025-11-21,LUX-11194,Очки Ray-Ban,Аксессуары,Алматы,Ким А.,VIP-клиенты,1,569157.44,15,483783.82,188548.05,295235.77,VIP-609,Brand_Акс,Склад-Алм,0,completed
2025-09-12,LUX-11195,Jo Malone Wood Sage,Парфюмерия,Шымкент,Ахметова Д.,Бутик,1,84246.31,0,84246.31,25163.24,59083.07,VIP-950,Brand_Пар,Склад-Шым,0,completed
2025-11-19,LUX-11196,Платиновый браслет,Ювелирные изделия,Актау,Омаров Т.,Бутик,1,3471408.47,0,3471408.47,1313441.99,2157966.48,VIP-951,Brand_Юве,Склад-Акт,0,completed
2026-05-10,LUX-11197,Пиджак кроя Slim,Брендовые вещи,Шымкент,Омаров Т.,Онлайн-магазин,1,1586567.82,0,1586567.82,449682.15,1136885.67,VIP-823,Brand_Бре,Склад-Шым,0,completed
2025-12-09,LUX-11198,Часы Rolex,Аксессуары,Алматы,Ахметова Д.,Бутик,1,1571042.49,0,1571042.49,478470.9,1092571.59,VIP-738,Brand_Акс,Склад-Алм,0,completed
2026-05-05,LUX-11199,Платиновый браслет,Ювелирные изделия,Астана,Сатпаева А.,Бутик,1,2770669.59,0,2770669.59,684340.52,2086329.07,VIP-617,Brand_Юве,Склад-Аст,0,completed
2025-08-25,LUX-11200,Золотая цепь,Ювелирные изделия,Алматы,Ким А.,Бутик,1,5102546.73,0,5102546.73,1355031.02,3747515.71,VIP-82,Brand_Юве,Склад-Алм,0,completed
2025-08-03,LUX-11201,Очки Ray-Ban,Аксессуары,Шымкент,Ахметова Д.,VIP-клиенты,1,126878.08,15,107846.37,26253.66,81592.71,VIP-240,Brand_Акс,Склад-Шым,0,completed
2025-12-16,LUX-11202,Платиновый браслет,Ювелирные изделия,Алматы,Омаров Т.,Онлайн-магазин,1,2797884.23,0,2797884.23,1059318.68,1738565.55,VIP-893,Brand_Юве,Склад-Алм,0,completed
2025-08-08,LUX-11203,Платиновый браслет,Ювелирные изделия,Алматы,Омаров Т.,VIP-клиенты,1,2342410.29,10,2108169.26,652152.22,1456017.04,VIP-731,Brand_Юве,Склад-Алм,0,completed
2026-04-17,LUX-11204,Шелковый платок,Брендовые вещи,Атырау,Сатпаева А.,Бутик,1,503560.76,0,503560.76,168224.75,335336.01,VIP-43,Brand_Бре,Склад-Аты,0,completed
2026-05-08,LUX-11205,Очки Ray-Ban,Аксессуары,Шымкент,Сатпаева А.,Бутик,2,165665.41,0,331330.82,100752.27,230578.55,VIP-939,Brand_Акс,Склад-Шым,0,completed
2025-08-14,LUX-11206,Dior Sauvage,Парфюмерия,Алматы,Ким А.,Бутик,1,144637.96,0,144637.96,37914.66,106723.29,VIP-593,Brand_Пар,Склад-Алм,0,completed
2026-04-07,LUX-11207,Платье Haute Couture,Брендовые вещи,Атырау,Сатпаева А.,VIP-клиенты,1,703872.53,0,703872.53,216317.98,487554.55,VIP-296,Brand_Бре,Склад-Аты,0,completed
2025-10-05,LUX-11208,Кольцо с бриллиантом,Ювелирные изделия,Астана,Омаров Т.,VIP-клиенты,1,1617903.29,10,1456112.96,476193.1,979919.86,VIP-798,Brand_Юве,Склад-Аст,1,returned
2026-05-10,LUX-11209,Сумка Birkin,Брендовые вещи,Алматы,Омаров Т.,Онлайн-магазин,1,359264.46,0,359264.46,115032.14,244232.32,VIP-320,Brand_Бре,Склад-Алм,0,completed
2026-04-26,LUX-11210,Туфли на шпильке,Брендовые вещи,Астана,Сатпаева А.,Онлайн-магазин,1,397845.68,0,397845.68,114532.87,283312.81,VIP-152,Brand_Бре,Склад-Аст,0,completed
2025-10-02,LUX-11211,Клатч вечерний,Аксессуары,Атырау,Сатпаева А.,Бутик,1,534944.5,0,534944.5,162460.22,372484.28,VIP-105,Brand_Акс,Склад-Аты,0,completed
2026-04-13,LUX-11212,Колье из жемчуга,Ювелирные изделия,Астана,Сатпаева А.,Онлайн-магазин,2,2761150.16,0,5522300.31,2148410.61,3373889.7,VIP-684,Brand_Юве,Склад-Аст,0,completed
2026-02-28,LUX-11213,Платиновый браслет,Ювелирные изделия,Астана,Ким А.,Бутик,1,2913756.01,0,2913756.01,1058886.79,1854869.21,VIP-358,Brand_Юве,Склад-Аст,0,completed
2026-01-04,LUX-11214,Пиджак кроя Slim,Брендовые вещи,Алматы,Ахметова Д.,Бутик,1,1942515.19,0,1942515.19,646131.4,1296383.79,VIP-672,Brand_Бре,Склад-Алм,0,completed
2025-11-13,LUX-11215,Запонки золотые,Аксессуары,Актау,Сатпаева А.,Бутик,1,1203854.44,0,1203854.44,397506.23,806348.21,VIP-51,Brand_Акс,Склад-Акт,0,completed
2025-08-18,LUX-11216,Очки Ray-Ban,Аксессуары,Атырау,Ким А.,Бутик,1,1155342.88,0,1155342.88,350463.57,804879.31,VIP-291,Brand_Акс,Склад-Аты,0,completed
2025-07-20,LUX-11217,Платье Haute Couture,Брендовые вещи,Алматы,Омаров Т.,Бутик,1,1097778.38,0,1097778.38,224824.35,872954.03,VIP-451,Brand_Бре,Склад-Алм,0,completed
2026-05-12,LUX-11218,Chanel No 5,Парфюмерия,Астана,Сатпаева А.,Бутик,1,98295.19,10,88465.67,22717.12,65748.54,VIP-640,Brand_Пар,Склад-Аст,0,completed
2026-01-28,LUX-11219,Платиновый браслет,Ювелирные изделия,Алматы,Сатпаева А.,VIP-клиенты,1,885281.08,0,885281.08,213054.36,672226.72,VIP-346,Brand_Юве,Склад-Алм,0,completed
2026-04-12,LUX-11220,Baccarat Rouge 540,Парфюмерия,Астана,Ахметова Д.,VIP-клиенты,1,95156.53,0,95156.53,24919.96,70236.57,VIP-566,Brand_Пар,Склад-Аст,0,completed
2026-05-23,LUX-11221,Кожаный ремень,Аксессуары,Алматы,Сатпаева А.,Бутик,1,152002.56,0,152002.56,57205.89,94796.67,VIP-89,Brand_Акс,Склад-Алм,0,completed
2025-12-06,LUX-11222,Платиновый браслет,Ювелирные изделия,Шымкент,Ахметова Д.,Бутик,3,635508.92,0,1906526.75,754329.59,1152197.16,VIP-871,Brand_Юве,Склад-Шым,3,returned
2026-06-20,LUX-11223,Шелковый платок,Брендовые вещи,Актау,Ахметова Д.,VIP-клиенты,1,1581685.54,0,1581685.54,526881.05,1054804.49,VIP-742,Brand_Бре,Склад-Акт,0,completed
2025-10-07,LUX-11224,Клатч вечерний,Аксессуары,Актау,Ахметова Д.,VIP-клиенты,1,236278.0,0,236278.0,83371.37,152906.63,VIP-708,Brand_Акс,Склад-Акт,0,completed
2026-07-03,LUX-11225,Серьги с изумрудом,Ювелирные изделия,Шымкент,Ахметова Д.,Онлайн-магазин,1,1154822.15,0,1154822.15,400903.6,753918.55,VIP-402,Brand_Юве,Склад-Шым,0,completed
2026-05-02,LUX-11226,Сумка Birkin,Брендовые вещи,Актау,Омаров Т.,Бутик,1,657651.39,0,657651.39,220299.79,437351.6,VIP-393,Brand_Бре,Склад-Акт,0,completed
2025-08-16,LUX-11227,Кожаный ремень,Аксессуары,Актау,Ким А.,Бутик,1,998865.35,0,998865.35,347771.1,651094.25,VIP-306,Brand_Акс,Склад-Акт,0,completed
2026-04-20,LUX-11228,Колье из жемчуга,Ювелирные изделия,Атырау,Ким А.,Бутик,2,2578246.98,0,5156493.95,1409133.26,3747360.69,VIP-136,Brand_Юве,Склад-Аты,0,completed
2025-09-06,LUX-11229,Baccarat Rouge 540,Парфюмерия,Шымкент,Омаров Т.,VIP-клиенты,1,149503.6,0,149503.6,33875.26,115628.34,VIP-505,Brand_Пар,Склад-Шым,0,completed
2026-02-22,LUX-11230,Tom Ford Oud Wood,Парфюмерия,Шымкент,Омаров Т.,Бутик,1,119659.12,0,119659.12,44824.35,74834.77,VIP-64,Brand_Пар,Склад-Шым,0,completed
2026-05-22,LUX-11231,Золотая цепь,Ювелирные изделия,Алматы,Сатпаева А.,Бутик,2,4581900.73,0,9163801.46,2254573.46,6909228.01,VIP-165,Brand_Юве,Склад-Алм,0,completed
2025-10-05,LUX-11232,Платиновый браслет,Ювелирные изделия,Атырау,Сатпаева А.,VIP-клиенты,1,4732099.75,0,4732099.75,1771126.78,2960972.98,VIP-191,Brand_Юве,Склад-Аты,0,completed
2025-12-25,LUX-11233,Золотая цепь,Ювелирные изделия,Атырау,Сатпаева А.,Бутик,1,2460254.28,0,2460254.28,851689.97,1608564.31,VIP-636,Brand_Юве,Склад-Аты,0,completed
2025-08-27,LUX-11234,Платье Haute Couture,Брендовые вещи,Алматы,Омаров Т.,Бутик,1,991665.38,0,991665.38,282252.94,709412.44,VIP-331,Brand_Бре,Склад-Алм,0,completed
2026-03-09,LUX-11235,Клатч вечерний,Аксессуары,Астана,Ким А.,VIP-клиенты,3,1529719.5,5,4359700.59,1687000.73,2672699.85,VIP-201,Brand_Акс,Склад-Аст,0,completed
2025-12-23,LUX-11236,Chanel No 5,Парфюмерия,Астана,Омаров Т.,Бутик,1,169941.13,0,169941.13,49834.83,120106.3,VIP-449,Brand_Пар,Склад-Аст,0,completed
2025-12-30,LUX-11237,Baccarat Rouge 540,Парфюмерия,Астана,Ким А.,Бутик,2,93913.04,10,169043.46,37787.22,131256.24,VIP-121,Brand_Пар,Склад-Аст,0,completed
2026-01-02,LUX-11238,Шелковый платок,Брендовые вещи,Астана,Ахметова Д.,Бутик,1,948783.22,0,948783.22,314727.67,634055.56,VIP-808,Brand_Бре,Склад-Аст,0,completed
2026-07-13,LUX-11239,Сумка Birkin,Брендовые вещи,Астана,Ахметова Д.,Бутик,1,1660591.21,0,1660591.21,550731.02,1109860.19,VIP-780,Brand_Бре,Склад-Аст,0,completed
2025-09-07,LUX-11240,Колье из жемчуга,Ювелирные изделия,Алматы,Ахметова Д.,VIP-клиенты,1,2909692.52,0,2909692.52,1054032.08,1855660.44,VIP-715,Brand_Юве,Склад-Алм,0,completed
2026-03-17,LUX-11241,Jo Malone Wood Sage,Парфюмерия,Актау,Ахметова Д.,Бутик,1,95512.3,0,95512.3,36240.1,59272.21,VIP-502,Brand_Пар,Склад-Акт,0,completed
2026-02-08,LUX-11242,Золотая цепь,Ювелирные изделия,Астана,Ахметова Д.,Бутик,1,4712655.88,0,4712655.88,1786977.8,2925678.08,VIP-359,Brand_Юве,Склад-Аст,0,completed
2026-07-05,LUX-11243,Шелковый платок,Брендовые вещи,Астана,Сатпаева А.,Бутик,1,708317.58,0,708317.58,234785.62,473531.96,VIP-159,Brand_Бре,Склад-Аст,0,completed
2025-12-18,LUX-11244,Dior Sauvage,Парфюмерия,Актау,Ахметова Д.,Онлайн-магазин,1,146730.4,15,124720.84,44744.02,79976.82,VIP-739,Brand_Пар,Склад-Акт,0,completed
2025-11-24,LUX-11245,Платиновый браслет,Ювелирные изделия,Актау,Ким А.,Бутик,1,1918613.08,0,1918613.08,605896.45,1312716.64,VIP-729,Brand_Юве,Склад-Акт,0,completed
2025-09-02,LUX-11246,Платиновый браслет,Ювелирные изделия,Актау,Омаров Т.,Бутик,1,3914152.9,0,3914152.9,913764.62,3000388.28,VIP-572,Brand_Юве,Склад-Акт,0,completed
2026-02-11,LUX-11247,Сумка Birkin,Брендовые вещи,Атырау,Ким А.,VIP-клиенты,1,1863368.58,0,1863368.58,453825.67,1409542.91,VIP-506,Brand_Бре,Склад-Аты,0,completed
2025-09-10,LUX-11248,Jo Malone Wood Sage,Парфюмерия,Актау,Сатпаева А.,Бутик,1,51143.95,0,51143.95,17629.4,33514.55,VIP-508,Brand_Пар,Склад-Акт,0,completed
2025-12-26,LUX-11249,Туфли на шпильке,Брендовые вещи,Актау,Сатпаева А.,Онлайн-магазин,1,1049784.47,0,1049784.47,311903.16,737881.31,VIP-866,Brand_Бре,Склад-Акт,0,completed
2025-12-26,LUX-11250,Шелковый платок,Брендовые вещи,Актау,Омаров Т.,VIP-клиенты,1,395604.35,0,395604.35,131290.89,264313.47,VIP-464,Brand_Бре,Склад-Акт,0,completed
2025-12-27,LUX-11251,Платиновый браслет,Ювелирные изделия,Атырау,Омаров Т.,Бутик,1,4993861.27,0,4993861.27,1113153.9,3880707.36,VIP-850,Brand_Юве,Склад-Аты,0,completed
2026-04-06,LUX-11252,Tom Ford Oud Wood,Парфюмерия,Алматы,Омаров Т.,Бутик,1,54874.78,0,54874.78,15101.61,39773.17,VIP-709,Brand_Пар,Склад-Алм,0,completed
2026-07-04,LUX-11253,Chanel No 5,Парфюмерия,Шымкент,Омаров Т.,Бутик,1,220042.27,0,220042.27,46604.42,173437.85,VIP-191,Brand_Пар,Склад-Шым,0,completed
2025-08-25,LUX-11254,Dior Sauvage,Парфюмерия,Атырау,Ким А.,Онлайн-магазин,1,208357.86,0,208357.86,57874.64,150483.21,VIP-344,Brand_Пар,Склад-Аты,0,completed
2025-10-04,LUX-11255,Шелковый платок,Брендовые вещи,Шымкент,Сатпаева А.,VIP-клиенты,1,862719.2,0,862719.2,223666.86,639052.34,VIP-869,Brand_Бре,Склад-Шым,0,completed
2026-05-02,LUX-11256,Кольцо с бриллиантом,Ювелирные изделия,Актау,Омаров Т.,Бутик,1,3119119.86,0,3119119.86,1211166.88,1907952.99,VIP-314,Brand_Юве,Склад-Акт,0,completed
2025-10-05,LUX-11257,Chanel No 5,Парфюмерия,Шымкент,Ахметова Д.,Бутик,1,119319.96,0,119319.96,40050.39,79269.57,VIP-514,Brand_Пар,Склад-Шым,0,completed
2025-11-27,LUX-11258,Золотая цепь,Ювелирные изделия,Астана,Омаров Т.,VIP-клиенты,1,3376917.66,0,3376917.66,1304825.78,2072091.88,VIP-457,Brand_Юве,Склад-Аст,0,completed
2026-03-15,LUX-11259,Dior Sauvage,Парфюмерия,Астана,Ким А.,Бутик,1,84471.52,0,84471.52,18418.35,66053.17,VIP-500,Brand_Пар,Склад-Аст,0,completed
2026-07-05,LUX-11260,Сумка Birkin,Брендовые вещи,Актау,Ким А.,VIP-клиенты,1,1007439.89,0,1007439.89,202005.23,805434.66,VIP-215,Brand_Бре,Склад-Акт,0,completed
2025-12-05,LUX-11261,Платиновый браслет,Ювелирные изделия,Актау,Ким А.,Онлайн-магазин,1,2176090.11,0,2176090.11,813096.96,1362993.15,VIP-492,Brand_Юве,Склад-Акт,0,completed
2025-09-26,LUX-11262,Кольцо с бриллиантом,Ювелирные изделия,Алматы,Ким А.,Бутик,1,3696249.79,0,3696249.79,1259162.23,2437087.56,VIP-787,Brand_Юве,Склад-Алм,0,completed
2025-08-13,LUX-11263,Клатч вечерний,Аксессуары,Астана,Омаров Т.,VIP-клиенты,1,1287255.81,0,1287255.81,407230.56,880025.25,VIP-898,Brand_Акс,Склад-Аст,0,completed
2025-09-10,LUX-11264,Сумка Birkin,Брендовые вещи,Актау,Ахметова Д.,Бутик,2,2033882.88,0,4067765.76,1053816.44,3013949.32,VIP-368,Brand_Бре,Склад-Акт,0,completed
2025-09-14,LUX-11265,Сумка Birkin,Брендовые вещи,Алматы,Омаров Т.,VIP-клиенты,1,1087703.45,0,1087703.45,226689.92,861013.53,VIP-76,Brand_Бре,Склад-Алм,0,completed
2025-12-08,LUX-11266,Кольцо с бриллиантом,Ювелирные изделия,Астана,Ким А.,Бутик,1,2747764.98,0,2747764.98,739223.24,2008541.74,VIP-641,Brand_Юве,Склад-Аст,0,completed
2025-10-08,LUX-11267,Jo Malone Wood Sage,Парфюмерия,Актау,Сатпаева А.,VIP-клиенты,3,246997.78,10,666894.01,173056.91,493837.1,VIP-294,Brand_Пар,Склад-Акт,3,returned
2025-10-19,LUX-11268,Сумка Birkin,Брендовые вещи,Шымкент,Ким А.,Онлайн-магазин,1,664437.44,0,664437.44,239166.3,425271.14,VIP-35,Brand_Бре,Склад-Шым,0,completed
2025-08-29,LUX-11269,Туфли на шпильке,Брендовые вещи,Шымкент,Ахметова Д.,Бутик,1,393379.44,0,393379.44,123712.98,269666.46,VIP-382,Brand_Бре,Склад-Шым,0,completed
2025-11-29,LUX-11270,Baccarat Rouge 540,Парфюмерия,Астана,Ким А.,VIP-клиенты,3,91393.68,0,274181.03,107212.59,166968.44,VIP-637,Brand_Пар,Склад-Аст,0,completed
2026-05-09,LUX-11271,Пиджак кроя Slim,Брендовые вещи,Шымкент,Ким А.,Бутик,1,1319567.19,0,1319567.19,447622.62,871944.57,VIP-149,Brand_Бре,Склад-Шым,1,returned
2026-03-09,LUX-11272,Запонки золотые,Аксессуары,Алматы,Сатпаева А.,Бутик,1,610930.35,0,610930.35,174376.48,436553.86,VIP-617,Brand_Акс,Склад-Алм,0,completed
2026-03-31,LUX-11273,Очки Ray-Ban,Аксессуары,Алматы,Ким А.,Бутик,1,1027432.55,0,1027432.55,224778.44,802654.11,VIP-461,Brand_Акс,Склад-Алм,0,completed
2026-03-30,LUX-11274,Кольцо с бриллиантом,Ювелирные изделия,Алматы,Ахметова Д.,Бутик,2,2563375.07,0,5126750.14,1134275.9,3992474.24,VIP-896,Brand_Юве,Склад-Алм,0,completed
2025-12-10,LUX-11275,Туфли на шпильке,Брендовые вещи,Шымкент,Омаров Т.,Бутик,1,750199.67,0,750199.67,176221.75,573977.92,VIP-838,Brand_Бре,Склад-Шым,0,completed
2025-08-02,LUX-11276,Chanel No 5,Парфюмерия,Актау,Сатпаева А.,Бутик,1,183309.84,10,164978.86,48741.22,116237.63,VIP-288,Brand_Пар,Склад-Акт,0,completed
2026-01-27,LUX-11277,Часы Rolex,Аксессуары,Астана,Ахметова Д.,Бутик,2,945885.42,0,1891770.85,754444.49,1137326.36,VIP-895,Brand_Акс,Склад-Аст,0,completed
2025-11-18,LUX-11278,Chanel No 5,Парфюмерия,Алматы,Ахметова Д.,VIP-клиенты,1,197208.89,15,167627.56,37619.61,130007.95,VIP-977,Brand_Пар,Склад-Алм,0,completed
2025-09-15,LUX-11279,Baccarat Rouge 540,Парфюмерия,Атырау,Сатпаева А.,Бутик,1,170279.8,0,170279.8,45599.03,124680.77,VIP-43,Brand_Пар,Склад-Аты,0,completed
2025-07-28,LUX-11280,Кольцо с бриллиантом,Ювелирные изделия,Атырау,Омаров Т.,Бутик,1,4638165.34,5,4406257.07,1344972.29,3061284.78,VIP-752,Brand_Юве,Склад-Аты,0,completed
2026-02-08,LUX-11281,Туфли на шпильке,Брендовые вещи,Шымкент,Ахметова Д.,VIP-клиенты,1,1201342.11,0,1201342.11,244662.92,956679.19,VIP-516,Brand_Бре,Склад-Шым,0,completed
2026-04-24,LUX-11282,Часы Rolex,Аксессуары,Астана,Ким А.,Бутик,1,160585.44,10,144526.9,32729.71,111797.19,VIP-227,Brand_Акс,Склад-Аст,0,completed
2026-06-18,LUX-11283,Кольцо с бриллиантом,Ювелирные изделия,Атырау,Ахметова Д.,Онлайн-магазин,1,3601214.67,15,3061032.47,846897.0,2214135.47,VIP-245,Brand_Юве,Склад-Аты,0,completed
2026-03-04,LUX-11284,Часы Rolex,Аксессуары,Астана,Ким А.,Онлайн-магазин,1,372167.97,0,372167.97,118717.44,253450.53,VIP-103,Brand_Акс,Склад-Аст,0,completed
2026-04-12,LUX-11285,Золотая цепь,Ювелирные изделия,Астана,Ким А.,Бутик,1,2735067.5,0,2735067.5,818921.77,1916145.73,VIP-83,Brand_Юве,Склад-Аст,0,completed
2026-01-22,LUX-11286,Запонки золотые,Аксессуары,Актау,Сатпаева А.,Бутик,1,249954.09,0,249954.09,51675.34,198278.75,VIP-588,Brand_Акс,Склад-Акт,0,completed
2026-06-29,LUX-11287,Сумка Birkin,Брендовые вещи,Атырау,Ахметова Д.,Бутик,1,888199.51,10,799379.55,237993.9,561385.66,VIP-902,Brand_Бре,Склад-Аты,0,completed
2025-08-31,LUX-11288,Золотая цепь,Ювелирные изделия,Атырау,Сатпаева А.,VIP-клиенты,1,5185972.29,0,5185972.29,1596233.63,3589738.66,VIP-531,Brand_Юве,Склад-Аты,0,completed
2025-07-24,LUX-11289,Tom Ford Oud Wood,Парфюмерия,Астана,Сатпаева А.,VIP-клиенты,2,88547.83,0,177095.67,55435.87,121659.8,VIP-163,Brand_Пар,Склад-Аст,0,completed
2025-11-02,LUX-11290,Chanel No 5,Парфюмерия,Шымкент,Ким А.,VIP-клиенты,1,121326.94,0,121326.94,36434.86,84892.08,VIP-289,Brand_Пар,Склад-Шым,1,returned
2026-06-07,LUX-11291,Колье из жемчуга,Ювелирные изделия,Атырау,Ахметова Д.,Бутик,1,3998377.53,0,3998377.53,1458943.19,2539434.34,VIP-822,Brand_Юве,Склад-Аты,0,completed
2026-06-07,LUX-11292,Колье из жемчуга,Ювелирные изделия,Шымкент,Сатпаева А.,Бутик,1,909302.47,0,909302.47,307068.01,602234.47,VIP-645,Brand_Юве,Склад-Шым,0,completed
2026-02-21,LUX-11293,Платиновый браслет,Ювелирные изделия,Астана,Омаров Т.,VIP-клиенты,1,2121140.92,0,2121140.92,836901.62,1284239.3,VIP-997,Brand_Юве,Склад-Аст,0,completed
2025-12-12,LUX-11294,Очки Ray-Ban,Аксессуары,Шымкент,Омаров Т.,Бутик,1,141797.95,0,141797.95,40078.19,101719.76,VIP-861,Brand_Акс,Склад-Шым,0,completed
2026-01-11,LUX-11295,Кольцо с бриллиантом,Ювелирные изделия,Алматы,Омаров Т.,Онлайн-магазин,1,2709764.79,0,2709764.79,988859.49,1720905.3,VIP-574,Brand_Юве,Склад-Алм,0,completed
2025-10-05,LUX-11296,Сумка Birkin,Брендовые вещи,Алматы,Омаров Т.,Бутик,2,1827248.74,0,3654497.48,836773.02,2817724.46,VIP-971,Brand_Бре,Склад-Алм,0,completed
2025-09-12,LUX-11297,Chanel No 5,Парфюмерия,Алматы,Сатпаева А.,Бутик,1,168950.9,0,168950.9,65138.55,103812.34,VIP-508,Brand_Пар,Склад-Алм,0,completed
2025-08-15,LUX-11298,Шелковый платок,Брендовые вещи,Астана,Омаров Т.,VIP-клиенты,1,1521635.7,0,1521635.7,468576.76,1053058.94,VIP-931,Brand_Бре,Склад-Аст,0,completed
2025-09-15,LUX-11299,Серьги с изумрудом,Ювелирные изделия,Шымкент,Ахметова Д.,Бутик,1,2824498.43,5,2683273.51,610115.69,2073157.82,VIP-566,Brand_Юве,Склад-Шым,0,completed
2026-03-06,LUX-11300,Клатч вечерний,Аксессуары,Атырау,Омаров Т.,Онлайн-магазин,1,687815.91,0,687815.91,187631.91,500184.01,VIP-280,Brand_Акс,Склад-Аты,0,completed
2026-05-08,LUX-11301,Tom Ford Oud Wood,Парфюмерия,Атырау,Сатпаева А.,Бутик,1,250441.48,0,250441.48,88069.23,162372.25,VIP-134,Brand_Пар,Склад-Аты,1,returned
2025-11-16,LUX-11302,Клатч вечерний,Аксессуары,Атырау,Ким А.,Бутик,1,1247784.7,0,1247784.7,459448.42,788336.28,VIP-486,Brand_Акс,Склад-Аты,0,completed
2026-02-03,LUX-11303,Tom Ford Oud Wood,Парфюмерия,Шымкент,Ахметова Д.,Бутик,1,81802.4,0,81802.4,29632.35,52170.04,VIP-167,Brand_Пар,Склад-Шым,0,completed
2026-05-01,LUX-11304,Jo Malone Wood Sage,Парфюмерия,Атырау,Омаров Т.,VIP-клиенты,1,83880.08,0,83880.08,23766.81,60113.27,VIP-39,Brand_Пар,Склад-Аты,0,completed
2026-05-19,LUX-11305,Колье из жемчуга,Ювелирные изделия,Актау,Ким А.,Бутик,1,1732945.65,0,1732945.65,666587.99,1066357.66,VIP-103,Brand_Юве,Склад-Акт,0,completed
2025-10-07,LUX-11306,Клатч вечерний,Аксессуары,Актау,Ким А.,Бутик,1,466697.3,0,466697.3,126000.77,340696.53,VIP-747,Brand_Акс,Склад-Акт,0,completed
2026-02-02,LUX-11307,Baccarat Rouge 540,Парфюмерия,Атырау,Ким А.,Онлайн-магазин,1,101788.32,0,101788.32,28939.77,72848.55,VIP-883,Brand_Пар,Склад-Аты,0,completed
2025-08-20,LUX-11308,Колье из жемчуга,Ювелирные изделия,Атырау,Ахметова Д.,Бутик,1,3503801.28,0,3503801.28,1353893.49,2149907.79,VIP-934,Brand_Юве,Склад-Аты,0,completed
2026-02-09,LUX-11309,Серьги с изумрудом,Ювелирные изделия,Шымкент,Ким А.,VIP-клиенты,1,890998.52,10,801898.66,260551.26,541347.41,VIP-945,Brand_Юве,Склад-Шым,0,completed
2026-02-10,LUX-11310,Туфли на шпильке,Брендовые вещи,Шымкент,Омаров Т.,Бутик,1,1416949.18,0,1416949.18,316544.6,1100404.57,VIP-815,Brand_Бре,Склад-Шым,0,completed
2026-06-25,LUX-11311,Платиновый браслет,Ювелирные изделия,Алматы,Омаров Т.,Бутик,1,1728005.8,0,1728005.8,539078.64,1188927.16,VIP-329,Brand_Юве,Склад-Алм,0,completed
2025-07-30,LUX-11312,Платье Haute Couture,Брендовые вещи,Атырау,Омаров Т.,Бутик,3,1181514.83,0,3544544.5,1165947.99,2378596.5,VIP-594,Brand_Бре,Склад-Аты,0,completed
2025-09-09,LUX-11313,Tom Ford Oud Wood,Парфюмерия,Актау,Ахметова Д.,VIP-клиенты,1,139661.63,0,139661.63,36233.17,103428.47,VIP-330,Brand_Пар,Склад-Акт,0,completed
2025-12-01,LUX-11314,Jo Malone Wood Sage,Парфюмерия,Алматы,Омаров Т.,Бутик,1,163326.08,0,163326.08,41303.93,122022.15,VIP-235,Brand_Пар,Склад-Алм,0,completed
2026-03-14,LUX-11315,Chanel No 5,Парфюмерия,Актау,Сатпаева А.,Бутик,1,143971.4,0,143971.4,50050.62,93920.77,VIP-520,Brand_Пар,Склад-Акт,0,completed
2025-12-14,LUX-11316,Золотая цепь,Ювелирные изделия,Атырау,Ахметова Д.,Бутик,1,585900.13,15,498015.11,198387.21,299627.9,VIP-691,Brand_Юве,Склад-Аты,1,returned
2026-04-20,LUX-11317,Платье Haute Couture,Брендовые вещи,Астана,Сатпаева А.,Бутик,3,679786.58,0,2039359.74,799334.96,1240024.77,VIP-710,Brand_Бре,Склад-Аст,0,completed
2025-09-10,LUX-11318,Кольцо с бриллиантом,Ювелирные изделия,Алматы,Сатпаева А.,Онлайн-магазин,1,2069565.9,0,2069565.9,719296.49,1350269.41,VIP-275,Brand_Юве,Склад-Алм,0,completed
2025-07-18,LUX-11319,Серьги с изумрудом,Ювелирные изделия,Актау,Ахметова Д.,Бутик,1,3850438.31,0,3850438.31,846641.66,3003796.65,VIP-101,Brand_Юве,Склад-Акт,0,completed
2026-05-27,LUX-11320,Золотая цепь,Ювелирные изделия,Алматы,Омаров Т.,VIP-клиенты,1,836333.61,0,836333.61,302138.42,534195.19,VIP-510,Brand_Юве,Склад-Алм,0,completed
2025-12-04,LUX-11321,Платье Haute Couture,Брендовые вещи,Шымкент,Ким А.,Онлайн-магазин,1,186369.37,0,186369.37,66268.58,120100.79,VIP-352,Brand_Бре,Склад-Шым,0,completed
2025-08-21,LUX-11322,Платье Haute Couture,Брендовые вещи,Шымкент,Ким А.,VIP-клиенты,1,498709.73,0,498709.73,158332.01,340377.72,VIP-418,Brand_Бре,Склад-Шым,0,completed
2026-07-11,LUX-11323,Платье Haute Couture,Брендовые вещи,Шымкент,Ахметова Д.,Бутик,1,1232889.59,0,1232889.59,452017.03,780872.56,VIP-207,Brand_Бре,Склад-Шым,1,returned
2025-10-02,LUX-11324,Запонки золотые,Аксессуары,Шымкент,Сатпаева А.,Бутик,1,625763.08,0,625763.08,137374.42,488388.66,VIP-895,Brand_Акс,Склад-Шым,0,completed
2025-11-15,LUX-11325,Очки Ray-Ban,Аксессуары,Актау,Ахметова Д.,Бутик,1,356381.26,0,356381.26,124962.3,231418.95,VIP-18,Brand_Акс,Склад-Акт,0,completed
2026-05-19,LUX-11326,Кожаный ремень,Аксессуары,Алматы,Сатпаева А.,Бутик,1,1089669.06,0,1089669.06,365094.22,724574.85,VIP-693,Brand_Акс,Склад-Алм,0,completed
2025-11-27,LUX-11327,Chanel No 5,Парфюмерия,Астана,Ким А.,VIP-клиенты,1,168812.07,0,168812.07,44855.57,123956.51,VIP-948,Brand_Пар,Склад-Аст,0,completed
2026-03-18,LUX-11328,Кожаный ремень,Аксессуары,Актау,Омаров Т.,Бутик,1,1167825.91,10,1051043.32,211055.55,839987.78,VIP-282,Brand_Акс,Склад-Акт,0,completed
2026-06-22,LUX-11329,Dior Sauvage,Парфюмерия,Атырау,Омаров Т.,VIP-клиенты,1,64434.83,5,61213.09,23048.62,38164.47,VIP-715,Brand_Пар,Склад-Аты,0,completed
2026-05-24,LUX-11330,Baccarat Rouge 540,Парфюмерия,Шымкент,Омаров Т.,VIP-клиенты,1,69898.6,0,69898.6,26396.22,43502.37,VIP-362,Brand_Пар,Склад-Шым,0,completed
2025-10-05,LUX-11331,Шелковый платок,Брендовые вещи,Актау,Сатпаева А.,Бутик,1,1803200.06,0,1803200.06,502490.83,1300709.23,VIP-58,Brand_Бре,Склад-Акт,0,completed
2026-02-01,LUX-11332,Шелковый платок,Брендовые вещи,Атырау,Омаров Т.,Бутик,1,1475133.39,0,1475133.39,416032.38,1059101.01,VIP-159,Brand_Бре,Склад-Аты,0,completed
2026-01-08,LUX-11333,Золотая цепь,Ювелирные изделия,Атырау,Омаров Т.,Бутик,1,2905847.75,0,2905847.75,778067.79,2127779.96,VIP-220,Brand_Юве,Склад-Аты,0,completed
2025-12-18,LUX-11334,Кожаный ремень,Аксессуары,Астана,Омаров Т.,Бутик,1,298190.11,0,298190.11,115851.29,182338.82,VIP-247,Brand_Акс,Склад-Аст,0,completed
2025-10-20,LUX-11335,Запонки золотые,Аксессуары,Актау,Сатпаева А.,VIP-клиенты,1,1571469.67,0,1571469.67,331960.66,1239509.01,VIP-971,Brand_Акс,Склад-Акт,0,completed
2026-06-24,LUX-11336,Очки Ray-Ban,Аксессуары,Атырау,Ахметова Д.,Бутик,1,756569.45,0,756569.45,213530.94,543038.51,VIP-238,Brand_Акс,Склад-Аты,0,completed
2026-02-05,LUX-11337,Сумка Birkin,Брендовые вещи,Астана,Ахметова Д.,Бутик,1,837862.88,0,837862.88,331478.19,506384.68,VIP-112,Brand_Бре,Склад-Аст,0,completed
2026-04-23,LUX-11338,Клатч вечерний,Аксессуары,Астана,Сатпаева А.,Бутик,1,359258.85,0,359258.85,125859.02,233399.83,VIP-682,Brand_Акс,Склад-Аст,1,returned
2025-09-08,LUX-11339,Jo Malone Wood Sage,Парфюмерия,Актау,Сатпаева А.,Бутик,1,144177.4,0,144177.4,48103.44,96073.95,VIP-173,Brand_Пар,Склад-Акт,0,completed
2026-02-23,LUX-11340,Золотая цепь,Ювелирные изделия,Атырау,Ким А.,Бутик,2,4356822.71,0,8713645.42,2485269.85,6228375.57,VIP-787,Brand_Юве,Склад-Аты,0,completed
2025-12-14,LUX-11341,Tom Ford Oud Wood,Парфюмерия,Алматы,Ахметова Д.,Бутик,1,162407.79,0,162407.79,36272.21,126135.58,VIP-279,Brand_Пар,Склад-Алм,0,completed
2025-10-15,LUX-11342,Tom Ford Oud Wood,Парфюмерия,Актау,Сатпаева А.,Онлайн-магазин,1,165238.15,0,165238.15,65127.51,100110.64,VIP-290,Brand_Пар,Склад-Акт,0,completed
2025-08-20,LUX-11343,Серьги с изумрудом,Ювелирные изделия,Шымкент,Ахметова Д.,VIP-клиенты,1,2984741.75,0,2984741.75,824449.83,2160291.93,VIP-687,Brand_Юве,Склад-Шым,0,completed
2026-01-27,LUX-11344,Baccarat Rouge 540,Парфюмерия,Алматы,Ахметова Д.,VIP-клиенты,1,146028.62,0,146028.62,58266.92,87761.71,VIP-477,Brand_Пар,Склад-Алм,0,completed
2025-12-26,LUX-11345,Шелковый платок,Брендовые вещи,Шымкент,Омаров Т.,Онлайн-магазин,1,789331.46,0,789331.46,261944.92,527386.54,VIP-164,Brand_Бре,Склад-Шым,0,completed
2025-07-31,LUX-11346,Золотая цепь,Ювелирные изделия,Актау,Сатпаева А.,VIP-клиенты,1,3634515.73,0,3634515.73,1044744.38,2589771.35,VIP-632,Brand_Юве,Склад-Акт,0,completed
2025-12-21,LUX-11347,Пиджак кроя Slim,Брендовые вещи,Астана,Ахметова Д.,Бутик,1,284168.54,15,241543.26,79404.85,162138.41,VIP-802,Brand_Бре,Склад-Аст,0,completed
2025-09-28,LUX-11348,Туфли на шпильке,Брендовые вещи,Алматы,Сатпаева А.,Онлайн-магазин,3,1799850.68,0,5399552.03,1409477.55,3990074.48,VIP-533,Brand_Бре,Склад-Алм,0,completed
2026-03-05,LUX-11349,Платиновый браслет,Ювелирные изделия,Актау,Ким А.,Бутик,1,805147.81,0,805147.81,301602.47,503545.34,VIP-713,Brand_Юве,Склад-Акт,0,completed
2025-12-03,LUX-11350,Колье из жемчуга,Ювелирные изделия,Шымкент,Омаров Т.,Бутик,3,1846009.82,0,5538029.47,1303550.16,4234479.32,VIP-239,Brand_Юве,Склад-Шым,0,completed
2026-05-14,LUX-11351,Сумка Birkin,Брендовые вещи,Атырау,Сатпаева А.,VIP-клиенты,1,796267.69,0,796267.69,282247.95,514019.74,VIP-748,Brand_Бре,Склад-Аты,0,completed
2026-03-25,LUX-11352,Клатч вечерний,Аксессуары,Атырау,Омаров Т.,VIP-клиенты,2,976373.25,0,1952746.49,532930.05,1419816.44,VIP-920,Brand_Акс,Склад-Аты,0,completed
2025-09-06,LUX-11353,Серьги с изумрудом,Ювелирные изделия,Шымкент,Омаров Т.,VIP-клиенты,1,4874490.02,0,4874490.02,1717490.25,3156999.77,VIP-276,Brand_Юве,Склад-Шым,0,completed
2026-01-05,LUX-11354,Сумка Birkin,Брендовые вещи,Астана,Ким А.,Бутик,3,1580737.7,0,4742213.09,1543807.44,3198405.65,VIP-264,Brand_Бре,Склад-Аст,0,completed
2026-01-09,LUX-11355,Очки Ray-Ban,Аксессуары,Актау,Ким А.,VIP-клиенты,1,734506.76,0,734506.76,217716.16,516790.6,VIP-981,Brand_Акс,Склад-Акт,0,completed
2026-01-15,LUX-11356,Кожаный ремень,Аксессуары,Астана,Ахметова Д.,VIP-клиенты,1,536402.98,5,509582.83,159249.24,350333.59,VIP-144,Brand_Акс,Склад-Аст,0,completed
2026-03-19,LUX-11357,Запонки золотые,Аксессуары,Шымкент,Ахметова Д.,Бутик,1,944071.2,0,944071.2,208157.01,735914.19,VIP-221,Brand_Акс,Склад-Шым,0,completed
2026-02-21,LUX-11358,Очки Ray-Ban,Аксессуары,Алматы,Сатпаева А.,Бутик,1,1092034.12,0,1092034.12,392800.03,699234.09,VIP-548,Brand_Акс,Склад-Алм,0,completed
2026-02-16,LUX-11359,Очки Ray-Ban,Аксессуары,Алматы,Ахметова Д.,Бутик,1,1112435.64,0,1112435.64,325891.76,786543.88,VIP-133,Brand_Акс,Склад-Алм,0,completed
2026-07-02,LUX-11360,Золотая цепь,Ювелирные изделия,Актау,Омаров Т.,VIP-клиенты,1,1059441.19,0,1059441.19,292953.91,766487.28,VIP-819,Brand_Юве,Склад-Акт,0,completed
2025-12-21,LUX-11361,Часы Rolex,Аксессуары,Алматы,Сатпаева А.,Бутик,1,234639.68,0,234639.68,83769.26,150870.42,VIP-836,Brand_Акс,Склад-Алм,0,completed
2026-04-22,LUX-11362,Золотая цепь,Ювелирные изделия,Атырау,Сатпаева А.,VIP-клиенты,1,2446853.13,0,2446853.13,926157.51,1520695.62,VIP-749,Brand_Юве,Склад-Аты,0,completed
2026-01-11,LUX-11363,Tom Ford Oud Wood,Парфюмерия,Шымкент,Сатпаева А.,Бутик,2,72392.44,10,130306.39,32505.89,97800.49,VIP-150,Brand_Пар,Склад-Шым,0,completed
2025-07-20,LUX-11364,Пиджак кроя Slim,Брендовые вещи,Шымкент,Ахметова Д.,Бутик,1,1305737.83,0,1305737.83,403488.39,902249.43,VIP-299,Brand_Бре,Склад-Шым,0,completed
2025-11-03,LUX-11365,Baccarat Rouge 540,Парфюмерия,Атырау,Ахметова Д.,Бутик,1,129410.34,0,129410.34,45976.27,83434.08,VIP-943,Brand_Пар,Склад-Аты,0,cancelled
2025-10-28,LUX-11366,Платиновый браслет,Ювелирные изделия,Атырау,Сатпаева А.,VIP-клиенты,1,765199.1,0,765199.1,238938.71,526260.39,VIP-393,Brand_Юве,Склад-Аты,0,completed
2026-04-01,LUX-11367,Tom Ford Oud Wood,Парфюмерия,Шымкент,Сатпаева А.,VIP-клиенты,1,119756.93,10,107781.24,27489.13,80292.1,VIP-694,Brand_Пар,Склад-Шым,0,completed
2026-04-03,LUX-11368,Сумка Birkin,Брендовые вещи,Актау,Ахметова Д.,Бутик,3,514463.0,0,1543389.01,384138.79,1159250.22,VIP-105,Brand_Бре,Склад-Акт,0,completed
2025-11-25,LUX-11369,Запонки золотые,Аксессуары,Атырау,Ахметова Д.,Бутик,1,1086006.83,5,1031706.49,229989.49,801717.0,VIP-830,Brand_Акс,Склад-Аты,0,completed
2026-05-14,LUX-11370,Часы Rolex,Аксессуары,Алматы,Ким А.,VIP-клиенты,1,1307853.95,0,1307853.95,411224.77,896629.18,VIP-354,Brand_Акс,Склад-Алм,0,completed
2026-02-12,LUX-11371,Сумка Birkin,Брендовые вещи,Атырау,Омаров Т.,VIP-клиенты,3,1950672.35,0,5852017.05,1474447.25,4377569.81,VIP-337,Brand_Бре,Склад-Аты,0,completed
2025-09-29,LUX-11372,Колье из жемчуга,Ювелирные изделия,Алматы,Омаров Т.,Бутик,1,3486099.78,10,3137489.8,1179196.93,1958292.87,VIP-276,Brand_Юве,Склад-Алм,0,completed
2026-05-19,LUX-11373,Серьги с изумрудом,Ювелирные изделия,Актау,Ахметова Д.,Бутик,1,2384481.02,0,2384481.02,489921.99,1894559.03,VIP-373,Brand_Юве,Склад-Акт,0,completed
2026-04-21,LUX-11374,Baccarat Rouge 540,Парфюмерия,Астана,Ахметова Д.,VIP-клиенты,1,83286.81,5,79122.47,27414.82,51707.65,VIP-168,Brand_Пар,Склад-Аст,0,completed
2026-02-22,LUX-11375,Платье Haute Couture,Брендовые вещи,Астана,Ахметова Д.,Онлайн-магазин,2,190640.23,0,381280.46,121871.89,259408.58,VIP-866,Brand_Бре,Склад-Аст,0,completed
2026-06-13,LUX-11376,Сумка Birkin,Брендовые вещи,Актау,Омаров Т.,VIP-клиенты,1,777717.46,0,777717.46,231896.21,545821.26,VIP-573,Brand_Бре,Склад-Акт,0,cancelled
2025-12-26,LUX-11377,Туфли на шпильке,Брендовые вещи,Алматы,Омаров Т.,Онлайн-магазин,1,1892489.82,0,1892489.82,616080.42,1276409.4,VIP-227,Brand_Бре,Склад-Алм,0,completed
2026-06-28,LUX-11378,Шелковый платок,Брендовые вещи,Астана,Ахметова Д.,Бутик,1,1476375.01,0,1476375.01,377872.12,1098502.9,VIP-861,Brand_Бре,Склад-Аст,0,completed
2025-12-30,LUX-11379,Шелковый платок,Брендовые вещи,Алматы,Ахметова Д.,VIP-клиенты,1,825630.7,10,743067.63,197717.58,545350.05,VIP-61,Brand_Бре,Склад-Алм,0,completed
2026-04-03,LUX-11380,Клатч вечерний,Аксессуары,Атырау,Сатпаева А.,Бутик,1,1345129.65,0,1345129.65,458457.53,886672.13,VIP-479,Brand_Акс,Склад-Аты,0,completed
2026-03-05,LUX-11381,Baccarat Rouge 540,Парфюмерия,Атырау,Ким А.,Бутик,1,207256.07,0,207256.07,70405.43,136850.64,VIP-30,Brand_Пар,Склад-Аты,0,completed
2026-02-22,LUX-11382,Часы Rolex,Аксессуары,Шымкент,Ким А.,Бутик,1,1424756.96,0,1424756.96,348081.83,1076675.13,VIP-691,Brand_Акс,Склад-Шым,0,completed
2026-02-26,LUX-11383,Сумка Birkin,Брендовые вещи,Шымкент,Сатпаева А.,VIP-клиенты,2,594781.49,0,1189562.98,446143.33,743419.65,VIP-98,Brand_Бре,Склад-Шым,0,completed
2025-10-19,LUX-11384,Сумка Birkin,Брендовые вещи,Алматы,Омаров Т.,Бутик,1,1634608.74,0,1634608.74,592441.72,1042167.01,VIP-143,Brand_Бре,Склад-Алм,0,completed
2026-05-21,LUX-11385,Сумка Birkin,Брендовые вещи,Шымкент,Омаров Т.,Бутик,1,1176013.26,15,999611.27,205138.6,794472.67,VIP-593,Brand_Бре,Склад-Шым,0,completed
2026-01-20,LUX-11386,Запонки золотые,Аксессуары,Атырау,Сатпаева А.,Бутик,1,409757.68,0,409757.68,88167.85,321589.83,VIP-399,Brand_Акс,Склад-Аты,0,completed
2026-03-27,LUX-11387,Платиновый браслет,Ювелирные изделия,Актау,Ахметова Д.,Бутик,3,4675907.98,0,14027723.94,3830675.23,10197048.71,VIP-390,Brand_Юве,Склад-Акт,0,completed
2025-08-01,LUX-11388,Сумка Birkin,Брендовые вещи,Атырау,Ким А.,Бутик,1,625688.39,0,625688.39,165644.15,460044.24,VIP-115,Brand_Бре,Склад-Аты,0,completed
2025-10-18,LUX-11389,Золотая цепь,Ювелирные изделия,Шымкент,Сатпаева А.,Бутик,1,2638605.2,0,2638605.2,1032824.5,1605780.7,VIP-94,Brand_Юве,Склад-Шым,0,completed
2026-05-23,LUX-11390,Шелковый платок,Брендовые вещи,Шымкент,Омаров Т.,Бутик,1,1690690.5,0,1690690.5,595286.86,1095403.63,VIP-504,Brand_Бре,Склад-Шым,0,completed
2026-06-04,LUX-11391,Tom Ford Oud Wood,Парфюмерия,Шымкент,Омаров Т.,Бутик,1,71330.22,10,64197.2,17736.34,46460.86,VIP-437,Brand_Пар,Склад-Шым,0,completed
2026-01-23,LUX-11392,Платье Haute Couture,Брендовые вещи,Алматы,Сатпаева А.,Онлайн-магазин,2,849748.58,0,1699497.16,470943.45,1228553.71,VIP-749,Brand_Бре,Склад-Алм,0,completed
2026-04-18,LUX-11393,Dior Sauvage,Парфюмерия,Актау,Ахметова Д.,VIP-клиенты,1,135131.49,0,135131.49,33934.07,101197.41,VIP-766,Brand_Пар,Склад-Акт,0,completed
2025-10-23,LUX-11394,Запонки золотые,Аксессуары,Шымкент,Сатпаева А.,Бутик,1,1445522.35,0,1445522.35,410017.15,1035505.2,VIP-431,Brand_Акс,Склад-Шым,0,completed
2026-02-04,LUX-11395,Золотая цепь,Ювелирные изделия,Алматы,Омаров Т.,Бутик,1,2994807.47,0,2994807.47,1010834.35,1983973.12,VIP-340,Brand_Юве,Склад-Алм,0,completed
2026-05-25,LUX-11396,Часы Rolex,Аксессуары,Шымкент,Омаров Т.,Бутик,3,1470023.26,5,4189566.28,1036253.4,3153312.88,VIP-345,Brand_Акс,Склад-Шым,0,completed
2026-03-09,LUX-11397,Jo Malone Wood Sage,Парфюмерия,Шымкент,Ким А.,Онлайн-магазин,1,122103.88,0,122103.88,39315.8,82788.08,VIP-902,Brand_Пар,Склад-Шым,0,completed
2026-04-27,LUX-11398,Кольцо с бриллиантом,Ювелирные изделия,Атырау,Омаров Т.,Бутик,1,522346.12,15,443994.21,167996.99,275997.22,VIP-34,Brand_Юве,Склад-Аты,0,completed
2025-09-25,LUX-11399,Часы Rolex,Аксессуары,Алматы,Сатпаева А.,Бутик,1,916206.11,0,916206.11,273370.46,642835.65,VIP-919,Brand_Акс,Склад-Алм,0,completed
2025-12-26,LUX-11400,Шелковый платок,Брендовые вещи,Алматы,Ким А.,Онлайн-магазин,1,1678294.69,0,1678294.69,547895.77,1130398.92,VIP-991,Brand_Бре,Склад-Алм,0,completed
2026-02-14,LUX-11401,Колье из жемчуга,Ювелирные изделия,Актау,Сатпаева А.,Бутик,1,2435183.9,0,2435183.9,550036.14,1885147.77,VIP-346,Brand_Юве,Склад-Акт,0,completed
2025-12-22,LUX-11402,Платье Haute Couture,Брендовые вещи,Алматы,Ким А.,Бутик,2,259380.56,0,518761.11,115791.88,402969.23,VIP-554,Brand_Бре,Склад-Алм,0,completed
2025-07-15,LUX-11403,Jo Malone Wood Sage,Парфюмерия,Шымкент,Ким А.,VIP-клиенты,1,167977.74,0,167977.74,36014.44,131963.3,VIP-329,Brand_Пар,Склад-Шым,0,completed
2025-10-21,LUX-11404,Dior Sauvage,Парфюмерия,Шымкент,Сатпаева А.,Бутик,1,107347.64,0,107347.64,34482.06,72865.57,VIP-466,Brand_Пар,Склад-Шым,0,cancelled
2026-04-11,LUX-11405,Chanel No 5,Парфюмерия,Алматы,Омаров Т.,VIP-клиенты,1,226436.31,0,226436.31,86090.93,140345.38,VIP-964,Brand_Пар,Склад-Алм,0,completed
2025-12-25,LUX-11406,Запонки золотые,Аксессуары,Шымкент,Ким А.,Бутик,1,1416029.42,0,1416029.42,386375.34,1029654.07,VIP-596,Brand_Акс,Склад-Шым,0,completed
2025-11-27,LUX-11407,Кожаный ремень,Аксессуары,Алматы,Ким А.,Бутик,3,1152627.56,0,3457882.69,984936.02,2472946.66,VIP-20,Brand_Акс,Склад-Алм,0,completed
2026-05-15,LUX-11408,Платиновый браслет,Ювелирные изделия,Шымкент,Сатпаева А.,Бутик,1,2029119.46,0,2029119.46,769998.22,1259121.24,VIP-921,Brand_Юве,Склад-Шым,0,cancelled
2026-03-26,LUX-11409,Туфли на шпильке,Брендовые вещи,Астана,Ахметова Д.,Бутик,1,1432674.76,0,1432674.76,333360.24,1099314.52,VIP-594,Brand_Бре,Склад-Аст,0,completed
2026-05-22,LUX-11410,Пиджак кроя Slim,Брендовые вещи,Шымкент,Омаров Т.,Бутик,1,1491528.37,0,1491528.37,458097.11,1033431.26,VIP-48,Brand_Бре,Склад-Шым,0,completed
2026-06-27,LUX-11411,Dior Sauvage,Парфюмерия,Актау,Сатпаева А.,Бутик,1,55607.71,0,55607.71,20575.81,35031.9,VIP-687,Brand_Пар,Склад-Акт,0,completed
2026-01-23,LUX-11412,Tom Ford Oud Wood,Парфюмерия,Актау,Омаров Т.,VIP-клиенты,1,215776.6,0,215776.6,51102.89,164673.71,VIP-255,Brand_Пар,Склад-Акт,0,completed
2025-12-03,LUX-11413,Jo Malone Wood Sage,Парфюмерия,Шымкент,Сатпаева А.,VIP-клиенты,1,159934.46,0,159934.46,35429.48,124504.99,VIP-206,Brand_Пар,Склад-Шым,0,completed
2025-12-23,LUX-11414,Кожаный ремень,Аксессуары,Алматы,Сатпаева А.,VIP-клиенты,1,928713.32,10,835841.99,317493.12,518348.86,VIP-629,Brand_Акс,Склад-Алм,0,completed
2026-01-03,LUX-11415,Кожаный ремень,Аксессуары,Атырау,Ким А.,Бутик,1,182456.36,0,182456.36,64417.35,118039.01,VIP-471,Brand_Акс,Склад-Аты,0,completed
2025-11-09,LUX-11416,Платиновый браслет,Ювелирные изделия,Астана,Ким А.,Бутик,3,1602308.84,0,4806926.51,1425578.44,3381348.06,VIP-395,Brand_Юве,Склад-Аст,0,completed
2026-01-16,LUX-11417,Золотая цепь,Ювелирные изделия,Алматы,Сатпаева А.,Бутик,1,5017322.87,0,5017322.87,1294037.51,3723285.36,VIP-963,Brand_Юве,Склад-Алм,0,completed
2025-09-30,LUX-11418,Серьги с изумрудом,Ювелирные изделия,Шымкент,Ахметова Д.,VIP-клиенты,2,1521313.57,0,3042627.14,896775.6,2145851.54,VIP-934,Brand_Юве,Склад-Шым,0,completed
2026-04-07,LUX-11419,Сумка Birkin,Брендовые вещи,Астана,Ким А.,Бутик,1,524127.41,0,524127.41,179806.6,344320.81,VIP-218,Brand_Бре,Склад-Аст,0,completed
2025-12-09,LUX-11420,Золотая цепь,Ювелирные изделия,Шымкент,Омаров Т.,Бутик,1,4663014.6,5,4429863.87,1647933.49,2781930.38,VIP-286,Brand_Юве,Склад-Шым,0,completed
2025-12-17,LUX-11421,Сумка Birkin,Брендовые вещи,Алматы,Омаров Т.,VIP-клиенты,1,1936448.62,0,1936448.62,626492.58,1309956.04,VIP-950,Brand_Бре,Склад-Алм,0,completed
2026-04-14,LUX-11422,Кольцо с бриллиантом,Ювелирные изделия,Алматы,Сатпаева А.,Бутик,1,4778888.81,0,4778888.81,1649732.24,3129156.57,VIP-240,Brand_Юве,Склад-Алм,0,completed
2026-07-07,LUX-11423,Chanel No 5,Парфюмерия,Шымкент,Ким А.,VIP-клиенты,1,55199.87,0,55199.87,19256.68,35943.19,VIP-941,Brand_Пар,Склад-Шым,0,completed
2025-09-23,LUX-11424,Кожаный ремень,Аксессуары,Атырау,Ахметова Д.,Бутик,1,638570.17,0,638570.17,151778.71,486791.46,VIP-359,Brand_Акс,Склад-Аты,0,completed
2025-07-29,LUX-11425,Золотая цепь,Ювелирные изделия,Атырау,Ким А.,Бутик,1,1069820.8,0,1069820.8,421248.94,648571.86,VIP-447,Brand_Юве,Склад-Аты,0,completed
2025-08-19,LUX-11426,Очки Ray-Ban,Аксессуары,Шымкент,Ким А.,Бутик,1,608030.36,0,608030.36,224336.59,383693.77,VIP-681,Brand_Акс,Склад-Шым,0,completed
2026-01-15,LUX-11427,Платиновый браслет,Ювелирные изделия,Атырау,Ким А.,Онлайн-магазин,1,3463289.83,0,3463289.83,1351615.38,2111674.45,VIP-934,Brand_Юве,Склад-Аты,0,cancelled
2026-06-23,LUX-11428,Колье из жемчуга,Ювелирные изделия,Шымкент,Сатпаева А.,Бутик,1,2802912.66,0,2802912.66,1098952.84,1703959.82,VIP-991,Brand_Юве,Склад-Шым,0,completed
2026-02-03,LUX-11429,Jo Malone Wood Sage,Парфюмерия,Актау,Омаров Т.,VIP-клиенты,1,216181.27,0,216181.27,85845.55,130335.72,VIP-557,Brand_Пар,Склад-Акт,0,completed
2026-06-25,LUX-11430,Пиджак кроя Slim,Брендовые вещи,Атырау,Омаров Т.,Бутик,1,563043.66,0,563043.66,119878.9,443164.76,VIP-602,Brand_Бре,Склад-Аты,0,completed
2026-01-28,LUX-11431,Запонки золотые,Аксессуары,Актау,Ким А.,VIP-клиенты,1,212460.28,0,212460.28,61118.61,151341.67,VIP-823,Brand_Акс,Склад-Акт,0,completed
2026-01-21,LUX-11432,Колье из жемчуга,Ювелирные изделия,Астана,Ким А.,VIP-клиенты,1,3943403.02,0,3943403.02,1350333.49,2593069.54,VIP-45,Brand_Юве,Склад-Аст,0,completed
2025-10-30,LUX-11433,Золотая цепь,Ювелирные изделия,Актау,Ким А.,Бутик,1,3825592.06,0,3825592.06,789148.44,3036443.62,VIP-547,Brand_Юве,Склад-Акт,0,completed
2026-01-02,LUX-11434,Jo Malone Wood Sage,Парфюмерия,Атырау,Ким А.,VIP-клиенты,1,158484.62,0,158484.62,60193.59,98291.02,VIP-891,Brand_Пар,Склад-Аты,0,completed
2025-12-18,LUX-11435,Туфли на шпильке,Брендовые вещи,Алматы,Ким А.,VIP-клиенты,1,827455.27,0,827455.27,186791.28,640663.99,VIP-214,Brand_Бре,Склад-Алм,0,completed
2025-08-09,LUX-11436,Запонки золотые,Аксессуары,Шымкент,Ахметова Д.,VIP-клиенты,1,281038.82,5,266986.88,56158.46,210828.43,VIP-692,Brand_Акс,Склад-Шым,0,completed
2025-08-07,LUX-11437,Золотая цепь,Ювелирные изделия,Астана,Омаров Т.,Бутик,1,1191710.45,0,1191710.45,444770.16,746940.29,VIP-507,Brand_Юве,Склад-Аст,0,completed
2025-12-29,LUX-11438,Baccarat Rouge 540,Парфюмерия,Актау,Сатпаева А.,Бутик,1,88490.15,0,88490.15,26918.5,61571.65,VIP-979,Brand_Пар,Склад-Акт,0,completed
2026-07-02,LUX-11439,Кожаный ремень,Аксессуары,Астана,Ким А.,Бутик,1,1530833.19,0,1530833.19,589257.65,941575.54,VIP-340,Brand_Акс,Склад-Аст,0,completed
2026-07-07,LUX-11440,Сумка Birkin,Брендовые вещи,Атырау,Сатпаева А.,Бутик,1,707583.32,0,707583.32,276095.76,431487.55,VIP-419,Brand_Бре,Склад-Аты,0,completed
2025-11-23,LUX-11441,Chanel No 5,Парфюмерия,Шымкент,Омаров Т.,Онлайн-магазин,1,186312.05,10,167680.84,63001.01,104679.83,VIP-335,Brand_Пар,Склад-Шым,0,completed
2026-02-11,LUX-11442,Кольцо с бриллиантом,Ювелирные изделия,Атырау,Ким А.,VIP-клиенты,1,2707772.69,0,2707772.69,881788.23,1825984.46,VIP-131,Brand_Юве,Склад-Аты,0,completed
2025-07-27,LUX-11443,Часы Rolex,Аксессуары,Актау,Омаров Т.,Бутик,1,564224.79,0,564224.79,207269.77,356955.02,VIP-493,Brand_Акс,Склад-Акт,0,completed
2025-09-13,LUX-11444,Dior Sauvage,Парфюмерия,Атырау,Омаров Т.,VIP-клиенты,1,170574.08,5,162045.38,56258.25,105787.13,VIP-367,Brand_Пар,Склад-Аты,0,completed
2025-10-03,LUX-11445,Jo Malone Wood Sage,Парфюмерия,Астана,Ахметова Д.,Онлайн-магазин,3,256622.63,0,769867.88,264072.77,505795.1,VIP-221,Brand_Пар,Склад-Аст,0,completed
2025-08-19,LUX-11446,Очки Ray-Ban,Аксессуары,Шымкент,Ким А.,VIP-клиенты,1,257253.61,0,257253.61,91503.88,165749.73,VIP-488,Brand_Акс,Склад-Шым,0,completed
2025-07-25,LUX-11447,Кожаный ремень,Аксессуары,Шымкент,Ким А.,Онлайн-магазин,1,782327.58,0,782327.58,183616.18,598711.4,VIP-200,Brand_Акс,Склад-Шым,0,completed
2025-10-03,LUX-11448,Запонки золотые,Аксессуары,Актау,Ахметова Д.,VIP-клиенты,1,1162461.8,0,1162461.8,448608.39,713853.41,VIP-724,Brand_Акс,Склад-Акт,0,completed
2026-07-01,LUX-11449,Запонки золотые,Аксессуары,Астана,Ахметова Д.,VIP-клиенты,1,1405185.2,5,1334925.94,283763.04,1051162.9,VIP-21,Brand_Акс,Склад-Аст,0,completed
2026-06-10,LUX-11450,Золотая цепь,Ювелирные изделия,Алматы,Сатпаева А.,Бутик,1,2819793.88,0,2819793.88,790242.16,2029551.72,VIP-999,Brand_Юве,Склад-Алм,0,completed
2025-07-26,LUX-11451,Часы Rolex,Аксессуары,Актау,Сатпаева А.,Бутик,1,117435.3,0,117435.3,29415.35,88019.96,VIP-429,Brand_Акс,Склад-Акт,0,completed
2026-03-10,LUX-11452,Колье из жемчуга,Ювелирные изделия,Астана,Омаров Т.,Бутик,1,4034502.9,10,3631052.61,837324.9,2793727.71,VIP-776,Brand_Юве,Склад-Аст,0,completed
2026-02-15,LUX-11453,Пиджак кроя Slim,Брендовые вещи,Шымкент,Омаров Т.,Бутик,1,1035360.93,0,1035360.93,241280.49,794080.44,VIP-509,Brand_Бре,Склад-Шым,0,completed
2025-11-28,LUX-11454,Baccarat Rouge 540,Парфюмерия,Шымкент,Омаров Т.,Онлайн-магазин,1,199036.1,0,199036.1,50010.94,149025.17,VIP-822,Brand_Пар,Склад-Шым,0,completed
2026-01-30,LUX-11455,Сумка Birkin,Брендовые вещи,Атырау,Сатпаева А.,Бутик,1,1612151.0,0,1612151.0,482923.45,1129227.55,VIP-253,Brand_Бре,Склад-Аты,0,completed
2025-12-24,LUX-11456,Кольцо с бриллиантом,Ювелирные изделия,Алматы,Ким А.,Бутик,1,1334295.47,0,1334295.47,326459.21,1007836.26,VIP-548,Brand_Юве,Склад-Алм,0,completed
2026-02-12,LUX-11457,Очки Ray-Ban,Аксессуары,Астана,Омаров Т.,Бутик,1,123119.74,0,123119.74,40210.55,82909.19,VIP-510,Brand_Акс,Склад-Аст,0,completed
2026-04-16,LUX-11458,Шелковый платок,Брендовые вещи,Атырау,Ахметова Д.,Бутик,3,542638.79,0,1627916.37,342203.32,1285713.04,VIP-161,Brand_Бре,Склад-Аты,0,cancelled
2026-06-26,LUX-11459,Кольцо с бриллиантом,Ювелирные изделия,Актау,Ахметова Д.,VIP-клиенты,1,4540479.44,15,3859407.52,1076855.07,2782552.45,VIP-45,Brand_Юве,Склад-Акт,0,completed
2025-11-08,LUX-11460,Кольцо с бриллиантом,Ювелирные изделия,Актау,Ким А.,Бутик,1,4719012.21,0,4719012.21,1016165.68,3702846.53,VIP-329,Brand_Юве,Склад-Акт,0,completed
2026-04-02,LUX-11461,Chanel No 5,Парфюмерия,Шымкент,Сатпаева А.,Бутик,1,83314.84,0,83314.84,22958.0,60356.85,VIP-365,Brand_Пар,Склад-Шым,0,completed
2026-06-29,LUX-11462,Baccarat Rouge 540,Парфюмерия,Алматы,Сатпаева А.,Бутик,1,235099.97,0,235099.97,55513.48,179586.48,VIP-715,Brand_Пар,Склад-Алм,0,completed
2025-12-28,LUX-11463,Jo Malone Wood Sage,Парфюмерия,Алматы,Омаров Т.,Бутик,1,124524.99,0,124524.99,35239.09,89285.89,VIP-676,Brand_Пар,Склад-Алм,0,completed
2026-03-03,LUX-11464,Baccarat Rouge 540,Парфюмерия,Актау,Ким А.,Онлайн-магазин,1,170759.84,0,170759.84,53773.26,116986.58,VIP-932,Brand_Пар,Склад-Акт,0,completed
2026-07-13,LUX-11465,Запонки золотые,Аксессуары,Актау,Омаров Т.,VIP-клиенты,1,510312.54,0,510312.54,158354.96,351957.58,VIP-816,Brand_Акс,Склад-Акт,0,completed
2025-12-20,LUX-11466,Tom Ford Oud Wood,Парфюмерия,Актау,Ахметова Д.,VIP-клиенты,1,171610.49,0,171610.49,35981.6,135628.89,VIP-718,Brand_Пар,Склад-Акт,0,completed
2026-03-22,LUX-11467,Chanel No 5,Парфюмерия,Алматы,Ахметова Д.,VIP-клиенты,1,155709.28,0,155709.28,51200.68,104508.6,VIP-997,Brand_Пар,Склад-Алм,0,completed
2025-10-13,LUX-11468,Туфли на шпильке,Брендовые вещи,Шымкент,Сатпаева А.,Бутик,1,765110.79,0,765110.79,221621.58,543489.2,VIP-678,Brand_Бре,Склад-Шым,0,completed
2026-01-29,LUX-11469,Кожаный ремень,Аксессуары,Астана,Омаров Т.,Бутик,1,989864.07,5,940370.86,244484.69,695886.17,VIP-470,Brand_Акс,Склад-Аст,0,completed
2025-10-18,LUX-11470,Часы Rolex,Аксессуары,Астана,Сатпаева А.,VIP-клиенты,2,507380.82,0,1014761.63,281635.58,733126.05,VIP-73,Brand_Акс,Склад-Аст,0,completed
2025-10-18,LUX-11471,Клатч вечерний,Аксессуары,Астана,Ким А.,Онлайн-магазин,1,910548.97,0,910548.97,270001.68,640547.29,VIP-866,Brand_Акс,Склад-Аст,0,completed
2025-07-25,LUX-11472,Baccarat Rouge 540,Парфюмерия,Актау,Омаров Т.,VIP-клиенты,1,147052.41,0,147052.41,48081.49,98970.92,VIP-371,Brand_Пар,Склад-Акт,0,completed
2026-05-02,LUX-11473,Серьги с изумрудом,Ювелирные изделия,Шымкент,Ким А.,Бутик,1,4752562.19,0,4752562.19,1156204.54,3596357.65,VIP-556,Brand_Юве,Склад-Шым,0,completed
2026-06-29,LUX-11474,Jo Malone Wood Sage,Парфюмерия,Шымкент,Ким А.,VIP-клиенты,1,174452.44,0,174452.44,40256.54,134195.9,VIP-27,Brand_Пар,Склад-Шым,0,completed
2026-02-02,LUX-11475,Chanel No 5,Парфюмерия,Атырау,Омаров Т.,Бутик,1,107948.54,0,107948.54,40587.23,67361.31,VIP-294,Brand_Пар,Склад-Аты,0,completed
2026-01-04,LUX-11476,Tom Ford Oud Wood,Парфюмерия,Шымкент,Сатпаева А.,Бутик,1,80380.89,15,68323.76,21886.77,46436.99,VIP-415,Brand_Пар,Склад-Шым,0,completed
2025-11-17,LUX-11477,Золотая цепь,Ювелирные изделия,Астана,Ким А.,Бутик,1,5004581.86,0,5004581.86,1190499.31,3814082.55,VIP-864,Brand_Юве,Склад-Аст,0,completed
2026-07-14,LUX-11478,Серьги с изумрудом,Ювелирные изделия,Шымкент,Сатпаева А.,Бутик,1,1351121.5,0,1351121.5,389378.33,961743.17,VIP-541,Brand_Юве,Склад-Шым,0,completed
2025-12-03,LUX-11479,Кольцо с бриллиантом,Ювелирные изделия,Шымкент,Ким А.,VIP-клиенты,1,3473625.56,0,3473625.56,704615.35,2769010.21,VIP-500,Brand_Юве,Склад-Шым,0,completed
2026-06-02,LUX-11480,Клатч вечерний,Аксессуары,Астана,Омаров Т.,VIP-клиенты,1,794047.41,0,794047.41,228375.36,565672.06,VIP-262,Brand_Акс,Склад-Аст,0,completed
2025-11-17,LUX-11481,Tom Ford Oud Wood,Парфюмерия,Актау,Ким А.,Онлайн-магазин,1,183757.86,0,183757.86,41538.44,142219.42,VIP-485,Brand_Пар,Склад-Акт,0,completed
2026-04-09,LUX-11482,Клатч вечерний,Аксессуары,Алматы,Омаров Т.,Бутик,1,274487.13,0,274487.13,97662.08,176825.05,VIP-354,Brand_Акс,Склад-Алм,0,completed
2025-07-21,LUX-11483,Серьги с изумрудом,Ювелирные изделия,Атырау,Ким А.,Бутик,1,4011939.08,0,4011939.08,1280905.31,2731033.77,VIP-745,Brand_Юве,Склад-Аты,0,completed
2025-10-13,LUX-11484,Кольцо с бриллиантом,Ювелирные изделия,Актау,Ким А.,VIP-клиенты,1,3902568.51,0,3902568.51,1477042.04,2425526.47,VIP-528,Brand_Юве,Склад-Акт,0,completed
2026-04-16,LUX-11485,Кольцо с бриллиантом,Ювелирные изделия,Алматы,Ким А.,VIP-клиенты,1,1172174.72,5,1113565.98,371157.24,742408.75,VIP-513,Brand_Юве,Склад-Алм,0,completed
2025-09-09,LUX-11486,Кольцо с бриллиантом,Ювелирные изделия,Актау,Ахметова Д.,Бутик,3,1183131.38,0,3549394.13,1184354.89,2365039.23,VIP-883,Brand_Юве,Склад-Акт,0,completed
2026-01-29,LUX-11487,Кольцо с бриллиантом,Ювелирные изделия,Актау,Ким А.,Бутик,1,2188694.54,0,2188694.54,547554.15,1641140.39,VIP-84,Brand_Юве,Склад-Акт,0,completed
2026-02-27,LUX-11488,Платиновый браслет,Ювелирные изделия,Шымкент,Ким А.,Онлайн-магазин,2,657304.87,0,1314609.74,272968.34,1041641.4,VIP-492,Brand_Юве,Склад-Шым,0,completed
2026-01-06,LUX-11489,Очки Ray-Ban,Аксессуары,Шымкент,Омаров Т.,Бутик,1,337851.65,0,337851.65,96745.86,241105.78,VIP-715,Brand_Акс,Склад-Шым,0,completed
2026-02-13,LUX-11490,Часы Rolex,Аксессуары,Астана,Сатпаева А.,Бутик,1,717341.46,0,717341.46,237748.26,479593.2,VIP-903,Brand_Акс,Склад-Аст,1,returned
2025-11-29,LUX-11491,Клатч вечерний,Аксессуары,Астана,Ким А.,VIP-клиенты,1,838467.89,0,838467.89,181388.86,657079.03,VIP-946,Brand_Акс,Склад-Аст,0,completed
2026-01-31,LUX-11492,Пиджак кроя Slim,Брендовые вещи,Атырау,Омаров Т.,Бутик,1,1539961.61,0,1539961.61,513599.67,1026361.94,VIP-910,Brand_Бре,Склад-Аты,0,completed
2026-06-25,LUX-11493,Серьги с изумрудом,Ювелирные изделия,Шымкент,Сатпаева А.,VIP-клиенты,1,607452.18,0,607452.18,220429.08,387023.1,VIP-279,Brand_Юве,Склад-Шым,0,completed
2025-10-10,LUX-11494,Серьги с изумрудом,Ювелирные изделия,Алматы,Сатпаева А.,Бутик,1,1509564.11,10,1358607.7,341224.86,1017382.84,VIP-140,Brand_Юве,Склад-Алм,0,completed
2026-07-07,LUX-11495,Платиновый браслет,Ювелирные изделия,Астана,Ким А.,Бутик,3,1901792.05,0,5705376.14,1719170.64,3986205.5,VIP-206,Brand_Юве,Склад-Аст,0,completed
2025-09-15,LUX-11496,Очки Ray-Ban,Аксессуары,Астана,Омаров Т.,VIP-клиенты,2,272794.8,0,545589.6,195074.08,350515.52,VIP-522,Brand_Акс,Склад-Аст,0,completed
2026-02-08,LUX-11497,Кольцо с бриллиантом,Ювелирные изделия,Алматы,Ким А.,Бутик,1,729081.01,0,729081.01,220276.01,508804.99,VIP-448,Brand_Юве,Склад-Алм,0,completed
2026-03-28,LUX-11498,Tom Ford Oud Wood,Парфюмерия,Актау,Ким А.,Бутик,1,204583.18,0,204583.18,58754.26,145828.92,VIP-519,Brand_Пар,Склад-Акт,0,completed
2026-05-07,LUX-11499,Кольцо с бриллиантом,Ювелирные изделия,Шымкент,Сатпаева А.,Бутик,1,1966628.24,0,1966628.24,758928.57,1207699.68,VIP-801,Brand_Юве,Склад-Шым,0,completed
2026-02-24,LUX-11500,Колье из жемчуга,Ювелирные изделия,Астана,Ахметова Д.,VIP-клиенты,1,3536030.49,0,3536030.49,1090885.01,2445145.48,VIP-747,Brand_Юве,Склад-Аст,0,completed
2025-10-01,LUX-11501,Chanel No 5,Парфюмерия,Актау,Сатпаева А.,Онлайн-магазин,2,239103.83,0,478207.65,145144.28,333063.38,VIP-612,Brand_Пар,Склад-Акт,0,completed
2026-03-29,LUX-11502,Платиновый браслет,Ювелирные изделия,Атырау,Сатпаева А.,VIP-клиенты,1,3524673.42,0,3524673.42,1226584.8,2298088.62,VIP-648,Brand_Юве,Склад-Аты,0,completed
2026-06-09,LUX-11503,Платиновый браслет,Ювелирные изделия,Атырау,Ахметова Д.,Бутик,1,4275667.71,0,4275667.71,1422343.57,2853324.14,VIP-491,Brand_Юве,Склад-Аты,0,completed
2026-04-11,LUX-11504,Baccarat Rouge 540,Парфюмерия,Атырау,Ахметова Д.,Бутик,1,78053.12,0,78053.12,17550.83,60502.29,VIP-706,Brand_Пар,Склад-Аты,0,completed
2026-01-19,LUX-11505,Пиджак кроя Slim,Брендовые вещи,Шымкент,Ахметова Д.,VIP-клиенты,1,1727496.72,0,1727496.72,525104.57,1202392.15,VIP-125,Brand_Бре,Склад-Шым,0,completed
2026-07-08,LUX-11506,Пиджак кроя Slim,Брендовые вещи,Атырау,Ким А.,VIP-клиенты,1,950558.52,0,950558.52,215032.78,735525.74,VIP-280,Brand_Бре,Склад-Аты,0,completed
2026-06-29,LUX-11507,Золотая цепь,Ювелирные изделия,Атырау,Ким А.,Бутик,1,3641258.4,0,3641258.4,1102939.12,2538319.29,VIP-902,Brand_Юве,Склад-Аты,0,completed
2025-11-29,LUX-11508,Часы Rolex,Аксессуары,Астана,Ким А.,VIP-клиенты,1,397713.14,0,397713.14,121806.35,275906.79,VIP-268,Brand_Акс,Склад-Аст,0,completed
2025-10-17,LUX-11509,Туфли на шпильке,Брендовые вещи,Алматы,Омаров Т.,Бутик,1,1071918.9,0,1071918.9,295094.12,776824.78,VIP-902,Brand_Бре,Склад-Алм,0,completed
2025-09-21,LUX-11510,Клатч вечерний,Аксессуары,Атырау,Ким А.,Бутик,1,1057504.01,0,1057504.01,213042.28,844461.73,VIP-328,Brand_Акс,Склад-Аты,1,returned
2025-12-01,LUX-11511,Jo Malone Wood Sage,Парфюмерия,Алматы,Сатпаева А.,Онлайн-магазин,2,107217.49,0,214434.97,57390.0,157044.97,VIP-52,Brand_Пар,Склад-Алм,0,completed
2025-12-25,LUX-11512,Сумка Birkin,Брендовые вещи,Шымкент,Ким А.,Бутик,2,1091284.76,0,2182569.51,789212.8,1393356.72,VIP-297,Brand_Бре,Склад-Шым,0,completed
2026-02-16,LUX-11513,Клатч вечерний,Аксессуары,Шымкент,Омаров Т.,Бутик,1,673772.73,0,673772.73,227539.98,446232.74,VIP-139,Brand_Акс,Склад-Шым,0,completed
2026-01-03,LUX-11514,Baccarat Rouge 540,Парфюмерия,Шымкент,Ким А.,Бутик,1,135796.46,10,122216.81,47374.15,74842.66,VIP-932,Brand_Пар,Склад-Шым,0,completed
2026-06-29,LUX-11515,Кольцо с бриллиантом,Ювелирные изделия,Астана,Сатпаева А.,VIP-клиенты,1,1674991.49,0,1674991.49,421873.81,1253117.68,VIP-339,Brand_Юве,Склад-Аст,0,completed
2026-01-18,LUX-11516,Jo Malone Wood Sage,Парфюмерия,Астана,Омаров Т.,Бутик,1,72890.33,0,72890.33,16180.44,56709.89,VIP-276,Brand_Пар,Склад-Аст,0,completed
2025-12-30,LUX-11517,Кожаный ремень,Аксессуары,Атырау,Ахметова Д.,VIP-клиенты,1,940643.54,0,940643.54,237354.01,703289.54,VIP-487,Brand_Акс,Склад-Аты,0,completed
2025-09-23,LUX-11518,Baccarat Rouge 540,Парфюмерия,Атырау,Сатпаева А.,VIP-клиенты,1,76258.69,0,76258.69,22529.24,53729.45,VIP-626,Brand_Пар,Склад-Аты,0,completed
2025-12-22,LUX-11519,Платиновый браслет,Ювелирные изделия,Атырау,Ким А.,VIP-клиенты,1,2837674.82,0,2837674.82,685231.44,2152443.38,VIP-547,Brand_Юве,Склад-Аты,0,completed
2025-11-26,LUX-11520,Золотая цепь,Ювелирные изделия,Шымкент,Ким А.,VIP-клиенты,1,795190.47,0,795190.47,301982.18,493208.29,VIP-293,Brand_Юве,Склад-Шым,0,completed
2025-09-02,LUX-11521,Запонки золотые,Аксессуары,Атырау,Ким А.,VIP-клиенты,1,1265332.12,0,1265332.12,411360.67,853971.45,VIP-827,Brand_Акс,Склад-Аты,0,completed
2025-11-19,LUX-11522,Клатч вечерний,Аксессуары,Атырау,Ахметова Д.,Бутик,1,1134323.86,0,1134323.86,304742.78,829581.08,VIP-826,Brand_Акс,Склад-Аты,0,completed
2026-06-10,LUX-11523,Dior Sauvage,Парфюмерия,Астана,Ахметова Д.,Бутик,1,119635.95,0,119635.95,33551.55,86084.4,VIP-272,Brand_Пар,Склад-Аст,0,completed
2025-09-10,LUX-11524,Платье Haute Couture,Брендовые вещи,Алматы,Омаров Т.,Бутик,1,946660.2,0,946660.2,276485.32,670174.88,VIP-46,Brand_Бре,Склад-Алм,0,completed
2025-10-09,LUX-11525,Dior Sauvage,Парфюмерия,Шымкент,Омаров Т.,Бутик,1,60797.66,0,60797.66,21354.44,39443.22,VIP-810,Brand_Пар,Склад-Шым,0,completed
2025-08-06,LUX-11526,Кожаный ремень,Аксессуары,Актау,Сатпаева А.,Бутик,1,1599631.49,0,1599631.49,501564.94,1098066.55,VIP-526,Brand_Акс,Склад-Акт,0,completed
2025-09-21,LUX-11527,Клатч вечерний,Аксессуары,Актау,Омаров Т.,VIP-клиенты,2,249038.42,0,498076.84,116682.73,381394.12,VIP-855,Brand_Акс,Склад-Акт,0,completed
2025-10-11,LUX-11528,Часы Rolex,Аксессуары,Шымкент,Сатпаева А.,Бутик,1,424575.98,10,382118.38,119262.13,262856.25,VIP-191,Brand_Акс,Склад-Шым,0,completed
2026-05-10,LUX-11529,Платье Haute Couture,Брендовые вещи,Астана,Омаров Т.,VIP-клиенты,1,259425.3,0,259425.3,75178.65,184246.65,VIP-41,Brand_Бре,Склад-Аст,0,completed
2025-11-29,LUX-11530,Серьги с изумрудом,Ювелирные изделия,Астана,Ким А.,Бутик,1,1116177.86,0,1116177.86,393595.17,722582.69,VIP-661,Brand_Юве,Склад-Аст,0,completed
2026-05-25,LUX-11531,Золотая цепь,Ювелирные изделия,Атырау,Сатпаева А.,VIP-клиенты,1,2957655.44,0,2957655.44,1132084.36,1825571.08,VIP-239,Brand_Юве,Склад-Аты,0,completed
2025-12-21,LUX-11532,Baccarat Rouge 540,Парфюмерия,Шымкент,Омаров Т.,Бутик,1,60045.42,0,60045.42,18739.09,41306.33,VIP-796,Brand_Пар,Склад-Шым,0,completed
2025-07-30,LUX-11533,Chanel No 5,Парфюмерия,Атырау,Сатпаева А.,Бутик,1,110166.08,0,110166.08,33319.3,76846.78,VIP-376,Brand_Пар,Склад-Аты,1,returned
2026-06-14,LUX-11534,Золотая цепь,Ювелирные изделия,Шымкент,Сатпаева А.,Бутик,1,684665.17,5,650431.91,253276.76,397155.15,VIP-911,Brand_Юве,Склад-Шым,0,completed
2025-10-23,LUX-11535,Кольцо с бриллиантом,Ювелирные изделия,Астана,Сатпаева А.,VIP-клиенты,1,4705563.02,0,4705563.02,1560569.63,3144993.39,VIP-713,Brand_Юве,Склад-Аст,0,completed
2025-12-29,LUX-11536,Chanel No 5,Парфюмерия,Шымкент,Сатпаева А.,Бутик,3,245633.81,0,736901.42,169197.66,567703.76,VIP-888,Brand_Пар,Склад-Шым,0,completed
2025-12-28,LUX-11537,Золотая цепь,Ювелирные изделия,Алматы,Ахметова Д.,Бутик,1,2059011.25,5,1956060.69,601013.99,1355046.7,VIP-192,Brand_Юве,Склад-Алм,0,completed
2026-03-07,LUX-11538,Колье из жемчуга,Ювелирные изделия,Атырау,Омаров Т.,VIP-клиенты,1,1125458.97,0,1125458.97,326726.88,798732.09,VIP-522,Brand_Юве,Склад-Аты,0,completed
2025-09-18,LUX-11539,Кольцо с бриллиантом,Ювелирные изделия,Актау,Ким А.,Онлайн-магазин,1,766157.62,0,766157.62,243249.02,522908.6,VIP-267,Brand_Юве,Склад-Акт,0,completed
2026-05-14,LUX-11540,Tom Ford Oud Wood,Парфюмерия,Астана,Омаров Т.,VIP-клиенты,1,61432.07,0,61432.07,16255.57,45176.5,VIP-642,Brand_Пар,Склад-Аст,0,completed
2026-04-13,LUX-11541,Сумка Birkin,Брендовые вещи,Актау,Ахметова Д.,VIP-клиенты,1,1143789.18,0,1143789.18,272911.43,870877.75,VIP-390,Brand_Бре,Склад-Акт,0,completed
2025-12-13,LUX-11542,Платье Haute Couture,Брендовые вещи,Астана,Ким А.,VIP-клиенты,1,1075362.48,0,1075362.48,275470.66,799891.82,VIP-555,Brand_Бре,Склад-Аст,0,completed
2026-04-30,LUX-11543,Кожаный ремень,Аксессуары,Атырау,Сатпаева А.,VIP-клиенты,1,315362.12,15,268057.81,58742.36,209315.45,VIP-122,Brand_Акс,Склад-Аты,0,completed
2025-12-31,LUX-11544,Chanel No 5,Парфюмерия,Атырау,Сатпаева А.,VIP-клиенты,1,140828.41,0,140828.41,44946.83,95881.58,VIP-274,Brand_Пар,Склад-Аты,0,completed
2026-01-07,LUX-11545,Золотая цепь,Ювелирные изделия,Актау,Ким А.,VIP-клиенты,1,4707690.43,0,4707690.43,1202462.97,3505227.46,VIP-242,Brand_Юве,Склад-Акт,0,completed
2025-12-24,LUX-11546,Сумка Birkin,Брендовые вещи,Астана,Ахметова Д.,Бутик,1,849958.35,10,764962.52,201205.97,563756.55,VIP-417,Brand_Бре,Склад-Аст,0,completed
2026-03-24,LUX-11547,Tom Ford Oud Wood,Парфюмерия,Атырау,Ахметова Д.,VIP-клиенты,1,157552.75,0,157552.75,31885.24,125667.51,VIP-144,Brand_Пар,Склад-Аты,0,completed
2026-04-07,LUX-11548,Клатч вечерний,Аксессуары,Актау,Омаров Т.,Бутик,1,852747.79,0,852747.79,333664.37,519083.43,VIP-203,Brand_Акс,Склад-Акт,0,completed
2026-02-17,LUX-11549,Jo Malone Wood Sage,Парфюмерия,Актау,Ким А.,Бутик,1,159374.84,10,143437.35,41287.68,102149.67,VIP-480,Brand_Пар,Склад-Акт,0,completed
2025-11-17,LUX-11550,Chanel No 5,Парфюмерия,Алматы,Омаров Т.,VIP-клиенты,1,228661.48,0,228661.48,49491.52,179169.96,VIP-928,Brand_Пар,Склад-Алм,0,completed
2025-11-14,LUX-11551,Туфли на шпильке,Брендовые вещи,Актау,Омаров Т.,VIP-клиенты,1,1349930.3,0,1349930.3,353858.2,996072.1,VIP-161,Brand_Бре,Склад-Акт,0,completed
2026-04-16,LUX-11552,Часы Rolex,Аксессуары,Астана,Ахметова Д.,Бутик,1,894954.46,0,894954.46,248880.78,646073.68,VIP-160,Brand_Акс,Склад-Аст,1,returned
2026-07-15,LUX-11553,Tom Ford Oud Wood,Парфюмерия,Алматы,Ким А.,Бутик,1,87267.28,15,74177.19,16253.44,57923.75,VIP-113,Brand_Пар,Склад-Алм,0,completed
2026-05-28,LUX-11554,Сумка Birkin,Брендовые вещи,Шымкент,Омаров Т.,VIP-клиенты,1,1294313.2,5,1229597.54,290083.19,939514.34,VIP-378,Brand_Бре,Склад-Шым,0,completed
2025-09-09,LUX-11555,Золотая цепь,Ювелирные изделия,Алматы,Омаров Т.,Бутик,1,1221800.68,0,1221800.68,338869.11,882931.57,VIP-586,Brand_Юве,Склад-Алм,0,completed
2026-06-12,LUX-11556,Часы Rolex,Аксессуары,Атырау,Ким А.,VIP-клиенты,1,413891.66,0,413891.66,131758.65,282133.01,VIP-668,Brand_Акс,Склад-Аты,0,completed
2025-10-13,LUX-11557,Часы Rolex,Аксессуары,Астана,Сатпаева А.,VIP-клиенты,1,709086.97,0,709086.97,273739.48,435347.49,VIP-113,Brand_Акс,Склад-Аст,0,completed
2025-07-18,LUX-11558,Золотая цепь,Ювелирные изделия,Атырау,Сатпаева А.,Бутик,1,1436169.29,0,1436169.29,503101.28,933068.01,VIP-997,Brand_Юве,Склад-Аты,0,completed
2025-08-25,LUX-11559,Платиновый браслет,Ювелирные изделия,Шымкент,Ахметова Д.,Бутик,1,2994182.59,0,2994182.59,842816.55,2151366.04,VIP-898,Brand_Юве,Склад-Шым,0,completed
2026-04-22,LUX-11560,Шелковый платок,Брендовые вещи,Атырау,Омаров Т.,VIP-клиенты,1,1314159.5,0,1314159.5,444555.94,869603.56,VIP-601,Brand_Бре,Склад-Аты,0,completed
2026-05-27,LUX-11561,Сумка Birkin,Брендовые вещи,Актау,Омаров Т.,Бутик,1,290530.61,0,290530.61,104682.35,185848.26,VIP-272,Brand_Бре,Склад-Акт,0,completed
2026-05-16,LUX-11562,Пиджак кроя Slim,Брендовые вещи,Астана,Ким А.,Бутик,1,1201776.22,0,1201776.22,384549.33,817226.88,VIP-748,Brand_Бре,Склад-Аст,0,completed
2026-05-01,LUX-11563,Шелковый платок,Брендовые вещи,Шымкент,Ахметова Д.,VIP-клиенты,1,167637.8,0,167637.8,65580.49,102057.31,VIP-771,Brand_Бре,Склад-Шым,0,completed
2026-03-25,LUX-11564,Часы Rolex,Аксессуары,Алматы,Ким А.,Бутик,2,269356.13,0,538712.25,112013.43,426698.82,VIP-943,Brand_Акс,Склад-Алм,0,completed
2025-12-25,LUX-11565,Клатч вечерний,Аксессуары,Атырау,Сатпаева А.,Бутик,1,1122593.98,0,1122593.98,272435.87,850158.1,VIP-920,Brand_Акс,Склад-Аты,0,completed
2026-01-29,LUX-11566,Dior Sauvage,Парфюмерия,Астана,Сатпаева А.,Бутик,1,240889.88,0,240889.88,89554.76,151335.12,VIP-459,Brand_Пар,Склад-Аст,0,cancelled
2026-02-02,LUX-11567,Колье из жемчуга,Ювелирные изделия,Алматы,Сатпаева А.,Бутик,1,4843514.29,0,4843514.29,1743683.05,3099831.23,VIP-948,Brand_Юве,Склад-Алм,0,completed
2026-05-10,LUX-11568,Chanel No 5,Парфюмерия,Шымкент,Ахметова Д.,Онлайн-магазин,1,176878.48,10,159190.63,36497.65,122692.98,VIP-714,Brand_Пар,Склад-Шым,0,completed
2025-09-14,LUX-11569,Baccarat Rouge 540,Парфюмерия,Астана,Сатпаева А.,VIP-клиенты,2,226909.78,0,453819.56,104156.83,349662.73,VIP-82,Brand_Пар,Склад-Аст,0,completed
2025-07-19,LUX-11570,Baccarat Rouge 540,Парфюмерия,Атырау,Ким А.,Бутик,1,103631.05,15,88086.39,31541.99,56544.41,VIP-378,Brand_Пар,Склад-Аты,0,completed
2025-10-20,LUX-11571,Колье из жемчуга,Ювелирные изделия,Шымкент,Ким А.,Бутик,1,4695113.07,0,4695113.07,1327346.03,3367767.04,VIP-529,Brand_Юве,Склад-Шым,0,completed
2025-09-19,LUX-11572,Кольцо с бриллиантом,Ювелирные изделия,Актау,Омаров Т.,Бутик,1,3937986.14,0,3937986.14,943514.35,2994471.79,VIP-541,Brand_Юве,Склад-Акт,0,completed
2025-11-16,LUX-11573,Клатч вечерний,Аксессуары,Атырау,Омаров Т.,Бутик,1,1161011.83,0,1161011.83,428485.68,732526.14,VIP-560,Brand_Акс,Склад-Аты,0,completed
2026-03-21,LUX-11574,Платиновый браслет,Ювелирные изделия,Шымкент,Сатпаева А.,Бутик,1,4458352.39,0,4458352.39,1672273.1,2786079.29,VIP-259,Brand_Юве,Склад-Шым,0,completed
2025-11-17,LUX-11575,Колье из жемчуга,Ювелирные изделия,Алматы,Ким А.,Бутик,1,5042625.38,5,4790494.11,1162695.14,3627798.97,VIP-553,Brand_Юве,Склад-Алм,0,completed
2026-06-26,LUX-11576,Серьги с изумрудом,Ювелирные изделия,Шымкент,Ахметова Д.,Бутик,1,4161406.44,0,4161406.44,1202067.79,2959338.64,VIP-521,Brand_Юве,Склад-Шым,0,cancelled
2025-10-16,LUX-11577,Tom Ford Oud Wood,Парфюмерия,Шымкент,Сатпаева А.,Бутик,1,200143.01,0,200143.01,45952.28,154190.73,VIP-117,Brand_Пар,Склад-Шым,0,completed
2026-01-03,LUX-11578,Запонки золотые,Аксессуары,Атырау,Ким А.,VIP-клиенты,1,933915.91,15,793828.53,217113.7,576714.83,VIP-233,Brand_Акс,Склад-Аты,0,completed
2025-10-01,LUX-11579,Запонки золотые,Аксессуары,Алматы,Сатпаева А.,Бутик,1,802884.96,0,802884.96,241183.79,561701.17,VIP-378,Brand_Акс,Склад-Алм,0,completed
2026-03-21,LUX-11580,Chanel No 5,Парфюмерия,Алматы,Сатпаева А.,Бутик,3,147750.31,0,443250.94,142115.43,301135.51,VIP-850,Brand_Пар,Склад-Алм,0,completed
2025-11-26,LUX-11581,Золотая цепь,Ювелирные изделия,Астана,Ким А.,Бутик,1,2510485.33,0,2510485.33,952251.55,1558233.78,VIP-927,Brand_Юве,Склад-Аст,0,completed
2026-06-08,LUX-11582,Кольцо с бриллиантом,Ювелирные изделия,Атырау,Ахметова Д.,Бутик,1,2290585.06,0,2290585.06,673194.51,1617390.56,VIP-726,Brand_Юве,Склад-Аты,0,completed
2025-11-03,LUX-11583,Пиджак кроя Slim,Брендовые вещи,Шымкент,Ким А.,Бутик,1,837176.08,0,837176.08,283278.29,553897.79,VIP-371,Brand_Бре,Склад-Шым,0,completed
2026-01-07,LUX-11584,Золотая цепь,Ювелирные изделия,Шымкент,Сатпаева А.,VIP-клиенты,1,3566949.93,10,3210254.94,1039562.39,2170692.55,VIP-492,Brand_Юве,Склад-Шым,0,completed
2025-10-09,LUX-11585,Chanel No 5,Парфюмерия,Астана,Сатпаева А.,VIP-клиенты,1,199980.94,0,199980.94,46132.33,153848.61,VIP-442,Brand_Пар,Склад-Аст,0,completed
2025-10-03,LUX-11586,Серьги с изумрудом,Ювелирные изделия,Атырау,Сатпаева А.,Онлайн-магазин,1,3552444.0,0,3552444.0,871887.35,2680556.65,VIP-360,Brand_Юве,Склад-Аты,0,completed
2026-05-11,LUX-11587,Серьги с изумрудом,Ювелирные изделия,Атырау,Омаров Т.,Онлайн-магазин,1,655613.06,0,655613.06,244257.89,411355.16,VIP-536,Brand_Юве,Склад-Аты,0,completed
2026-01-04,LUX-11588,Серьги с изумрудом,Ювелирные изделия,Астана,Ким А.,Бутик,1,771151.8,0,771151.8,262941.75,508210.05,VIP-986,Brand_Юве,Склад-Аст,0,completed
2026-05-13,LUX-11589,Шелковый платок,Брендовые вещи,Алматы,Ахметова Д.,Бутик,1,655185.77,0,655185.77,239651.17,415534.6,VIP-420,Brand_Бре,Склад-Алм,0,completed
2026-01-25,LUX-11590,Dior Sauvage,Парфюмерия,Актау,Ахметова Д.,Бутик,3,218910.33,0,656730.98,190671.33,466059.65,VIP-680,Brand_Пар,Склад-Акт,0,completed
2025-12-10,LUX-11591,Часы Rolex,Аксессуары,Алматы,Омаров Т.,Бутик,1,527446.37,0,527446.37,209123.67,318322.7,VIP-483,Brand_Акс,Склад-Алм,0,completed
2026-05-05,LUX-11592,Платиновый браслет,Ювелирные изделия,Атырау,Сатпаева А.,Бутик,1,1575431.45,10,1417888.3,449072.84,968815.47,VIP-204,Brand_Юве,Склад-Аты,0,completed
2025-08-18,LUX-11593,Пиджак кроя Slim,Брендовые вещи,Актау,Омаров Т.,Бутик,1,1417166.74,0,1417166.74,444862.45,972304.28,VIP-270,Brand_Бре,Склад-Акт,0,completed
2026-07-07,LUX-11594,Золотая цепь,Ювелирные изделия,Шымкент,Ахметова Д.,VIP-клиенты,1,3981766.25,0,3981766.25,1374000.48,2607765.77,VIP-423,Brand_Юве,Склад-Шым,0,completed
2025-09-03,LUX-11595,Jo Malone Wood Sage,Парфюмерия,Шымкент,Ахметова Д.,Бутик,1,222011.31,0,222011.31,74531.04,147480.27,VIP-738,Brand_Пар,Склад-Шым,0,completed
2025-12-22,LUX-11596,Колье из жемчуга,Ювелирные изделия,Астана,Омаров Т.,Бутик,1,2013840.99,0,2013840.99,436034.06,1577806.93,VIP-779,Brand_Юве,Склад-Аст,0,completed
2025-10-12,LUX-11597,Золотая цепь,Ювелирные изделия,Шымкент,Ким А.,Бутик,1,3415839.42,5,3245047.45,1230542.35,2014505.1,VIP-290,Brand_Юве,Склад-Шым,1,returned
2025-08-15,LUX-11598,Сумка Birkin,Брендовые вещи,Астана,Ким А.,Бутик,2,1968295.85,0,3936591.7,1192762.39,2743829.31,VIP-90,Brand_Бре,Склад-Аст,0,completed
2026-02-22,LUX-11599,Кольцо с бриллиантом,Ювелирные изделия,Атырау,Сатпаева А.,VIP-клиенты,1,540004.23,0,540004.23,147947.05,392057.17,VIP-980,Brand_Юве,Склад-Аты,0,completed
2026-04-11,LUX-11600,Платиновый браслет,Ювелирные изделия,Актау,Ахметова Д.,VIP-клиенты,1,1620826.5,0,1620826.5,574576.29,1046250.2,VIP-664,Brand_Юве,Склад-Акт,0,completed
2025-10-27,LUX-11601,Baccarat Rouge 540,Парфюмерия,Астана,Ким А.,Бутик,1,123243.06,0,123243.06,37299.14,85943.92,VIP-450,Brand_Пар,Склад-Аст,0,completed
2026-01-02,LUX-11602,Колье из жемчуга,Ювелирные изделия,Алматы,Ким А.,Бутик,1,1836165.53,0,1836165.53,386933.02,1449232.5,VIP-750,Brand_Юве,Склад-Алм,0,completed
2026-02-27,LUX-11603,Туфли на шпильке,Брендовые вещи,Алматы,Ахметова Д.,Бутик,1,486344.34,0,486344.34,133847.99,352496.35,VIP-211,Brand_Бре,Склад-Алм,0,completed
2025-11-02,LUX-11604,Платье Haute Couture,Брендовые вещи,Алматы,Сатпаева А.,VIP-клиенты,1,682273.88,0,682273.88,265768.9,416504.98,VIP-632,Brand_Бре,Склад-Алм,0,completed
2025-11-17,LUX-11605,Кожаный ремень,Аксессуары,Атырау,Ахметова Д.,Бутик,1,204448.78,0,204448.78,41866.89,162581.88,VIP-210,Brand_Акс,Склад-Аты,0,completed
2026-07-13,LUX-11606,Сумка Birkin,Брендовые вещи,Актау,Ким А.,Бутик,1,515215.08,0,515215.08,169898.84,345316.24,VIP-740,Brand_Бре,Склад-Акт,0,completed
2026-02-04,LUX-11607,Клатч вечерний,Аксессуары,Алматы,Сатпаева А.,Бутик,1,202774.66,0,202774.66,76329.08,126445.58,VIP-634,Brand_Акс,Склад-Алм,0,completed
2026-07-01,LUX-11608,Кольцо с бриллиантом,Ювелирные изделия,Астана,Омаров Т.,Онлайн-магазин,1,546621.39,0,546621.39,141584.19,405037.2,VIP-322,Brand_Юве,Склад-Аст,0,completed
2026-01-17,LUX-11609,Очки Ray-Ban,Аксессуары,Атырау,Сатпаева А.,Бутик,1,688174.57,0,688174.57,159509.0,528665.57,VIP-538,Brand_Акс,Склад-Аты,0,completed
2026-03-08,LUX-11610,Кольцо с бриллиантом,Ювелирные изделия,Алматы,Омаров Т.,Бутик,1,2255841.17,15,1917465.0,469677.64,1447787.36,VIP-565,Brand_Юве,Склад-Алм,0,completed
2025-07-30,LUX-11611,Кожаный ремень,Аксессуары,Атырау,Омаров Т.,Бутик,1,1374454.6,0,1374454.6,467214.89,907239.7,VIP-279,Brand_Акс,Склад-Аты,0,completed
2025-10-03,LUX-11612,Очки Ray-Ban,Аксессуары,Астана,Омаров Т.,VIP-клиенты,1,409235.84,0,409235.84,128686.28,280549.56,VIP-504,Brand_Акс,Склад-Аст,0,completed
2025-12-28,LUX-11613,Jo Malone Wood Sage,Парфюмерия,Алматы,Сатпаева А.,Бутик,3,56861.6,0,170584.81,42905.64,127679.17,VIP-595,Brand_Пар,Склад-Алм,0,completed
2025-12-16,LUX-11614,Кольцо с бриллиантом,Ювелирные изделия,Шымкент,Омаров Т.,Бутик,1,785990.99,0,785990.99,293313.93,492677.06,VIP-188,Brand_Юве,Склад-Шым,0,completed
2025-12-06,LUX-11615,Запонки золотые,Аксессуары,Астана,Омаров Т.,Бутик,1,818865.87,0,818865.87,269666.21,549199.66,VIP-116,Brand_Акс,Склад-Аст,0,completed
2026-02-16,LUX-11616,Часы Rolex,Аксессуары,Шымкент,Омаров Т.,Бутик,1,177861.25,15,151182.06,59692.5,91489.56,VIP-629,Brand_Акс,Склад-Шым,0,completed
2026-05-10,LUX-11617,Колье из жемчуга,Ювелирные изделия,Актау,Ахметова Д.,VIP-клиенты,1,4084552.01,0,4084552.01,1258485.9,2826066.1,VIP-340,Brand_Юве,Склад-Акт,0,completed
2026-06-25,LUX-11618,Шелковый платок,Брендовые вещи,Шымкент,Ким А.,Бутик,1,1205786.09,0,1205786.09,260166.58,945619.5,VIP-763,Brand_Бре,Склад-Шым,0,completed
2026-05-04,LUX-11619,Tom Ford Oud Wood,Парфюмерия,Шымкент,Омаров Т.,Бутик,1,189014.7,0,189014.7,44243.29,144771.41,VIP-902,Brand_Пар,Склад-Шым,0,completed
2025-12-09,LUX-11620,Туфли на шпильке,Брендовые вещи,Актау,Ахметова Д.,Онлайн-магазин,1,489055.35,0,489055.35,152922.92,336132.43,VIP-355,Brand_Бре,Склад-Акт,0,completed
2025-08-02,LUX-11621,Очки Ray-Ban,Аксессуары,Алматы,Ким А.,Бутик,1,445401.23,0,445401.23,106088.04,339313.19,VIP-693,Brand_Акс,Склад-Алм,0,completed
2026-04-17,LUX-11622,Jo Malone Wood Sage,Парфюмерия,Алматы,Сатпаева А.,Бутик,1,186066.69,0,186066.69,46503.32,139563.37,VIP-310,Brand_Пар,Склад-Алм,0,completed
2026-01-05,LUX-11623,Часы Rolex,Аксессуары,Шымкент,Омаров Т.,VIP-клиенты,1,437201.56,0,437201.56,119737.84,317463.72,VIP-473,Brand_Акс,Склад-Шым,0,completed
2025-08-27,LUX-11624,Jo Malone Wood Sage,Парфюмерия,Алматы,Ким А.,VIP-клиенты,3,254275.62,0,762826.85,239019.23,523807.63,VIP-21,Brand_Пар,Склад-Алм,0,completed
2025-12-15,LUX-11625,Tom Ford Oud Wood,Парфюмерия,Шымкент,Сатпаева А.,Бутик,1,80222.14,0,80222.14,25301.06,54921.08,VIP-15,Brand_Пар,Склад-Шым,0,completed
2026-06-16,LUX-11626,Baccarat Rouge 540,Парфюмерия,Алматы,Сатпаева А.,Бутик,1,112308.12,0,112308.12,33366.69,78941.42,VIP-63,Brand_Пар,Склад-Алм,0,completed
2026-02-23,LUX-11627,Кожаный ремень,Аксессуары,Актау,Сатпаева А.,Бутик,3,1125047.82,0,3375143.45,939238.84,2435904.61,VIP-666,Brand_Акс,Склад-Акт,0,completed
2025-11-24,LUX-11628,Baccarat Rouge 540,Парфюмерия,Алматы,Ахметова Д.,VIP-клиенты,1,63365.52,0,63365.52,16879.17,46486.34,VIP-92,Brand_Пар,Склад-Алм,0,completed
2026-07-10,LUX-11629,Запонки золотые,Аксессуары,Астана,Омаров Т.,Бутик,1,1413249.31,0,1413249.31,390279.69,1022969.62,VIP-367,Brand_Акс,Склад-Аст,0,completed
2026-04-23,LUX-11630,Запонки золотые,Аксессуары,Астана,Ким А.,Бутик,1,596038.69,0,596038.69,235888.9,360149.79,VIP-457,Brand_Акс,Склад-Аст,0,completed
2026-04-13,LUX-11631,Сумка Birkin,Брендовые вещи,Шымкент,Ким А.,VIP-клиенты,1,1256329.31,0,1256329.31,456541.41,799787.89,VIP-206,Brand_Бре,Склад-Шым,0,completed
2025-07-17,LUX-11632,Золотая цепь,Ювелирные изделия,Алматы,Сатпаева А.,Бутик,1,2214023.97,0,2214023.97,637880.07,1576143.91,VIP-542,Brand_Юве,Склад-Алм,1,returned
2025-12-05,LUX-11633,Колье из жемчуга,Ювелирные изделия,Атырау,Сатпаева А.,VIP-клиенты,1,2555932.68,15,2172542.78,742634.23,1429908.55,VIP-608,Brand_Юве,Склад-Аты,1,returned
2026-01-26,LUX-11634,Пиджак кроя Slim,Брендовые вещи,Астана,Ким А.,VIP-клиенты,2,433486.45,10,780275.61,295924.12,484351.49,VIP-255,Brand_Бре,Склад-Аст,0,completed
2026-07-02,LUX-11635,Кольцо с бриллиантом,Ювелирные изделия,Алматы,Ким А.,Бутик,1,2556289.6,0,2556289.6,942237.02,1614052.58,VIP-815,Brand_Юве,Склад-Алм,0,completed
2025-11-18,LUX-11636,Сумка Birkin,Брендовые вещи,Актау,Ким А.,Бутик,2,1440068.23,15,2448116.0,598611.38,1849504.61,VIP-52,Brand_Бре,Склад-Акт,0,completed
2026-03-19,LUX-11637,Пиджак кроя Slim,Брендовые вещи,Алматы,Ахметова Д.,Бутик,3,1682999.36,10,4544098.28,1111304.43,3432793.84,VIP-484,Brand_Бре,Склад-Алм,0,completed
2026-01-13,LUX-11638,Туфли на шпильке,Брендовые вещи,Актау,Омаров Т.,VIP-клиенты,1,1160448.3,0,1160448.3,428174.74,732273.55,VIP-754,Brand_Бре,Склад-Акт,0,completed
2025-08-08,LUX-11639,Колье из жемчуга,Ювелирные изделия,Актау,Ким А.,VIP-клиенты,1,2223494.5,0,2223494.5,884884.03,1338610.47,VIP-735,Brand_Юве,Склад-Акт,0,completed
2026-06-21,LUX-11640,Шелковый платок,Брендовые вещи,Шымкент,Омаров Т.,Бутик,1,1785670.38,5,1696386.86,399524.58,1296862.28,VIP-481,Brand_Бре,Склад-Шым,0,completed
2025-11-18,LUX-11641,Сумка Birkin,Брендовые вещи,Актау,Ким А.,Бутик,1,860141.29,0,860141.29,208994.64,651146.64,VIP-84,Brand_Бре,Склад-Акт,0,completed
2025-09-08,LUX-11642,Сумка Birkin,Брендовые вещи,Атырау,Ким А.,VIP-клиенты,1,1098907.4,0,1098907.4,357556.4,741350.99,VIP-190,Brand_Бре,Склад-Аты,0,completed
2026-07-01,LUX-11643,Очки Ray-Ban,Аксессуары,Актау,Ахметова Д.,Бутик,1,1146293.33,10,1031663.99,229921.24,801742.76,VIP-81,Brand_Акс,Склад-Акт,0,completed
2026-06-13,LUX-11644,Туфли на шпильке,Брендовые вещи,Шымкент,Ким А.,VIP-клиенты,3,1972454.37,0,5917363.1,1494402.02,4422961.08,VIP-980,Brand_Бре,Склад-Шым,0,completed
2026-01-26,LUX-11645,Chanel No 5,Парфюмерия,Актау,Сатпаева А.,Бутик,1,135580.41,0,135580.41,52627.48,82952.93,VIP-156,Brand_Пар,Склад-Акт,0,completed
2026-06-07,LUX-11646,Колье из жемчуга,Ювелирные изделия,Актау,Ким А.,Бутик,3,3512957.4,10,9484984.98,3338906.21,6146078.78,VIP-898,Brand_Юве,Склад-Акт,0,completed
2026-01-25,LUX-11647,Chanel No 5,Парфюмерия,Атырау,Ахметова Д.,Онлайн-магазин,1,226418.21,0,226418.21,58416.16,168002.05,VIP-276,Brand_Пар,Склад-Аты,0,completed
2026-06-09,LUX-11648,Колье из жемчуга,Ювелирные изделия,Алматы,Ким А.,VIP-клиенты,3,2176029.63,0,6528088.89,1656833.55,4871255.34,VIP-162,Brand_Юве,Склад-Алм,0,completed
2025-07-25,LUX-11649,Колье из жемчуга,Ювелирные изделия,Атырау,Омаров Т.,Бутик,1,3808236.89,0,3808236.89,764527.66,3043709.23,VIP-215,Brand_Юве,Склад-Аты,0,completed
2026-04-19,LUX-11650,Пиджак кроя Slim,Брендовые вещи,Шымкент,Омаров Т.,Бутик,3,609097.37,0,1827292.12,379929.77,1447362.34,VIP-945,Brand_Бре,Склад-Шым,0,completed
2026-07-12,LUX-11651,Запонки золотые,Аксессуары,Шымкент,Сатпаева А.,Бутик,1,1006567.7,0,1006567.7,391289.42,615278.27,VIP-168,Brand_Акс,Склад-Шым,0,completed
2025-09-02,LUX-11652,Туфли на шпильке,Брендовые вещи,Актау,Ким А.,VIP-клиенты,1,344376.03,10,309938.43,116041.9,193896.53,VIP-156,Brand_Бре,Склад-Акт,0,completed
2025-11-22,LUX-11653,Клатч вечерний,Аксессуары,Алматы,Омаров Т.,Бутик,1,909607.77,0,909607.77,291266.97,618340.8,VIP-258,Brand_Акс,Склад-Алм,0,completed
2025-07-25,LUX-11654,Кольцо с бриллиантом,Ювелирные изделия,Алматы,Ким А.,Онлайн-магазин,2,4783768.67,0,9567537.35,2779579.9,6787957.45,VIP-926,Brand_Юве,Склад-Алм,0,completed
2026-03-03,LUX-11655,Клатч вечерний,Аксессуары,Атырау,Ахметова Д.,Бутик,2,498668.81,0,997337.63,255269.47,742068.15,VIP-370,Brand_Акс,Склад-Аты,0,completed
2026-01-21,LUX-11656,Dior Sauvage,Парфюмерия,Алматы,Ким А.,Онлайн-магазин,1,148020.18,0,148020.18,58838.89,89181.29,VIP-48,Brand_Пар,Склад-Алм,0,completed
2026-03-19,LUX-11657,Jo Malone Wood Sage,Парфюмерия,Актау,Ахметова Д.,VIP-клиенты,1,197442.71,15,167826.3,38607.98,129218.32,VIP-216,Brand_Пар,Склад-Акт,0,completed
2025-10-24,LUX-11658,Baccarat Rouge 540,Парфюмерия,Алматы,Ким А.,Бутик,1,125766.33,0,125766.33,28518.04,97248.29,VIP-717,Brand_Пар,Склад-Алм,0,completed
2026-03-10,LUX-11659,Сумка Birkin,Брендовые вещи,Шымкент,Ахметова Д.,Бутик,2,224192.23,0,448384.45,89861.75,358522.7,VIP-659,Brand_Бре,Склад-Шым,0,completed
2026-05-15,LUX-11660,Туфли на шпильке,Брендовые вещи,Атырау,Омаров Т.,Бутик,1,1863189.5,0,1863189.5,585998.75,1277190.75,VIP-575,Brand_Бре,Склад-Аты,0,completed
2026-02-21,LUX-11661,Baccarat Rouge 540,Парфюмерия,Атырау,Ким А.,VIP-клиенты,3,205324.0,15,523576.19,114378.45,409197.75,VIP-995,Brand_Пар,Склад-Аты,0,completed
2026-05-29,LUX-11662,Кольцо с бриллиантом,Ювелирные изделия,Алматы,Ахметова Д.,Бутик,2,514981.4,0,1029962.8,373173.15,656789.65,VIP-726,Brand_Юве,Склад-Алм,0,completed
2025-12-31,LUX-11663,Кожаный ремень,Аксессуары,Алматы,Сатпаева А.,Онлайн-магазин,1,823827.17,0,823827.17,224322.84,599504.33,VIP-433,Brand_Акс,Склад-Алм,0,completed
2025-08-21,LUX-11664,Dior Sauvage,Парфюмерия,Актау,Сатпаева А.,VIP-клиенты,1,52660.12,0,52660.12,18087.87,34572.25,VIP-566,Brand_Пар,Склад-Акт,0,completed
2026-01-01,LUX-11665,Колье из жемчуга,Ювелирные изделия,Шымкент,Ахметова Д.,Бутик,1,3490023.11,0,3490023.11,1387118.72,2102904.39,VIP-159,Brand_Юве,Склад-Шым,0,completed
2026-03-17,LUX-11666,Baccarat Rouge 540,Парфюмерия,Актау,Ким А.,Бутик,1,129212.35,0,129212.35,32068.21,97144.14,VIP-882,Brand_Пар,Склад-Акт,0,completed
2025-10-04,LUX-11667,Платиновый браслет,Ювелирные изделия,Атырау,Ким А.,Бутик,1,508523.37,5,483097.21,189727.54,293369.67,VIP-504,Brand_Юве,Склад-Аты,0,completed
2026-03-22,LUX-11668,Колье из жемчуга,Ювелирные изделия,Атырау,Ким А.,VIP-клиенты,2,1973755.32,0,3947510.65,1212076.36,2735434.29,VIP-853,Brand_Юве,Склад-Аты,0,completed
2026-04-28,LUX-11669,Колье из жемчуга,Ювелирные изделия,Алматы,Ким А.,Бутик,1,2448829.91,15,2081505.42,574195.39,1507310.03,VIP-414,Brand_Юве,Склад-Алм,0,completed
2025-09-03,LUX-11670,Очки Ray-Ban,Аксессуары,Атырау,Сатпаева А.,Бутик,2,827459.55,15,1406681.24,344369.27,1062311.97,VIP-933,Brand_Акс,Склад-Аты,0,completed
2025-07-16,LUX-11671,Dior Sauvage,Парфюмерия,Алматы,Омаров Т.,Бутик,1,112343.06,0,112343.06,30570.68,81772.38,VIP-115,Brand_Пар,Склад-Алм,0,completed
2025-11-15,LUX-11672,Запонки золотые,Аксессуары,Атырау,Ахметова Д.,Онлайн-магазин,1,891674.59,0,891674.59,278069.32,613605.27,VIP-773,Brand_Акс,Склад-Аты,0,completed
2025-10-02,LUX-11673,Chanel No 5,Парфюмерия,Алматы,Ахметова Д.,Бутик,2,236048.09,0,472096.18,140205.51,331890.67,VIP-379,Brand_Пар,Склад-Алм,0,completed
2026-06-13,LUX-11674,Пиджак кроя Slim,Брендовые вещи,Астана,Сатпаева А.,VIP-клиенты,1,334038.34,10,300634.5,71499.3,229135.21,VIP-279,Brand_Бре,Склад-Аст,0,completed
2026-06-04,LUX-11675,Пиджак кроя Slim,Брендовые вещи,Шымкент,Ахметова Д.,Бутик,1,1779528.67,0,1779528.67,391218.71,1388309.97,VIP-696,Brand_Бре,Склад-Шым,0,completed
2026-05-20,LUX-11676,Серьги с изумрудом,Ювелирные изделия,Алматы,Ким А.,Бутик,1,2787319.94,0,2787319.94,923469.32,1863850.62,VIP-760,Brand_Юве,Склад-Алм,0,completed
2026-01-23,LUX-11677,Chanel No 5,Парфюмерия,Атырау,Омаров Т.,Бутик,1,119850.51,0,119850.51,28389.65,91460.86,VIP-249,Brand_Пар,Склад-Аты,0,completed
2026-05-04,LUX-11678,Часы Rolex,Аксессуары,Атырау,Ким А.,Бутик,1,853355.58,0,853355.58,172481.82,680873.75,VIP-330,Brand_Акс,Склад-Аты,0,completed
2025-08-21,LUX-11679,Кожаный ремень,Аксессуары,Актау,Омаров Т.,Бутик,1,374633.65,0,374633.65,146530.99,228102.65,VIP-72,Brand_Акс,Склад-Акт,1,returned
2026-04-06,LUX-11680,Часы Rolex,Аксессуары,Актау,Омаров Т.,Бутик,1,580104.48,10,522094.03,142451.0,379643.04,VIP-299,Brand_Акс,Склад-Акт,0,completed
2026-04-10,LUX-11681,Chanel No 5,Парфюмерия,Актау,Омаров Т.,VIP-клиенты,2,169434.65,0,338869.3,127050.24,211819.06,VIP-375,Brand_Пар,Склад-Акт,0,completed
2026-03-12,LUX-11682,Платиновый браслет,Ювелирные изделия,Алматы,Омаров Т.,Бутик,1,2965652.5,0,2965652.5,631068.22,2334584.28,VIP-389,Brand_Юве,Склад-Алм,0,completed
2026-04-02,LUX-11683,Часы Rolex,Аксессуары,Атырау,Ким А.,Бутик,1,217792.22,0,217792.22,80496.82,137295.4,VIP-42,Brand_Акс,Склад-Аты,0,completed
2025-11-02,LUX-11684,Золотая цепь,Ювелирные изделия,Астана,Ахметова Д.,Бутик,1,4634090.75,0,4634090.75,1565817.95,3068272.8,VIP-482,Brand_Юве,Склад-Аст,0,completed
2026-04-10,LUX-11685,Платиновый браслет,Ювелирные изделия,Астана,Сатпаева А.,Бутик,1,4826836.09,0,4826836.09,1922519.14,2904316.95,VIP-599,Brand_Юве,Склад-Аст,0,completed
2025-08-20,LUX-11686,Кожаный ремень,Аксессуары,Алматы,Ахметова Д.,Бутик,1,121287.45,0,121287.45,32220.71,89066.74,VIP-542,Brand_Акс,Склад-Алм,0,completed
2025-10-28,LUX-11687,Очки Ray-Ban,Аксессуары,Атырау,Сатпаева А.,VIP-клиенты,1,589388.66,0,589388.66,135324.33,454064.33,VIP-754,Brand_Акс,Склад-Аты,0,completed
2025-12-12,LUX-11688,Запонки золотые,Аксессуары,Шымкент,Ким А.,VIP-клиенты,1,954783.44,0,954783.44,353978.43,600805.01,VIP-319,Brand_Акс,Склад-Шым,0,completed
2025-10-11,LUX-11689,Jo Malone Wood Sage,Парфюмерия,Шымкент,Омаров Т.,VIP-клиенты,1,63706.31,0,63706.31,23743.66,39962.64,VIP-645,Brand_Пар,Склад-Шым,0,completed
2026-05-24,LUX-11690,Кольцо с бриллиантом,Ювелирные изделия,Алматы,Ким А.,VIP-клиенты,1,1985267.24,0,1985267.24,572119.87,1413147.37,VIP-924,Brand_Юве,Склад-Алм,0,completed
2026-05-15,LUX-11691,Золотая цепь,Ювелирные изделия,Шымкент,Омаров Т.,Бутик,1,2679484.79,0,2679484.79,923308.41,1756176.38,VIP-755,Brand_Юве,Склад-Шым,0,completed
2026-06-11,LUX-11692,Часы Rolex,Аксессуары,Алматы,Ким А.,VIP-клиенты,1,101715.18,0,101715.18,40287.09,61428.1,VIP-425,Brand_Акс,Склад-Алм,0,completed
2026-06-04,LUX-11693,Baccarat Rouge 540,Парфюмерия,Шымкент,Ахметова Д.,Бутик,1,117938.27,0,117938.27,38902.39,79035.88,VIP-958,Brand_Пар,Склад-Шым,0,completed
2025-08-22,LUX-11694,Серьги с изумрудом,Ювелирные изделия,Астана,Ахметова Д.,Онлайн-магазин,1,4358684.84,0,4358684.84,1066517.52,3292167.32,VIP-928,Brand_Юве,Склад-Аст,0,completed
2026-03-01,LUX-11695,Chanel No 5,Парфюмерия,Шымкент,Омаров Т.,Бутик,1,242248.55,5,230136.12,64777.75,165358.37,VIP-814,Brand_Пар,Склад-Шым,0,completed
2026-01-19,LUX-11696,Jo Malone Wood Sage,Парфюмерия,Астана,Сатпаева А.,Бутик,1,94067.68,0,94067.68,37593.35,56474.33,VIP-185,Brand_Пар,Склад-Аст,0,completed
2025-08-16,LUX-11697,Часы Rolex,Аксессуары,Астана,Сатпаева А.,Онлайн-магазин,1,92290.95,0,92290.95,28897.21,63393.74,VIP-690,Brand_Акс,Склад-Аст,0,completed
2026-02-12,LUX-11698,Tom Ford Oud Wood,Парфюмерия,Шымкент,Ахметова Д.,VIP-клиенты,1,207542.87,0,207542.87,68621.19,138921.69,VIP-471,Brand_Пар,Склад-Шым,1,returned
2026-05-26,LUX-11699,Часы Rolex,Аксессуары,Атырау,Омаров Т.,Бутик,1,535801.83,0,535801.83,116505.87,419295.96,VIP-197,Brand_Акс,Склад-Аты,0,completed
2025-09-05,LUX-11700,Chanel No 5,Парфюмерия,Шымкент,Ким А.,Бутик,1,67285.12,0,67285.12,15403.22,51881.9,VIP-834,Brand_Пар,Склад-Шым,0,completed
2025-11-05,LUX-11701,Кожаный ремень,Аксессуары,Атырау,Ахметова Д.,VIP-клиенты,1,954763.13,0,954763.13,227814.11,726949.02,VIP-295,Brand_Акс,Склад-Аты,0,completed
2026-07-08,LUX-11702,Tom Ford Oud Wood,Парфюмерия,Алматы,Ахметова Д.,VIP-клиенты,1,195665.54,0,195665.54,63744.46,131921.08,VIP-250,Brand_Пар,Склад-Алм,0,completed
2026-05-22,LUX-11703,Колье из жемчуга,Ювелирные изделия,Актау,Ким А.,Бутик,1,2108058.65,0,2108058.65,610607.84,1497450.81,VIP-514,Brand_Юве,Склад-Акт,0,completed
2025-09-22,LUX-11704,Кольцо с бриллиантом,Ювелирные изделия,Астана,Ахметова Д.,VIP-клиенты,1,2819029.74,0,2819029.74,827985.77,1991043.97,VIP-342,Brand_Юве,Склад-Аст,0,completed
2026-06-22,LUX-11705,Платье Haute Couture,Брендовые вещи,Астана,Ахметова Д.,Бутик,1,1107557.48,0,1107557.48,390110.6,717446.88,VIP-756,Brand_Бре,Склад-Аст,0,completed
2025-08-19,LUX-11706,Baccarat Rouge 540,Парфюмерия,Актау,Ким А.,VIP-клиенты,1,196958.59,0,196958.59,62323.61,134634.98,VIP-781,Brand_Пар,Склад-Акт,0,completed
2025-12-05,LUX-11707,Запонки золотые,Аксессуары,Шымкент,Сатпаева А.,VIP-клиенты,1,1403723.37,0,1403723.37,304123.29,1099600.08,VIP-976,Brand_Акс,Склад-Шым,0,completed
2026-04-24,LUX-11708,Шелковый платок,Брендовые вещи,Астана,Ахметова Д.,Бутик,1,1701817.96,0,1701817.96,558142.19,1143675.77,VIP-790,Brand_Бре,Склад-Аст,0,completed
2026-02-03,LUX-11709,Часы Rolex,Аксессуары,Астана,Ким А.,VIP-клиенты,1,1233612.69,10,1110251.42,419559.04,690692.38,VIP-163,Brand_Акс,Склад-Аст,0,completed
2025-10-03,LUX-11710,Серьги с изумрудом,Ювелирные изделия,Астана,Ахметова Д.,Бутик,2,2404577.8,0,4809155.6,1079874.12,3729281.48,VIP-110,Brand_Юве,Склад-Аст,0,completed
2025-08-06,LUX-11711,Запонки золотые,Аксессуары,Актау,Ким А.,Бутик,1,699644.83,15,594698.1,192514.49,402183.61,VIP-889,Brand_Акс,Склад-Акт,0,completed
2025-10-05,LUX-11712,Dior Sauvage,Парфюмерия,Шымкент,Сатпаева А.,VIP-клиенты,1,166066.05,0,166066.05,50952.89,115113.16,VIP-793,Brand_Пар,Склад-Шым,0,completed
2026-05-10,LUX-11713,Платиновый браслет,Ювелирные изделия,Актау,Ким А.,Бутик,2,2883549.89,0,5767099.79,1530963.87,4236135.91,VIP-199,Brand_Юве,Склад-Акт,0,completed
2025-08-11,LUX-11714,Пиджак кроя Slim,Брендовые вещи,Актау,Ахметова Д.,Бутик,1,1471590.36,0,1471590.36,340491.7,1131098.67,VIP-99,Brand_Бре,Склад-Акт,0,completed
2025-12-26,LUX-11715,Кольцо с бриллиантом,Ювелирные изделия,Атырау,Сатпаева А.,Бутик,1,527017.32,0,527017.32,133880.86,393136.47,VIP-821,Brand_Юве,Склад-Аты,0,cancelled
2026-04-29,LUX-11716,Запонки золотые,Аксессуары,Атырау,Омаров Т.,Бутик,1,998821.7,0,998821.7,205023.16,793798.53,VIP-292,Brand_Акс,Склад-Аты,0,completed
2025-10-11,LUX-11717,Пиджак кроя Slim,Брендовые вещи,Астана,Омаров Т.,VIP-клиенты,1,571399.55,10,514259.59,139192.54,375067.06,VIP-85,Brand_Бре,Склад-Аст,0,completed
2025-09-13,LUX-11718,Клатч вечерний,Аксессуары,Астана,Омаров Т.,Бутик,1,320311.54,0,320311.54,106490.56,213820.98,VIP-247,Brand_Акс,Склад-Аст,0,completed
2026-04-30,LUX-11719,Колье из жемчуга,Ювелирные изделия,Атырау,Ким А.,VIP-клиенты,1,3826789.97,10,3444110.97,1092947.75,2351163.21,VIP-600,Brand_Юве,Склад-Аты,0,completed
2026-02-27,LUX-11720,Клатч вечерний,Аксессуары,Актау,Омаров Т.,VIP-клиенты,1,221035.21,0,221035.21,60534.56,160500.65,VIP-445,Brand_Акс,Склад-Акт,0,completed
2025-08-15,LUX-11721,Серьги с изумрудом,Ювелирные изделия,Актау,Ахметова Д.,VIP-клиенты,1,4560715.2,0,4560715.2,1688831.72,2871883.48,VIP-329,Brand_Юве,Склад-Акт,0,completed
2025-12-06,LUX-11722,Кожаный ремень,Аксессуары,Атырау,Сатпаева А.,Бутик,1,1412837.39,0,1412837.39,299826.88,1113010.51,VIP-373,Brand_Акс,Склад-Аты,0,completed
2026-01-19,LUX-11723,Baccarat Rouge 540,Парфюмерия,Шымкент,Ахметова Д.,Бутик,1,62743.37,0,62743.37,21575.74,41167.63,VIP-66,Brand_Пар,Склад-Шым,0,completed
2026-07-15,LUX-11724,Jo Malone Wood Sage,Парфюмерия,Алматы,Ким А.,Бутик,1,65103.12,0,65103.12,19593.73,45509.39,VIP-901,Brand_Пар,Склад-Алм,0,completed
2026-03-08,LUX-11725,Baccarat Rouge 540,Парфюмерия,Атырау,Омаров Т.,Бутик,1,138338.36,0,138338.36,48109.55,90228.81,VIP-349,Brand_Пар,Склад-Аты,0,completed
2025-09-09,LUX-11726,Туфли на шпильке,Брендовые вещи,Шымкент,Ахметова Д.,VIP-клиенты,1,330056.94,0,330056.94,115424.25,214632.69,VIP-89,Brand_Бре,Склад-Шым,0,completed
2026-06-02,LUX-11727,Кожаный ремень,Аксессуары,Алматы,Ким А.,Бутик,1,630334.62,0,630334.62,159475.2,470859.43,VIP-541,Brand_Акс,Склад-Алм,0,completed
2026-02-03,LUX-11728,Jo Malone Wood Sage,Парфюмерия,Алматы,Сатпаева А.,Бутик,1,223256.25,5,212093.43,49564.62,162528.81,VIP-117,Brand_Пар,Склад-Алм,0,completed
2025-11-07,LUX-11729,Chanel No 5,Парфюмерия,Астана,Ким А.,VIP-клиенты,1,178532.55,0,178532.55,64690.18,113842.37,VIP-979,Brand_Пар,Склад-Аст,0,completed
2025-10-12,LUX-11730,Запонки золотые,Аксессуары,Астана,Ким А.,Бутик,1,417375.15,0,417375.15,129291.8,288083.36,VIP-292,Brand_Акс,Склад-Аст,0,completed
2025-09-05,LUX-11731,Туфли на шпильке,Брендовые вещи,Алматы,Сатпаева А.,Бутик,1,1472630.26,0,1472630.26,349852.41,1122777.84,VIP-612,Brand_Бре,Склад-Алм,0,completed
2026-02-20,LUX-11732,Кольцо с бриллиантом,Ювелирные изделия,Актау,Омаров Т.,Бутик,1,4390686.33,0,4390686.33,1174033.34,3216652.99,VIP-553,Brand_Юве,Склад-Акт,0,completed
2025-07-18,LUX-11733,Туфли на шпильке,Брендовые вещи,Шымкент,Сатпаева А.,Бутик,1,824295.43,0,824295.43,187121.77,637173.67,VIP-55,Brand_Бре,Склад-Шым,0,completed
2026-07-11,LUX-11734,Часы Rolex,Аксессуары,Астана,Сатпаева А.,Бутик,1,224949.66,0,224949.66,60186.84,164762.82,VIP-915,Brand_Акс,Склад-Аст,0,completed
2025-08-01,LUX-11735,Dior Sauvage,Парфюмерия,Алматы,Омаров Т.,Бутик,1,188329.34,0,188329.34,66819.29,121510.05,VIP-860,Brand_Пар,Склад-Алм,0,completed
2026-05-25,LUX-11736,Шелковый платок,Брендовые вещи,Астана,Ахметова Д.,Бутик,2,459015.92,0,918031.84,329570.39,588461.45,VIP-249,Brand_Бре,Склад-Аст,0,completed
2026-06-12,LUX-11737,Туфли на шпильке,Брендовые вещи,Алматы,Сатпаева А.,Бутик,1,1917875.75,0,1917875.75,657792.6,1260083.15,VIP-855,Brand_Бре,Склад-Алм,0,completed
2026-06-29,LUX-11738,Сумка Birkin,Брендовые вещи,Астана,Сатпаева А.,Онлайн-магазин,1,1028581.46,0,1028581.46,323432.32,705149.14,VIP-17,Brand_Бре,Склад-Аст,0,completed
2026-02-09,LUX-11739,Туфли на шпильке,Брендовые вещи,Шымкент,Ким А.,VIP-клиенты,3,1633465.39,0,4900396.16,981455.48,3918940.67,VIP-380,Brand_Бре,Склад-Шым,3,returned
2026-04-02,LUX-11740,Сумка Birkin,Брендовые вещи,Актау,Ким А.,Бутик,1,977664.47,15,831014.8,279495.68,551519.12,VIP-314,Brand_Бре,Склад-Акт,0,completed
2026-04-30,LUX-11741,Платиновый браслет,Ювелирные изделия,Алматы,Сатпаева А.,Бутик,3,593050.53,0,1779151.59,678531.3,1100620.29,VIP-63,Brand_Юве,Склад-Алм,0,completed
2026-04-19,LUX-11742,Клатч вечерний,Аксессуары,Атырау,Ким А.,VIP-клиенты,1,1036892.06,0,1036892.06,322832.49,714059.57,VIP-80,Brand_Акс,Склад-Аты,0,completed
2026-07-01,LUX-11743,Chanel No 5,Парфюмерия,Алматы,Сатпаева А.,Бутик,1,163218.89,0,163218.89,58335.26,104883.63,VIP-169,Brand_Пар,Склад-Алм,0,completed
2026-04-10,LUX-11744,Сумка Birkin,Брендовые вещи,Алматы,Ахметова Д.,Бутик,1,507567.0,0,507567.0,197206.77,310360.24,VIP-327,Brand_Бре,Склад-Алм,0,completed
2025-08-05,LUX-11745,Шелковый платок,Брендовые вещи,Шымкент,Ахметова Д.,VIP-клиенты,1,302525.78,0,302525.78,92175.79,210349.99,VIP-177,Brand_Бре,Склад-Шым,0,completed
2026-01-31,LUX-11746,Сумка Birkin,Брендовые вещи,Актау,Ахметова Д.,VIP-клиенты,1,1106050.26,0,1106050.26,225057.89,880992.37,VIP-213,Brand_Бре,Склад-Акт,0,completed
2025-08-08,LUX-11747,Платье Haute Couture,Брендовые вещи,Астана,Сатпаева А.,Бутик,1,1680848.5,15,1428721.23,338792.33,1089928.9,VIP-859,Brand_Бре,Склад-Аст,0,completed
2026-06-07,LUX-11748,Серьги с изумрудом,Ювелирные изделия,Алматы,Омаров Т.,Онлайн-магазин,1,624463.25,0,624463.25,235562.49,388900.76,VIP-63,Brand_Юве,Склад-Алм,0,completed
2026-01-14,LUX-11749,Baccarat Rouge 540,Парфюмерия,Астана,Ким А.,Бутик,1,114866.52,0,114866.52,32667.83,82198.7,VIP-991,Brand_Пар,Склад-Аст,0,completed
2026-03-15,LUX-11750,Туфли на шпильке,Брендовые вещи,Атырау,Ахметова Д.,VIP-клиенты,1,520995.91,0,520995.91,127549.92,393446.0,VIP-151,Brand_Бре,Склад-Аты,0,completed
2026-05-14,LUX-11751,Очки Ray-Ban,Аксессуары,Алматы,Ким А.,VIP-клиенты,1,661135.81,0,661135.81,194785.84,466349.97,VIP-567,Brand_Акс,Склад-Алм,0,completed
2026-02-14,LUX-11752,Золотая цепь,Ювелирные изделия,Актау,Сатпаева А.,VIP-клиенты,1,2801756.5,0,2801756.5,1006833.25,1794923.24,VIP-850,Brand_Юве,Склад-Акт,0,completed
2026-01-24,LUX-11753,Платье Haute Couture,Брендовые вещи,Актау,Сатпаева А.,Бутик,1,630097.88,0,630097.88,165862.36,464235.52,VIP-800,Brand_Бре,Склад-Акт,0,completed
2025-09-24,LUX-11754,Туфли на шпильке,Брендовые вещи,Актау,Омаров Т.,Бутик,1,375126.32,0,375126.32,115463.11,259663.21,VIP-49,Brand_Бре,Склад-Акт,0,completed
2025-09-29,LUX-11755,Серьги с изумрудом,Ювелирные изделия,Алматы,Сатпаева А.,Бутик,1,2213131.11,0,2213131.11,564758.86,1648372.24,VIP-56,Brand_Юве,Склад-Алм,0,cancelled
2025-12-27,LUX-11756,Колье из жемчуга,Ювелирные изделия,Атырау,Ахметова Д.,Бутик,1,3237742.42,0,3237742.42,1026122.28,2211620.15,VIP-89,Brand_Юве,Склад-Аты,0,completed
2025-07-28,LUX-11757,Jo Malone Wood Sage,Парфюмерия,Астана,Сатпаева А.,Бутик,1,88457.93,15,75189.24,15678.56,59510.68,VIP-638,Brand_Пар,Склад-Аст,0,completed
2026-05-07,LUX-11758,Колье из жемчуга,Ювелирные изделия,Шымкент,Ахметова Д.,Бутик,1,2588045.57,0,2588045.57,979965.5,1608080.07,VIP-653,Brand_Юве,Склад-Шым,0,completed
2026-01-01,LUX-11759,Tom Ford Oud Wood,Парфюмерия,Астана,Ахметова Д.,Онлайн-магазин,1,58768.65,0,58768.65,22832.88,35935.77,VIP-890,Brand_Пар,Склад-Аст,0,completed
2025-10-28,LUX-11760,Кольцо с бриллиантом,Ювелирные изделия,Шымкент,Ахметова Д.,VIP-клиенты,1,3506161.96,0,3506161.96,1388525.48,2117636.47,VIP-729,Brand_Юве,Склад-Шым,0,completed
2025-09-05,LUX-11761,Серьги с изумрудом,Ювелирные изделия,Астана,Ахметова Д.,Онлайн-магазин,1,3136807.55,0,3136807.55,784753.42,2352054.13,VIP-626,Brand_Юве,Склад-Аст,0,completed
2026-04-29,LUX-11762,Платье Haute Couture,Брендовые вещи,Алматы,Омаров Т.,Бутик,1,1753946.61,0,1753946.61,422519.91,1331426.7,VIP-481,Brand_Бре,Склад-Алм,0,completed
2026-03-15,LUX-11763,Dior Sauvage,Парфюмерия,Алматы,Ким А.,VIP-клиенты,1,129673.77,0,129673.77,29799.53,99874.24,VIP-512,Brand_Пар,Склад-Алм,0,completed
2025-11-18,LUX-11764,Платиновый браслет,Ювелирные изделия,Алматы,Ким А.,Бутик,1,3683719.37,0,3683719.37,1018014.64,2665704.73,VIP-958,Brand_Юве,Склад-Алм,0,completed
2026-03-25,LUX-11765,Chanel No 5,Парфюмерия,Астана,Сатпаева А.,Бутик,1,191954.81,0,191954.81,63580.86,128373.94,VIP-12,Brand_Пар,Склад-Аст,0,completed
2026-03-07,LUX-11766,Золотая цепь,Ювелирные изделия,Атырау,Омаров Т.,Бутик,1,3722728.66,10,3350455.79,942482.27,2407973.52,VIP-258,Brand_Юве,Склад-Аты,0,completed
2026-04-01,LUX-11767,Кольцо с бриллиантом,Ювелирные изделия,Шымкент,Сатпаева А.,Бутик,1,4765456.66,0,4765456.66,1107813.25,3657643.41,VIP-869,Brand_Юве,Склад-Шым,0,completed
2026-03-31,LUX-11768,Dior Sauvage,Парфюмерия,Астана,Омаров Т.,Бутик,1,81056.4,10,72950.76,29003.78,43946.98,VIP-814,Brand_Пар,Склад-Аст,1,returned
2026-03-27,LUX-11769,Кольцо с бриллиантом,Ювелирные изделия,Астана,Ахметова Д.,Бутик,1,205251.6,0,205251.6,79356.99,125894.61,VIP-881,Brand_Юве,Склад-Аст,0,completed
2025-11-28,LUX-11770,Клатч вечерний,Аксессуары,Астана,Ким А.,Бутик,1,898961.35,0,898961.35,295978.39,602982.95,VIP-942,Brand_Акс,Склад-Аст,0,completed
2025-11-30,LUX-11771,Туфли на шпильке,Брендовые вещи,Актау,Омаров Т.,VIP-клиенты,1,209494.57,0,209494.57,42404.68,167089.89,VIP-937,Brand_Бре,Склад-Акт,0,completed
2026-04-27,LUX-11772,Сумка Birkin,Брендовые вещи,Шымкент,Ахметова Д.,Бутик,3,1523623.51,10,4113783.47,1408743.64,2705039.83,VIP-74,Brand_Бре,Склад-Шым,0,completed
2026-04-15,LUX-11773,Jo Malone Wood Sage,Парфюмерия,Актау,Ахметова Д.,Бутик,1,198998.75,0,198998.75,52010.15,146988.6,VIP-281,Brand_Пар,Склад-Акт,0,completed
2026-02-01,LUX-11774,Tom Ford Oud Wood,Парфюмерия,Алматы,Сатпаева А.,Бутик,1,80727.85,0,80727.85,29516.83,51211.01,VIP-330,Brand_Пар,Склад-Алм,0,completed
2026-01-19,LUX-11775,Золотая цепь,Ювелирные изделия,Актау,Сатпаева А.,Бутик,1,3903649.86,0,3903649.86,936997.31,2966652.55,VIP-592,Brand_Юве,Склад-Акт,0,completed
2026-05-29,LUX-11776,Baccarat Rouge 540,Парфюмерия,Астана,Ким А.,VIP-клиенты,1,110925.43,5,105379.15,31002.82,74376.34,VIP-859,Brand_Пар,Склад-Аст,0,completed
2026-06-01,LUX-11777,Chanel No 5,Парфюмерия,Атырау,Ким А.,VIP-клиенты,1,118713.11,0,118713.11,37323.62,81389.49,VIP-798,Brand_Пар,Склад-Аты,0,completed
2026-02-28,LUX-11778,Сумка Birkin,Брендовые вещи,Астана,Омаров Т.,VIP-клиенты,1,511216.68,0,511216.68,175093.83,336122.85,VIP-753,Brand_Бре,Склад-Аст,0,completed
2026-05-07,LUX-11779,Платье Haute Couture,Брендовые вещи,Актау,Омаров Т.,Бутик,1,1838283.87,0,1838283.87,472627.54,1365656.32,VIP-531,Brand_Бре,Склад-Акт,0,completed
2025-10-12,LUX-11780,Кольцо с бриллиантом,Ювелирные изделия,Атырау,Ким А.,Бутик,1,1849241.79,0,1849241.79,673888.39,1175353.4,VIP-663,Brand_Юве,Склад-Аты,0,completed
2025-09-09,LUX-11781,Туфли на шпильке,Брендовые вещи,Атырау,Ким А.,Бутик,1,465581.74,0,465581.74,101638.35,363943.38,VIP-681,Brand_Бре,Склад-Аты,0,completed
2026-02-07,LUX-11782,Кольцо с бриллиантом,Ювелирные изделия,Актау,Омаров Т.,Онлайн-магазин,1,4605381.75,15,3914574.49,1019098.33,2895476.16,VIP-527,Brand_Юве,Склад-Акт,0,completed
2026-06-18,LUX-11783,Jo Malone Wood Sage,Парфюмерия,Астана,Ким А.,Бутик,1,94753.2,0,94753.2,21329.41,73423.79,VIP-831,Brand_Пар,Склад-Аст,0,completed
2026-03-06,LUX-11784,Платиновый браслет,Ювелирные изделия,Астана,Ким А.,VIP-клиенты,1,2987362.46,0,2987362.46,890906.47,2096455.99,VIP-822,Brand_Юве,Склад-Аст,0,completed
2026-05-23,LUX-11785,Очки Ray-Ban,Аксессуары,Актау,Ким А.,VIP-клиенты,1,477237.12,10,429513.41,148189.17,281324.24,VIP-305,Brand_Акс,Склад-Акт,0,completed
2026-01-28,LUX-11786,Клатч вечерний,Аксессуары,Астана,Сатпаева А.,Бутик,1,919477.35,0,919477.35,234624.05,684853.3,VIP-967,Brand_Акс,Склад-Аст,0,completed
2026-05-13,LUX-11787,Dior Sauvage,Парфюмерия,Атырау,Ким А.,Бутик,1,91218.73,0,91218.73,29969.73,61249.0,VIP-699,Brand_Пар,Склад-Аты,0,completed
2026-02-28,LUX-11788,Очки Ray-Ban,Аксессуары,Астана,Ким А.,VIP-клиенты,1,1155938.65,15,982547.85,275718.76,706829.09,VIP-122,Brand_Акс,Склад-Аст,0,completed
2026-07-13,LUX-11789,Пиджак кроя Slim,Брендовые вещи,Алматы,Сатпаева А.,VIP-клиенты,2,417460.18,0,834920.37,205656.13,629264.24,VIP-537,Brand_Бре,Склад-Алм,0,completed
2026-01-09,LUX-11790,Jo Malone Wood Sage,Парфюмерия,Шымкент,Ахметова Д.,VIP-клиенты,1,120478.96,0,120478.96,42366.15,78112.82,VIP-473,Brand_Пар,Склад-Шым,0,completed
2026-02-05,LUX-11791,Часы Rolex,Аксессуары,Актау,Ким А.,Онлайн-магазин,1,267015.36,0,267015.36,56886.14,210129.21,VIP-889,Brand_Акс,Склад-Акт,0,completed
2026-06-22,LUX-11792,Часы Rolex,Аксессуары,Шымкент,Сатпаева А.,Бутик,1,1403548.02,10,1263193.22,388693.56,874499.66,VIP-196,Brand_Акс,Склад-Шым,0,completed
2026-02-11,LUX-11793,Кольцо с бриллиантом,Ювелирные изделия,Шымкент,Омаров Т.,Бутик,1,4746347.25,0,4746347.25,1627882.01,3118465.24,VIP-936,Brand_Юве,Склад-Шым,0,completed
2026-04-28,LUX-11794,Tom Ford Oud Wood,Парфюмерия,Актау,Омаров Т.,Бутик,1,110009.42,0,110009.42,30640.94,79368.47,VIP-310,Brand_Пар,Склад-Акт,0,completed
2026-05-20,LUX-11795,Запонки золотые,Аксессуары,Астана,Ким А.,Онлайн-магазин,2,592927.29,0,1185854.58,455744.93,730109.65,VIP-99,Brand_Акс,Склад-Аст,0,completed
2026-02-12,LUX-11796,Платиновый браслет,Ювелирные изделия,Алматы,Ахметова Д.,VIP-клиенты,1,1894006.7,0,1894006.7,610796.89,1283209.81,VIP-214,Brand_Юве,Склад-Алм,0,completed
2025-10-04,LUX-11797,Клатч вечерний,Аксессуары,Алматы,Ахметова Д.,Бутик,3,628492.13,0,1885476.39,710014.52,1175461.87,VIP-579,Brand_Акс,Склад-Алм,0,completed
2025-08-17,LUX-11798,Туфли на шпильке,Брендовые вещи,Атырау,Омаров Т.,VIP-клиенты,1,760346.93,5,722329.58,252639.55,469690.03,VIP-202,Brand_Бре,Склад-Аты,0,completed
2026-03-29,LUX-11799,Кольцо с бриллиантом,Ювелирные изделия,Алматы,Ахметова Д.,VIP-клиенты,1,1995952.28,0,1995952.28,602825.01,1393127.28,VIP-590,Brand_Юве,Склад-Алм,0,cancelled
2025-12-11,LUX-11800,Tom Ford Oud Wood,Парфюмерия,Шымкент,Сатпаева А.,Бутик,3,59621.3,5,169920.7,60105.81,109814.89,VIP-470,Brand_Пар,Склад-Шым,0,completed
2025-09-28,LUX-11801,Tom Ford Oud Wood,Парфюмерия,Шымкент,Ахметова Д.,Бутик,1,141191.39,0,141191.39,38049.07,103142.31,VIP-893,Brand_Пар,Склад-Шым,0,completed
2026-03-12,LUX-11802,Очки Ray-Ban,Аксессуары,Актау,Ким А.,VIP-клиенты,1,835771.52,0,835771.52,216995.94,618775.58,VIP-693,Brand_Акс,Склад-Акт,0,completed
2026-07-12,LUX-11803,Клатч вечерний,Аксессуары,Алматы,Ким А.,Бутик,3,844880.17,0,2534640.5,654425.92,1880214.57,VIP-297,Brand_Акс,Склад-Алм,0,completed
2025-09-08,LUX-11804,Клатч вечерний,Аксессуары,Шымкент,Сатпаева А.,Онлайн-магазин,2,897243.87,5,1704763.35,659239.83,1045523.52,VIP-739,Brand_Акс,Склад-Шым,0,completed
2025-09-04,LUX-11805,Dior Sauvage,Парфюмерия,Атырау,Ким А.,VIP-клиенты,1,226811.42,0,226811.42,82194.62,144616.8,VIP-924,Brand_Пар,Склад-Аты,0,cancelled
2026-07-12,LUX-11806,Туфли на шпильке,Брендовые вещи,Атырау,Ахметова Д.,VIP-клиенты,1,1228749.13,0,1228749.13,253338.02,975411.1,VIP-893,Brand_Бре,Склад-Аты,0,completed
2026-03-01,LUX-11807,Золотая цепь,Ювелирные изделия,Алматы,Сатпаева А.,Бутик,1,2992908.46,0,2992908.46,815739.89,2177168.57,VIP-695,Brand_Юве,Склад-Алм,0,completed
2026-05-20,LUX-11808,Запонки золотые,Аксессуары,Атырау,Омаров Т.,Бутик,1,929448.63,0,929448.63,368935.33,560513.3,VIP-488,Brand_Акс,Склад-Аты,0,completed
2025-10-12,LUX-11809,Туфли на шпильке,Брендовые вещи,Шымкент,Сатпаева А.,Бутик,1,411541.66,0,411541.66,136042.7,275498.96,VIP-833,Brand_Бре,Склад-Шым,0,completed
2025-12-15,LUX-11810,Chanel No 5,Парфюмерия,Алматы,Ахметова Д.,VIP-клиенты,1,267554.59,0,267554.59,72969.4,194585.19,VIP-438,Brand_Пар,Склад-Алм,0,completed
2026-01-03,LUX-11811,Платиновый браслет,Ювелирные изделия,Астана,Ким А.,VIP-клиенты,1,3078943.54,0,3078943.54,1104261.7,1974681.84,VIP-499,Brand_Юве,Склад-Аст,0,completed
2026-06-09,LUX-11812,Baccarat Rouge 540,Парфюмерия,Шымкент,Ахметова Д.,Бутик,1,171211.39,0,171211.39,53168.19,118043.19,VIP-361,Brand_Пар,Склад-Шым,0,completed
2026-03-19,LUX-11813,Запонки золотые,Аксессуары,Астана,Омаров Т.,VIP-клиенты,1,386729.26,0,386729.26,79766.44,306962.82,VIP-196,Brand_Акс,Склад-Аст,0,completed
2025-11-07,LUX-11814,Кольцо с бриллиантом,Ювелирные изделия,Актау,Сатпаева А.,Онлайн-магазин,1,3029260.15,15,2574871.13,866631.4,1708239.73,VIP-459,Brand_Юве,Склад-Акт,0,completed
2025-12-26,LUX-11815,Сумка Birkin,Брендовые вещи,Алматы,Омаров Т.,Бутик,1,1106432.65,0,1106432.65,231620.49,874812.15,VIP-51,Brand_Бре,Склад-Алм,0,completed
2026-03-14,LUX-11816,Платье Haute Couture,Брендовые вещи,Алматы,Омаров Т.,VIP-клиенты,1,1346957.01,0,1346957.01,322411.16,1024545.85,VIP-921,Brand_Бре,Склад-Алм,0,completed
2025-10-27,LUX-11817,Клатч вечерний,Аксессуары,Астана,Сатпаева А.,VIP-клиенты,1,1009436.77,0,1009436.77,208893.44,800543.33,VIP-513,Brand_Акс,Склад-Аст,0,completed
2026-05-07,LUX-11818,Запонки золотые,Аксессуары,Шымкент,Ким А.,Бутик,1,750377.06,15,637820.5,166651.61,471168.89,VIP-706,Brand_Акс,Склад-Шым,0,completed
2025-10-11,LUX-11819,Jo Malone Wood Sage,Парфюмерия,Алматы,Омаров Т.,Бутик,1,76124.09,0,76124.09,25792.18,50331.91,VIP-422,Brand_Пар,Склад-Алм,0,completed
2025-10-12,LUX-11820,Платье Haute Couture,Брендовые вещи,Актау,Сатпаева А.,VIP-клиенты,1,1263262.81,0,1263262.81,387591.16,875671.66,VIP-806,Brand_Бре,Склад-Акт,0,completed
2026-02-01,LUX-11821,Пиджак кроя Slim,Брендовые вещи,Шымкент,Омаров Т.,Онлайн-магазин,1,1426698.09,0,1426698.09,377945.98,1048752.11,VIP-567,Brand_Бре,Склад-Шым,0,completed
2026-07-03,LUX-11822,Jo Malone Wood Sage,Парфюмерия,Астана,Ахметова Д.,Бутик,1,117612.17,0,117612.17,46062.4,71549.78,VIP-863,Brand_Пар,Склад-Аст,0,completed
2026-01-12,LUX-11823,Клатч вечерний,Аксессуары,Шымкент,Сатпаева А.,VIP-клиенты,1,939888.73,0,939888.73,287920.46,651968.26,VIP-854,Brand_Акс,Склад-Шым,0,completed
2026-04-08,LUX-11824,Очки Ray-Ban,Аксессуары,Актау,Сатпаева А.,Бутик,1,1034515.45,0,1034515.45,295386.3,739129.15,VIP-848,Brand_Акс,Склад-Акт,0,completed
2026-01-16,LUX-11825,Jo Malone Wood Sage,Парфюмерия,Алматы,Омаров Т.,Бутик,1,242553.22,0,242553.22,80590.6,161962.62,VIP-801,Brand_Пар,Склад-Алм,0,completed
2026-02-22,LUX-11826,Chanel No 5,Парфюмерия,Шымкент,Ким А.,VIP-клиенты,2,191213.5,0,382427.01,114046.37,268380.64,VIP-547,Brand_Пар,Склад-Шым,0,completed
2026-07-09,LUX-11827,Очки Ray-Ban,Аксессуары,Шымкент,Ахметова Д.,Бутик,1,839681.93,0,839681.93,247830.8,591851.13,VIP-706,Brand_Акс,Склад-Шым,0,completed
2026-05-04,LUX-11828,Очки Ray-Ban,Аксессуары,Атырау,Омаров Т.,VIP-клиенты,1,851683.54,15,723931.01,188329.1,535601.91,VIP-350,Brand_Акс,Склад-Аты,0,completed
2026-05-23,LUX-11829,Кожаный ремень,Аксессуары,Астана,Ахметова Д.,Бутик,2,1215802.65,0,2431605.29,747104.94,1684500.35,VIP-545,Brand_Акс,Склад-Аст,0,completed
2025-12-18,LUX-11830,Tom Ford Oud Wood,Парфюмерия,Шымкент,Ким А.,Бутик,1,101849.19,0,101849.19,34528.12,67321.06,VIP-513,Brand_Пар,Склад-Шым,0,completed
2026-06-14,LUX-11831,Серьги с изумрудом,Ювелирные изделия,Атырау,Сатпаева А.,VIP-клиенты,1,1252303.56,0,1252303.56,367114.59,885188.97,VIP-883,Brand_Юве,Склад-Аты,0,completed
2026-04-28,LUX-11832,Туфли на шпильке,Брендовые вещи,Астана,Ахметова Д.,VIP-клиенты,1,1271181.91,0,1271181.91,288503.52,982678.39,VIP-909,Brand_Бре,Склад-Аст,0,completed
2025-08-22,LUX-11833,Chanel No 5,Парфюмерия,Астана,Омаров Т.,Бутик,2,65787.98,0,131575.95,28260.98,103314.98,VIP-116,Brand_Пар,Склад-Аст,0,completed
2025-12-23,LUX-11834,Клатч вечерний,Аксессуары,Атырау,Сатпаева А.,Бутик,1,938347.46,5,891430.09,301015.86,590414.23,VIP-321,Brand_Акс,Склад-Аты,0,completed
2025-11-08,LUX-11835,Туфли на шпильке,Брендовые вещи,Астана,Омаров Т.,Бутик,1,1665264.07,10,1498737.66,497773.95,1000963.71,VIP-97,Brand_Бре,Склад-Аст,0,completed
2026-07-06,LUX-11836,Золотая цепь,Ювелирные изделия,Атырау,Омаров Т.,VIP-клиенты,1,2660079.1,0,2660079.1,786877.3,1873201.81,VIP-940,Brand_Юве,Склад-Аты,0,completed
2025-11-11,LUX-11837,Туфли на шпильке,Брендовые вещи,Шымкент,Сатпаева А.,Бутик,2,658244.14,0,1316488.28,505636.82,810851.46,VIP-175,Brand_Бре,Склад-Шым,0,completed
2025-09-22,LUX-11838,Пиджак кроя Slim,Брендовые вещи,Шымкент,Омаров Т.,Бутик,1,479131.96,0,479131.96,130793.55,348338.41,VIP-756,Brand_Бре,Склад-Шым,0,completed
2026-05-16,LUX-11839,Очки Ray-Ban,Аксессуары,Астана,Омаров Т.,Бутик,1,1445930.97,15,1229041.33,430677.5,798363.82,VIP-450,Brand_Акс,Склад-Аст,0,completed
2026-05-04,LUX-11840,Платье Haute Couture,Брендовые вещи,Алматы,Ким А.,VIP-клиенты,1,1252870.3,0,1252870.3,465332.48,787537.82,VIP-543,Brand_Бре,Склад-Алм,0,completed
2025-10-19,LUX-11841,Очки Ray-Ban,Аксессуары,Алматы,Омаров Т.,VIP-клиенты,1,1204812.9,0,1204812.9,242615.46,962197.44,VIP-959,Brand_Акс,Склад-Алм,0,completed
2025-11-20,LUX-11842,Кольцо с бриллиантом,Ювелирные изделия,Атырау,Ахметова Д.,Бутик,1,3359495.31,0,3359495.31,1083222.94,2276272.38,VIP-670,Brand_Юве,Склад-Аты,0,completed
2026-03-16,LUX-11843,Chanel No 5,Парфюмерия,Шымкент,Омаров Т.,Бутик,2,93811.79,0,187623.59,74189.47,113434.12,VIP-483,Brand_Пар,Склад-Шым,0,completed
2026-03-03,LUX-11844,Запонки золотые,Аксессуары,Атырау,Омаров Т.,Бутик,1,1069441.13,0,1069441.13,398938.99,670502.14,VIP-689,Brand_Акс,Склад-Аты,0,completed
2025-09-21,LUX-11845,Колье из жемчуга,Ювелирные изделия,Актау,Ахметова Д.,VIP-клиенты,1,3368643.45,0,3368643.45,687037.18,2681606.27,VIP-297,Brand_Юве,Склад-Акт,0,completed
2025-12-28,LUX-11846,Baccarat Rouge 540,Парфюмерия,Алматы,Ким А.,VIP-клиенты,1,175282.53,0,175282.53,51735.03,123547.5,VIP-19,Brand_Пар,Склад-Алм,0,completed
2026-04-21,LUX-11847,Туфли на шпильке,Брендовые вещи,Атырау,Ахметова Д.,Бутик,1,534419.25,0,534419.25,164589.1,369830.15,VIP-838,Brand_Бре,Склад-Аты,0,completed
2026-07-12,LUX-11848,Tom Ford Oud Wood,Парфюмерия,Алматы,Омаров Т.,Бутик,1,153855.98,0,153855.98,32979.99,120875.99,VIP-643,Brand_Пар,Склад-Алм,0,completed
2026-01-23,LUX-11849,Baccarat Rouge 540,Парфюмерия,Актау,Ахметова Д.,VIP-клиенты,1,167339.62,0,167339.62,35235.26,132104.36,VIP-384,Brand_Пар,Склад-Акт,0,completed
2025-09-27,LUX-11850,Сумка Birkin,Брендовые вещи,Астана,Омаров Т.,VIP-клиенты,1,2055526.71,0,2055526.71,523149.84,1532376.87,VIP-361,Brand_Бре,Склад-Аст,0,completed
2026-03-29,LUX-11851,Запонки золотые,Аксессуары,Шымкент,Ахметова Д.,Онлайн-магазин,1,749301.01,0,749301.01,232125.73,517175.28,VIP-285,Brand_Акс,Склад-Шым,0,completed
2025-08-24,LUX-11852,Часы Rolex,Аксессуары,Алматы,Сатпаева А.,Бутик,1,927091.25,0,927091.25,324279.78,602811.47,VIP-912,Brand_Акс,Склад-Алм,0,completed
2026-05-13,LUX-11853,Платиновый браслет,Ювелирные изделия,Алматы,Омаров Т.,Бутик,1,493676.85,0,493676.85,178504.45,315172.4,VIP-859,Brand_Юве,Склад-Алм,0,completed
2025-08-01,LUX-11854,Золотая цепь,Ювелирные изделия,Алматы,Омаров Т.,Бутик,1,4107722.75,0,4107722.75,944016.49,3163706.25,VIP-512,Brand_Юве,Склад-Алм,0,completed
2026-01-21,LUX-11855,Клатч вечерний,Аксессуары,Алматы,Сатпаева А.,Бутик,1,172551.97,5,163924.37,49569.4,114354.97,VIP-266,Brand_Акс,Склад-Алм,0,completed
2025-10-08,LUX-11856,Dior Sauvage,Парфюмерия,Шымкент,Ахметова Д.,Бутик,1,52228.79,0,52228.79,15634.74,36594.05,VIP-945,Brand_Пар,Склад-Шым,0,completed
2025-08-08,LUX-11857,Сумка Birkin,Брендовые вещи,Астана,Ахметова Д.,Онлайн-магазин,1,772043.14,0,772043.14,241768.58,530274.56,VIP-873,Brand_Бре,Склад-Аст,0,completed
2025-08-29,LUX-11858,Платье Haute Couture,Брендовые вещи,Актау,Ахметова Д.,VIP-клиенты,1,1063905.28,5,1010710.01,351036.82,659673.2,VIP-33,Brand_Бре,Склад-Акт,0,completed
2026-05-29,LUX-11859,Jo Malone Wood Sage,Парфюмерия,Алматы,Сатпаева А.,VIP-клиенты,1,129500.64,0,129500.64,49374.59,80126.05,VIP-426,Brand_Пар,Склад-Алм,0,completed
2026-01-19,LUX-11860,Платиновый браслет,Ювелирные изделия,Шымкент,Сатпаева А.,Бутик,1,3664615.36,0,3664615.36,1181693.73,2482921.63,VIP-572,Brand_Юве,Склад-Шым,0,completed
2026-06-13,LUX-11861,Часы Rolex,Аксессуары,Астана,Омаров Т.,Бутик,1,1327356.72,0,1327356.72,351831.61,975525.11,VIP-919,Brand_Акс,Склад-Аст,0,completed
2025-08-23,LUX-11862,Chanel No 5,Парфюмерия,Шымкент,Ахметова Д.,Бутик,2,53276.13,0,106552.25,39204.18,67348.07,VIP-256,Brand_Пар,Склад-Шым,0,completed
2025-09-09,LUX-11863,Chanel No 5,Парфюмерия,Актау,Ахметова Д.,VIP-клиенты,2,150440.93,0,300881.85,106309.12,194572.73,VIP-144,Brand_Пар,Склад-Акт,0,completed
2025-08-16,LUX-11864,Запонки золотые,Аксессуары,Астана,Омаров Т.,Онлайн-магазин,1,944936.31,0,944936.31,191015.75,753920.55,VIP-524,Brand_Акс,Склад-Аст,0,completed
2025-11-07,LUX-11865,Туфли на шпильке,Брендовые вещи,Астана,Омаров Т.,VIP-клиенты,1,1278111.55,10,1150300.39,385676.12,764624.27,VIP-811,Brand_Бре,Склад-Аст,0,completed
2025-12-02,LUX-11866,Платье Haute Couture,Брендовые вещи,Актау,Сатпаева А.,VIP-клиенты,1,767792.82,0,767792.82,195768.25,572024.57,VIP-396,Brand_Бре,Склад-Акт,0,completed
2026-01-05,LUX-11867,Серьги с изумрудом,Ювелирные изделия,Атырау,Ахметова Д.,VIP-клиенты,1,1164102.29,0,1164102.29,295460.6,868641.7,VIP-673,Brand_Юве,Склад-Аты,0,completed
2025-08-18,LUX-11868,Chanel No 5,Парфюмерия,Шымкент,Ахметова Д.,VIP-клиенты,3,177649.75,0,532949.24,213020.01,319929.23,VIP-213,Brand_Пар,Склад-Шым,0,completed
2026-06-17,LUX-11869,Часы Rolex,Аксессуары,Шымкент,Омаров Т.,Бутик,1,290823.56,0,290823.56,72548.56,218275.0,VIP-299,Brand_Акс,Склад-Шым,0,completed
2026-01-29,LUX-11870,Часы Rolex,Аксессуары,Алматы,Сатпаева А.,VIP-клиенты,2,978916.04,5,1859940.48,454941.48,1404999.0,VIP-997,Brand_Акс,Склад-Алм,0,completed
2025-10-30,LUX-11871,Baccarat Rouge 540,Парфюмерия,Шымкент,Сатпаева А.,VIP-клиенты,3,158688.85,0,476066.54,147028.34,329038.2,VIP-913,Brand_Пар,Склад-Шым,0,completed
2025-12-15,LUX-11872,Кольцо с бриллиантом,Ювелирные изделия,Актау,Омаров Т.,Бутик,2,3622044.9,0,7244089.8,1652474.13,5591615.67,VIP-643,Brand_Юве,Склад-Акт,0,completed
2026-06-20,LUX-11873,Пиджак кроя Slim,Брендовые вещи,Алматы,Ахметова Д.,VIP-клиенты,2,1954412.71,0,3908825.41,1326047.52,2582777.89,VIP-935,Brand_Бре,Склад-Алм,0,completed
2025-12-23,LUX-11874,Dior Sauvage,Парфюмерия,Астана,Омаров Т.,Бутик,1,93169.05,0,93169.05,34792.61,58376.44,VIP-578,Brand_Пар,Склад-Аст,0,completed
2025-08-26,LUX-11875,Клатч вечерний,Аксессуары,Атырау,Сатпаева А.,Бутик,1,753258.4,15,640269.64,181783.11,458486.53,VIP-816,Brand_Акс,Склад-Аты,0,completed
2026-03-18,LUX-11876,Колье из жемчуга,Ювелирные изделия,Алматы,Сатпаева А.,Бутик,1,3802326.01,0,3802326.01,924960.34,2877365.67,VIP-186,Brand_Юве,Склад-Алм,0,completed
2026-05-26,LUX-11877,Шелковый платок,Брендовые вещи,Шымкент,Сатпаева А.,VIP-клиенты,1,1465445.43,0,1465445.43,542550.34,922895.09,VIP-620,Brand_Бре,Склад-Шым,0,cancelled
2026-05-03,LUX-11878,Платиновый браслет,Ювелирные изделия,Алматы,Ахметова Д.,Бутик,1,3704186.65,0,3704186.65,1178952.84,2525233.81,VIP-999,Brand_Юве,Склад-Алм,0,completed
2026-05-24,LUX-11879,Кольцо с бриллиантом,Ювелирные изделия,Актау,Сатпаева А.,Бутик,1,3240478.79,0,3240478.79,1162735.81,2077742.98,VIP-873,Brand_Юве,Склад-Акт,1,returned
2025-09-14,LUX-11880,Jo Malone Wood Sage,Парфюмерия,Шымкент,Сатпаева А.,VIP-клиенты,1,196395.54,0,196395.54,71725.13,124670.4,VIP-45,Brand_Пар,Склад-Шым,0,completed
2025-12-28,LUX-11881,Jo Malone Wood Sage,Парфюмерия,Актау,Ким А.,VIP-клиенты,1,194255.86,0,194255.86,67574.4,126681.46,VIP-796,Brand_Пар,Склад-Акт,0,completed
2026-06-17,LUX-11882,Dior Sauvage,Парфюмерия,Астана,Ким А.,Бутик,1,190159.86,0,190159.86,74991.09,115168.77,VIP-770,Brand_Пар,Склад-Аст,0,completed
2026-05-14,LUX-11883,Туфли на шпильке,Брендовые вещи,Атырау,Ахметова Д.,Бутик,1,440392.63,0,440392.63,168395.86,271996.77,VIP-780,Brand_Бре,Склад-Аты,0,completed
2026-02-12,LUX-11884,Колье из жемчуга,Ювелирные изделия,Алматы,Омаров Т.,Бутик,1,261723.58,15,222465.04,53889.36,168575.68,VIP-829,Brand_Юве,Склад-Алм,1,returned
2026-04-23,LUX-11885,Клатч вечерний,Аксессуары,Атырау,Ахметова Д.,Бутик,1,1128518.46,0,1128518.46,378606.25,749912.21,VIP-57,Brand_Акс,Склад-Аты,0,completed
2026-02-13,LUX-11886,Dior Sauvage,Парфюмерия,Астана,Сатпаева А.,Онлайн-магазин,1,217420.92,0,217420.92,78670.57,138750.35,VIP-127,Brand_Пар,Склад-Аст,0,completed
2025-12-07,LUX-11887,Кольцо с бриллиантом,Ювелирные изделия,Шымкент,Сатпаева А.,VIP-клиенты,1,981875.65,0,981875.65,379333.18,602542.46,VIP-235,Brand_Юве,Склад-Шым,0,completed
2026-03-01,LUX-11888,Baccarat Rouge 540,Парфюмерия,Шымкент,Омаров Т.,VIP-клиенты,2,134745.99,0,269491.97,86169.43,183322.54,VIP-936,Brand_Пар,Склад-Шым,0,completed
2025-09-23,LUX-11889,Туфли на шпильке,Брендовые вещи,Астана,Сатпаева А.,Бутик,1,1601700.3,0,1601700.3,421506.2,1180194.11,VIP-626,Brand_Бре,Склад-Аст,0,completed
2026-03-26,LUX-11890,Chanel No 5,Парфюмерия,Астана,Омаров Т.,Бутик,1,205858.17,0,205858.17,64743.59,141114.57,VIP-502,Brand_Пар,Склад-Аст,0,completed
2025-10-19,LUX-11891,Пиджак кроя Slim,Брендовые вещи,Актау,Ким А.,Бутик,1,1311042.37,0,1311042.37,398130.0,912912.36,VIP-924,Brand_Бре,Склад-Акт,0,completed
2025-11-04,LUX-11892,Jo Malone Wood Sage,Парфюмерия,Алматы,Сатпаева А.,VIP-клиенты,2,209576.58,0,419153.16,107033.48,312119.69,VIP-120,Brand_Пар,Склад-Алм,0,completed
2025-09-09,LUX-11893,Серьги с изумрудом,Ювелирные изделия,Шымкент,Омаров Т.,Бутик,3,2229737.81,0,6689213.42,1783209.42,4906004.0,VIP-437,Brand_Юве,Склад-Шым,0,completed
2026-01-23,LUX-11894,Туфли на шпильке,Брендовые вещи,Атырау,Ким А.,Бутик,1,1826720.07,0,1826720.07,528214.51,1298505.56,VIP-957,Brand_Бре,Склад-Аты,0,completed
2025-10-10,LUX-11895,Кожаный ремень,Аксессуары,Актау,Ахметова Д.,Бутик,2,1013910.77,0,2027821.54,800361.91,1227459.63,VIP-487,Brand_Акс,Склад-Акт,0,completed
2026-05-31,LUX-11896,Jo Malone Wood Sage,Парфюмерия,Атырау,Ахметова Д.,Бутик,3,115004.26,0,345012.78,132746.9,212265.88,VIP-13,Brand_Пар,Склад-Аты,0,completed
2025-12-26,LUX-11897,Tom Ford Oud Wood,Парфюмерия,Актау,Ахметова Д.,Бутик,1,134108.13,0,134108.13,49092.58,85015.54,VIP-945,Brand_Пар,Склад-Акт,0,completed
2025-12-29,LUX-11898,Платье Haute Couture,Брендовые вещи,Актау,Омаров Т.,Бутик,1,153134.73,0,153134.73,44967.63,108167.09,VIP-863,Brand_Бре,Склад-Акт,0,completed
2026-01-15,LUX-11899,Серьги с изумрудом,Ювелирные изделия,Шымкент,Омаров Т.,VIP-клиенты,1,5031984.01,0,5031984.01,1564735.87,3467248.14,VIP-92,Brand_Юве,Склад-Шым,0,completed
2025-08-23,LUX-11900,Клатч вечерний,Аксессуары,Алматы,Ахметова Д.,Бутик,1,252822.22,0,252822.22,95084.04,157738.18,VIP-536,Brand_Акс,Склад-Алм,0,completed
2026-03-18,LUX-11901,Dior Sauvage,Парфюмерия,Алматы,Омаров Т.,Онлайн-магазин,1,165634.46,0,165634.46,48481.05,117153.41,VIP-983,Brand_Пар,Склад-Алм,0,completed
2026-06-14,LUX-11902,Золотая цепь,Ювелирные изделия,Атырау,Сатпаева А.,Бутик,2,4676360.78,5,8885085.48,2270750.36,6614335.11,VIP-957,Brand_Юве,Склад-Аты,0,completed
2026-01-03,LUX-11903,Tom Ford Oud Wood,Парфюмерия,Шымкент,Ахметова Д.,Бутик,1,167606.34,0,167606.34,39457.87,128148.47,VIP-830,Brand_Пар,Склад-Шым,0,completed
2025-09-19,LUX-11904,Dior Sauvage,Парфюмерия,Алматы,Сатпаева А.,VIP-клиенты,1,125608.02,10,113047.22,29757.73,83289.48,VIP-329,Brand_Пар,Склад-Алм,0,completed
2026-01-12,LUX-11905,Tom Ford Oud Wood,Парфюмерия,Астана,Ахметова Д.,VIP-клиенты,1,203111.85,0,203111.85,43545.25,159566.59,VIP-369,Brand_Пар,Склад-Аст,0,completed
2025-10-29,LUX-11906,Dior Sauvage,Парфюмерия,Алматы,Ахметова Д.,Бутик,1,202976.42,15,172529.96,37300.2,135229.76,VIP-129,Brand_Пар,Склад-Алм,0,completed
2025-10-05,LUX-11907,Запонки золотые,Аксессуары,Алматы,Омаров Т.,Бутик,1,587797.04,0,587797.04,121867.38,465929.65,VIP-666,Brand_Акс,Склад-Алм,0,completed
2026-07-04,LUX-11908,Шелковый платок,Брендовые вещи,Астана,Ахметова Д.,Бутик,1,1562300.22,0,1562300.22,321735.16,1240565.07,VIP-914,Brand_Бре,Склад-Аст,0,completed
2026-04-26,LUX-11909,Платиновый браслет,Ювелирные изделия,Актау,Ахметова Д.,VIP-клиенты,1,3521020.94,0,3521020.94,1147090.04,2373930.9,VIP-991,Brand_Юве,Склад-Акт,0,completed
2025-12-14,LUX-11910,Платье Haute Couture,Брендовые вещи,Алматы,Ахметова Д.,Бутик,1,1778235.93,0,1778235.93,698791.4,1079444.53,VIP-716,Brand_Бре,Склад-Алм,0,completed
2025-09-09,LUX-11911,Платье Haute Couture,Брендовые вещи,Атырау,Ким А.,Бутик,1,1010635.17,0,1010635.17,288272.22,722362.95,VIP-609,Brand_Бре,Склад-Аты,0,completed
2026-04-04,LUX-11912,Пиджак кроя Slim,Брендовые вещи,Атырау,Сатпаева А.,Бутик,1,1419483.11,0,1419483.11,336783.87,1082699.24,VIP-219,Brand_Бре,Склад-Аты,0,completed
2025-10-12,LUX-11913,Запонки золотые,Аксессуары,Астана,Омаров Т.,Бутик,1,90105.92,0,90105.92,30023.93,60081.99,VIP-948,Brand_Акс,Склад-Аст,0,completed
2026-01-21,LUX-11914,Часы Rolex,Аксессуары,Астана,Ким А.,VIP-клиенты,1,867019.08,0,867019.08,209538.23,657480.85,VIP-959,Brand_Акс,Склад-Аст,0,completed
2025-09-29,LUX-11915,Колье из жемчуга,Ювелирные изделия,Астана,Омаров Т.,Бутик,1,4682996.55,0,4682996.55,1007200.52,3675796.03,VIP-535,Brand_Юве,Склад-Аст,0,completed
2026-04-23,LUX-11916,Jo Malone Wood Sage,Парфюмерия,Актау,Ахметова Д.,Бутик,2,126708.76,15,215404.88,61017.15,154387.73,VIP-602,Brand_Пар,Склад-Акт,0,completed
2025-11-28,LUX-11917,Dior Sauvage,Парфюмерия,Астана,Сатпаева А.,Бутик,1,80733.59,5,76696.91,26947.12,49749.79,VIP-826,Brand_Пар,Склад-Аст,0,completed
2025-11-26,LUX-11918,Колье из жемчуга,Ювелирные изделия,Алматы,Омаров Т.,Бутик,2,3634712.88,0,7269425.77,2607687.28,4661738.48,VIP-804,Brand_Юве,Склад-Алм,0,completed
2026-06-07,LUX-11919,Кожаный ремень,Аксессуары,Шымкент,Ахметова Д.,VIP-клиенты,1,202465.83,0,202465.83,45189.51,157276.32,VIP-794,Brand_Акс,Склад-Шым,0,completed
2026-01-16,LUX-11920,Baccarat Rouge 540,Парфюмерия,Актау,Ким А.,Бутик,1,246885.95,0,246885.95,68508.08,178377.87,VIP-823,Brand_Пар,Склад-Акт,0,completed
2025-12-04,LUX-11921,Baccarat Rouge 540,Парфюмерия,Алматы,Ахметова Д.,Бутик,1,156894.33,0,156894.33,55080.3,101814.04,VIP-955,Brand_Пар,Склад-Алм,0,completed
2025-11-13,LUX-11922,Baccarat Rouge 540,Парфюмерия,Шымкент,Ахметова Д.,Онлайн-магазин,1,142467.01,0,142467.01,38273.52,104193.5,VIP-798,Brand_Пар,Склад-Шым,0,completed
2026-01-22,LUX-11923,Шелковый платок,Брендовые вещи,Астана,Ким А.,VIP-клиенты,1,1824492.53,0,1824492.53,621138.1,1203354.43,VIP-513,Brand_Бре,Склад-Аст,0,completed
2025-07-21,LUX-11924,Baccarat Rouge 540,Парфюмерия,Атырау,Ким А.,Бутик,1,158095.98,0,158095.98,61792.87,96303.11,VIP-775,Brand_Пар,Склад-Аты,0,completed
2025-10-22,LUX-11925,Кожаный ремень,Аксессуары,Актау,Ахметова Д.,VIP-клиенты,2,1115454.41,0,2230908.82,630102.62,1600806.2,VIP-462,Brand_Акс,Склад-Акт,0,completed
2026-01-15,LUX-11926,Jo Malone Wood Sage,Парфюмерия,Актау,Ахметова Д.,Бутик,1,52655.25,0,52655.25,19855.37,32799.88,VIP-14,Brand_Пар,Склад-Акт,0,completed
2025-09-21,LUX-11927,Серьги с изумрудом,Ювелирные изделия,Алматы,Сатпаева А.,Бутик,1,2409133.35,0,2409133.35,866076.52,1543056.83,VIP-462,Brand_Юве,Склад-Алм,0,completed
2025-12-24,LUX-11928,Серьги с изумрудом,Ювелирные изделия,Астана,Ахметова Д.,Бутик,1,3031670.45,0,3031670.45,1102172.18,1929498.27,VIP-457,Brand_Юве,Склад-Аст,0,completed
2026-01-07,LUX-11929,Запонки золотые,Аксессуары,Атырау,Ахметова Д.,Бутик,3,1249837.5,0,3749512.51,1030058.83,2719453.68,VIP-945,Brand_Акс,Склад-Аты,0,completed
2026-03-04,LUX-11930,Шелковый платок,Брендовые вещи,Атырау,Сатпаева А.,Бутик,1,1926407.6,0,1926407.6,698509.76,1227897.85,VIP-186,Brand_Бре,Склад-Аты,0,completed
2025-07-30,LUX-11931,Очки Ray-Ban,Аксессуары,Актау,Омаров Т.,Бутик,1,612654.33,0,612654.33,211962.24,400692.09,VIP-691,Brand_Акс,Склад-Акт,0,completed
2026-07-10,LUX-11932,Кольцо с бриллиантом,Ювелирные изделия,Атырау,Ким А.,VIP-клиенты,1,1178158.53,0,1178158.53,250167.39,927991.14,VIP-146,Brand_Юве,Склад-Аты,0,completed
2026-04-19,LUX-11933,Часы Rolex,Аксессуары,Астана,Ким А.,VIP-клиенты,1,774152.14,0,774152.14,308951.59,465200.55,VIP-24,Brand_Акс,Склад-Аст,0,completed
2025-11-23,LUX-11934,Платиновый браслет,Ювелирные изделия,Актау,Сатпаева А.,VIP-клиенты,1,400637.63,15,340541.99,73002.85,267539.14,VIP-966,Brand_Юве,Склад-Акт,0,completed
2025-08-11,LUX-11935,Baccarat Rouge 540,Парфюмерия,Шымкент,Сатпаева А.,Бутик,1,110507.25,5,104981.88,28045.49,76936.4,VIP-410,Brand_Пар,Склад-Шым,0,completed
2026-04-10,LUX-11936,Запонки золотые,Аксессуары,Актау,Сатпаева А.,Бутик,1,1313895.18,10,1182505.66,325435.18,857070.48,VIP-225,Brand_Акс,Склад-Акт,0,completed
2025-07-22,LUX-11937,Запонки золотые,Аксессуары,Актау,Ким А.,Бутик,1,279265.08,0,279265.08,79790.83,199474.25,VIP-246,Brand_Акс,Склад-Акт,0,completed
2025-08-24,LUX-11938,Dior Sauvage,Парфюмерия,Астана,Ким А.,VIP-клиенты,2,207508.66,0,415017.31,106131.95,308885.36,VIP-165,Brand_Пар,Склад-Аст,0,completed
2025-08-09,LUX-11939,Очки Ray-Ban,Аксессуары,Атырау,Омаров Т.,Бутик,1,772582.25,0,772582.25,217395.76,555186.48,VIP-490,Brand_Акс,Склад-Аты,0,completed
2026-01-10,LUX-11940,Клатч вечерний,Аксессуары,Астана,Омаров Т.,Бутик,1,682902.47,0,682902.47,248556.38,434346.09,VIP-261,Brand_Акс,Склад-Аст,0,completed
2025-10-12,LUX-11941,Пиджак кроя Slim,Брендовые вещи,Алматы,Сатпаева А.,Бутик,1,828635.09,10,745771.58,297562.97,448208.61,VIP-814,Brand_Бре,Склад-Алм,0,completed
2025-12-01,LUX-11942,Клатч вечерний,Аксессуары,Актау,Ахметова Д.,Бутик,1,1184540.5,0,1184540.5,361745.22,822795.28,VIP-541,Brand_Акс,Склад-Акт,0,completed
2026-07-13,LUX-11943,Jo Malone Wood Sage,Парфюмерия,Алматы,Ахметова Д.,Бутик,1,240594.6,10,216535.14,51001.86,165533.27,VIP-390,Brand_Пар,Склад-Алм,0,completed
2025-10-08,LUX-11944,Платиновый браслет,Ювелирные изделия,Актау,Сатпаева А.,Онлайн-магазин,2,3006114.91,0,6012229.82,2050815.37,3961414.45,VIP-978,Brand_Юве,Склад-Акт,0,completed
2025-11-21,LUX-11945,Сумка Birkin,Брендовые вещи,Шымкент,Омаров Т.,VIP-клиенты,1,1390019.59,5,1320518.61,386240.75,934277.87,VIP-159,Brand_Бре,Склад-Шым,0,completed
2025-09-23,LUX-11946,Кольцо с бриллиантом,Ювелирные изделия,Алматы,Ким А.,Онлайн-магазин,1,2862189.52,0,2862189.52,863474.03,1998715.49,VIP-943,Brand_Юве,Склад-Алм,0,completed
2025-12-17,LUX-11947,Туфли на шпильке,Брендовые вещи,Актау,Омаров Т.,VIP-клиенты,1,1864843.05,0,1864843.05,602805.31,1262037.74,VIP-628,Brand_Бре,Склад-Акт,0,completed
2026-04-13,LUX-11948,Часы Rolex,Аксессуары,Актау,Сатпаева А.,Бутик,1,1354961.45,15,1151717.24,337819.61,813897.63,VIP-239,Brand_Акс,Склад-Акт,0,completed
2026-05-31,LUX-11949,Кольцо с бриллиантом,Ювелирные изделия,Астана,Омаров Т.,Бутик,1,2374506.75,0,2374506.75,723554.33,1650952.42,VIP-385,Brand_Юве,Склад-Аст,0,completed
2025-12-14,LUX-11950,Серьги с изумрудом,Ювелирные изделия,Атырау,Ким А.,Бутик,3,3080048.39,15,7854123.38,2161732.66,5692390.73,VIP-201,Brand_Юве,Склад-Аты,0,completed
2026-02-18,LUX-11951,Клатч вечерний,Аксессуары,Алматы,Ким А.,Бутик,2,411721.95,0,823443.9,296682.02,526761.88,VIP-555,Brand_Акс,Склад-Алм,0,completed
2026-03-11,LUX-11952,Платье Haute Couture,Брендовые вещи,Алматы,Омаров Т.,VIP-клиенты,1,626349.33,0,626349.33,167720.48,458628.85,VIP-565,Brand_Бре,Склад-Алм,0,completed
2026-04-07,LUX-11953,Туфли на шпильке,Брендовые вещи,Атырау,Ким А.,Бутик,1,748426.39,10,673583.75,266299.57,407284.19,VIP-863,Brand_Бре,Склад-Аты,0,completed
2025-12-10,LUX-11954,Очки Ray-Ban,Аксессуары,Шымкент,Омаров Т.,Бутик,1,951522.61,0,951522.61,239113.54,712409.07,VIP-247,Brand_Акс,Склад-Шым,0,cancelled
2026-06-09,LUX-11955,Baccarat Rouge 540,Парфюмерия,Актау,Ким А.,Бутик,1,205552.21,0,205552.21,45281.11,160271.11,VIP-181,Brand_Пар,Склад-Акт,0,completed
2026-02-08,LUX-11956,Сумка Birkin,Брендовые вещи,Астана,Сатпаева А.,VIP-клиенты,2,1668862.51,10,3003952.52,828148.94,2175803.58,VIP-504,Brand_Бре,Склад-Аст,0,completed
2025-10-04,LUX-11957,Клатч вечерний,Аксессуары,Астана,Сатпаева А.,Бутик,1,712799.03,0,712799.03,225962.88,486836.15,VIP-629,Brand_Акс,Склад-Аст,0,completed
2026-07-05,LUX-11958,Очки Ray-Ban,Аксессуары,Атырау,Омаров Т.,Бутик,2,377397.86,0,754795.72,282093.45,472702.27,VIP-397,Brand_Акс,Склад-Аты,0,completed
2025-07-23,LUX-11959,Dior Sauvage,Парфюмерия,Алматы,Ахметова Д.,Онлайн-магазин,1,101157.77,0,101157.77,36350.96,64806.81,VIP-513,Brand_Пар,Склад-Алм,0,completed
2026-01-27,LUX-11960,Платиновый браслет,Ювелирные изделия,Актау,Ахметова Д.,Онлайн-магазин,1,4350567.38,0,4350567.38,1616465.45,2734101.93,VIP-766,Brand_Юве,Склад-Акт,0,cancelled
2025-12-03,LUX-11961,Колье из жемчуга,Ювелирные изделия,Алматы,Омаров Т.,Бутик,1,3393946.01,0,3393946.01,1254865.02,2139080.99,VIP-534,Brand_Юве,Склад-Алм,0,completed
2025-10-15,LUX-11962,Очки Ray-Ban,Аксессуары,Атырау,Сатпаева А.,VIP-клиенты,1,916460.0,0,916460.0,311862.65,604597.36,VIP-652,Brand_Акс,Склад-Аты,0,completed
2025-08-26,LUX-11963,Dior Sauvage,Парфюмерия,Актау,Омаров Т.,Бутик,1,191334.7,0,191334.7,47602.84,143731.85,VIP-516,Brand_Пар,Склад-Акт,0,completed
2026-03-21,LUX-11964,Пиджак кроя Slim,Брендовые вещи,Атырау,Сатпаева А.,Бутик,1,974943.96,0,974943.96,284430.49,690513.46,VIP-465,Brand_Бре,Склад-Аты,0,completed
2025-12-09,LUX-11965,Платье Haute Couture,Брендовые вещи,Актау,Сатпаева А.,Бутик,2,1369858.97,0,2739717.94,816280.66,1923437.28,VIP-511,Brand_Бре,Склад-Акт,0,completed
2025-10-17,LUX-11966,Часы Rolex,Аксессуары,Астана,Ахметова Д.,VIP-клиенты,1,263448.34,0,263448.34,96593.8,166854.54,VIP-585,Brand_Акс,Склад-Аст,0,completed
2026-01-15,LUX-11967,Часы Rolex,Аксессуары,Атырау,Омаров Т.,Бутик,1,1582004.54,0,1582004.54,327929.62,1254074.92,VIP-273,Brand_Акс,Склад-Аты,0,completed
2026-01-21,LUX-11968,Клатч вечерний,Аксессуары,Актау,Ахметова Д.,Бутик,1,777802.15,0,777802.15,281825.0,495977.15,VIP-886,Brand_Акс,Склад-Акт,0,completed
2026-03-27,LUX-11969,Пиджак кроя Slim,Брендовые вещи,Актау,Сатпаева А.,VIP-клиенты,1,1800253.6,0,1800253.6,520755.73,1279497.87,VIP-479,Brand_Бре,Склад-Акт,0,completed
2025-08-11,LUX-11970,Jo Malone Wood Sage,Парфюмерия,Актау,Ким А.,Бутик,1,177971.21,0,177971.21,39020.37,138950.84,VIP-65,Brand_Пар,Склад-Акт,0,completed
2026-04-11,LUX-11971,Пиджак кроя Slim,Брендовые вещи,Шымкент,Сатпаева А.,Бутик,1,1358889.89,0,1358889.89,492582.02,866307.87,VIP-750,Brand_Бре,Склад-Шым,0,completed
2026-01-05,LUX-11972,Dior Sauvage,Парфюмерия,Астана,Ахметова Д.,Бутик,1,46046.85,0,46046.85,17087.65,28959.21,VIP-570,Brand_Пар,Склад-Аст,0,completed
2025-09-30,LUX-11973,Запонки золотые,Аксессуары,Алматы,Ким А.,Бутик,2,1246786.1,0,2493572.2,941718.62,1551853.58,VIP-314,Brand_Акс,Склад-Алм,0,completed
2026-06-10,LUX-11974,Dior Sauvage,Парфюмерия,Астана,Омаров Т.,VIP-клиенты,1,50196.9,0,50196.9,18420.77,31776.14,VIP-314,Brand_Пар,Склад-Аст,0,completed
2025-10-21,LUX-11975,Платье Haute Couture,Брендовые вещи,Актау,Ким А.,Бутик,1,945255.34,0,945255.34,266539.45,678715.89,VIP-748,Brand_Бре,Склад-Акт,0,completed
2026-01-25,LUX-11976,Baccarat Rouge 540,Парфюмерия,Шымкент,Сатпаева А.,Бутик,1,213705.66,0,213705.66,66655.65,147050.0,VIP-520,Brand_Пар,Склад-Шым,0,completed
2026-07-09,LUX-11977,Часы Rolex,Аксессуары,Атырау,Сатпаева А.,Бутик,1,674396.72,0,674396.72,224204.18,450192.54,VIP-812,Brand_Акс,Склад-Аты,0,completed
2025-12-06,LUX-11978,Сумка Birkin,Брендовые вещи,Шымкент,Сатпаева А.,Онлайн-магазин,2,734976.42,0,1469952.84,460408.01,1009544.83,VIP-412,Brand_Бре,Склад-Шым,0,completed
2026-04-21,LUX-11979,Золотая цепь,Ювелирные изделия,Астана,Ахметова Д.,VIP-клиенты,1,1965907.67,0,1965907.67,572679.72,1393227.95,VIP-495,Brand_Юве,Склад-Аст,0,completed
2026-04-21,LUX-11980,Клатч вечерний,Аксессуары,Алматы,Ахметова Д.,VIP-клиенты,2,569767.81,0,1139535.61,419630.34,719905.27,VIP-754,Brand_Акс,Склад-Алм,2,returned
2025-10-11,LUX-11981,Dior Sauvage,Парфюмерия,Алматы,Ахметова Д.,Бутик,1,133929.76,0,133929.76,27964.9,105964.86,VIP-418,Brand_Пар,Склад-Алм,0,completed
2026-05-20,LUX-11982,Chanel No 5,Парфюмерия,Шымкент,Омаров Т.,Бутик,1,192693.55,0,192693.55,48724.9,143968.65,VIP-424,Brand_Пар,Склад-Шым,0,completed
2026-03-04,LUX-11983,Часы Rolex,Аксессуары,Атырау,Омаров Т.,Бутик,1,1290394.94,0,1290394.94,293386.27,997008.67,VIP-309,Brand_Акс,Склад-Аты,0,completed
2026-01-16,LUX-11984,Очки Ray-Ban,Аксессуары,Шымкент,Сатпаева А.,VIP-клиенты,1,241178.75,0,241178.75,67672.86,173505.89,VIP-847,Brand_Акс,Склад-Шым,0,completed
2026-04-27,LUX-11985,Jo Malone Wood Sage,Парфюмерия,Шымкент,Сатпаева А.,Онлайн-магазин,1,94405.15,0,94405.15,32772.12,61633.03,VIP-50,Brand_Пар,Склад-Шым,0,completed
2026-04-20,LUX-11986,Dior Sauvage,Парфюмерия,Атырау,Ким А.,Онлайн-магазин,1,188153.9,0,188153.9,38114.82,150039.09,VIP-919,Brand_Пар,Склад-Аты,0,completed
2025-11-17,LUX-11987,Dior Sauvage,Парфюмерия,Атырау,Ким А.,Бутик,1,122678.28,0,122678.28,42121.89,80556.39,VIP-407,Brand_Пар,Склад-Аты,0,completed
2025-10-13,LUX-11988,Колье из жемчуга,Ювелирные изделия,Актау,Омаров Т.,Онлайн-магазин,1,1210355.28,0,1210355.28,475133.79,735221.49,VIP-195,Brand_Юве,Склад-Акт,0,completed
2026-03-26,LUX-11989,Платье Haute Couture,Брендовые вещи,Актау,Омаров Т.,Бутик,2,1821975.87,0,3643951.74,908554.53,2735397.21,VIP-287,Brand_Бре,Склад-Акт,0,completed
2026-04-16,LUX-11990,Платиновый браслет,Ювелирные изделия,Актау,Ахметова Д.,VIP-клиенты,1,3097057.82,0,3097057.82,775701.29,2321356.54,VIP-744,Brand_Юве,Склад-Акт,0,completed
2025-12-15,LUX-11991,Chanel No 5,Парфюмерия,Астана,Омаров Т.,Онлайн-магазин,1,197227.05,0,197227.05,39689.36,157537.69,VIP-505,Brand_Пар,Склад-Аст,0,completed
2025-12-22,LUX-11992,Золотая цепь,Ювелирные изделия,Актау,Ахметова Д.,Бутик,1,3262671.1,0,3262671.1,1063813.86,2198857.24,VIP-696,Brand_Юве,Склад-Акт,0,completed
2026-01-16,LUX-11993,Очки Ray-Ban,Аксессуары,Шымкент,Сатпаева А.,Бутик,1,1339663.28,0,1339663.28,371892.28,967771.0,VIP-765,Brand_Акс,Склад-Шым,0,completed
2025-11-07,LUX-11994,Baccarat Rouge 540,Парфюмерия,Шымкент,Ким А.,Бутик,1,105486.91,0,105486.91,29051.35,76435.56,VIP-581,Brand_Пар,Склад-Шым,0,completed
2025-11-12,LUX-11995,Шелковый платок,Брендовые вещи,Астана,Сатпаева А.,VIP-клиенты,1,1409825.11,0,1409825.11,309501.54,1100323.58,VIP-833,Brand_Бре,Склад-Аст,0,completed
2025-09-05,LUX-11996,Туфли на шпильке,Брендовые вещи,Атырау,Ахметова Д.,VIP-клиенты,2,2412000.69,0,4824001.39,1392929.11,3431072.28,VIP-675,Brand_Бре,Склад-Аты,0,cancelled
2025-09-10,LUX-11997,Сумка Birkin,Брендовые вещи,Шымкент,Ким А.,VIP-клиенты,1,1258630.0,0,1258630.0,472123.33,786506.67,VIP-926,Brand_Бре,Склад-Шым,0,completed
2025-10-28,LUX-11998,Очки Ray-Ban,Аксессуары,Алматы,Ким А.,Бутик,1,1588282.97,0,1588282.97,417923.25,1170359.72,VIP-944,Brand_Акс,Склад-Алм,0,completed
2025-12-22,LUX-11999,Запонки золотые,Аксессуары,Алматы,Сатпаева А.,Бутик,1,1329934.04,0,1329934.04,473336.67,856597.37,VIP-695,Brand_Акс,Склад-Алм,0,completed
