date,order_id,product,category,region,manager,channel,quantity,price,discount,revenue,cost,profit,customer_id,brand,warehouse,returns,status
2026-06-14,ORD-10000,Смартфон X,Электроника,Шымкент,Петров П.,Офлайн-магазин,3,24445.8,0,73337.39,51062.41,22274.98,CUST-704,Brand_Эле,Склад-Шым,0,completed
2026-02-23,ORD-10001,Смартфон X,Электроника,Алматы,Петров П.,Офлайн-магазин,3,70252.05,0,210756.14,101064.96,109691.18,CUST-658,Brand_Эле,Склад-Алм,0,completed
2026-02-21,ORD-10002,Кроссовки спорт,Одежда,Актобе,Смирнова А.,Онлайн,1,14301.98,0,14301.98,7667.29,6634.68,CUST-881,Brand_Оде,Склад-Акт,0,completed
2026-01-10,ORD-10003,Смартфон X,Электроника,Караганда,Иванов И.,Маркетплейс,3,57709.64,0,173128.91,72260.58,100868.34,CUST-227,Brand_Эле,Склад-Кар,0,completed
2026-01-31,ORD-10004,Смарт-часы,Электроника,Шымкент,Лебедева Е.,Маркетплейс,1,78784.99,5,74845.74,49735.39,25110.35,CUST-181,Brand_Эле,Склад-Шым,0,completed
2025-11-18,ORD-10005,Наушники Air,Электроника,Шымкент,Козлов В.,Маркетплейс,2,25702.77,0,51405.55,34342.51,17063.04,CUST-799,Brand_Эле,Склад-Шым,0,completed
2026-06-18,ORD-10006,Смарт-часы,Электроника,Астана,Лебедева Е.,Офлайн-магазин,2,30588.81,0,61177.61,48685.72,12491.9,CUST-670,Brand_Эле,Склад-Аст,0,completed
2025-11-11,ORD-10007,Кофе зерновой,Продукты,Астана,Иванов И.,Маркетплейс,5,1099.36,0,5496.78,4206.43,1290.34,CUST-835,Brand_Про,Склад-Аст,0,completed
2025-12-30,ORD-10008,Кроссовки спорт,Одежда,Караганда,Козлов В.,Офлайн-магазин,1,5088.35,0,5088.35,3177.91,1910.43,CUST-698,Brand_Оде,Склад-Кар,0,completed
2026-02-26,ORD-10009,Мяч фитнес,Спорттовары,Шымкент,Петров П.,Офлайн-магазин,8,4927.59,0,39420.74,16511.24,22909.5,CUST-742,Brand_Спо,Склад-Шым,0,completed
2025-10-11,ORD-10010,Шкаф-купе,Мебель,Алматы,Козлов В.,B2B,2,40103.24,0,80206.47,63237.3,16969.17,CUST-111,Brand_Меб,Склад-Алм,0,completed
2026-07-05,ORD-10011,Смарт-часы,Электроника,Шымкент,Смирнова А.,Онлайн,2,41444.52,0,82889.04,33263.22,49625.82,CUST-836,Brand_Эле,Склад-Шым,0,completed
2025-12-03,ORD-10012,Гантели 5кг,Спорттовары,Актобе,Иванов И.,Маркетплейс,10,4770.71,0,47707.06,26218.16,21488.9,CUST-897,Brand_Спо,Склад-Акт,0,completed
2026-04-19,ORD-10013,Смарт-часы,Электроника,Шымкент,Козлов В.,Онлайн,2,15900.11,15,27030.18,13401.05,13629.13,CUST-680,Brand_Эле,Склад-Шым,0,completed
2025-08-31,ORD-10014,Наушники Air,Электроника,Алматы,Лебедева Е.,Офлайн-магазин,3,18062.85,0,54188.55,33592.64,20595.91,CUST-993,Brand_Эле,Склад-Алм,0,completed
2026-05-28,ORD-10015,Стол письменный,Мебель,Актобе,Петров П.,Маркетплейс,3,27509.04,0,82527.13,47472.91,35054.22,CUST-223,Brand_Меб,Склад-Акт,0,completed
2025-11-25,ORD-10016,Футболка базовая,Одежда,Шымкент,Иванов И.,Офлайн-магазин,1,9563.25,0,9563.25,6533.0,3030.24,CUST-169,Brand_Оде,Склад-Шым,0,completed
2025-08-07,ORD-10017,Кофе зерновой,Продукты,Актобе,Петров П.,Маркетплейс,8,1619.34,0,12954.69,5867.5,7087.19,CUST-684,Brand_Про,Склад-Акт,8,returned
2026-05-13,ORD-10018,Стол письменный,Мебель,Караганда,Козлов В.,Офлайн-магазин,1,8347.34,0,8347.34,4521.91,3825.43,CUST-984,Brand_Меб,Склад-Кар,0,completed
2025-08-18,ORD-10019,Смартфон X,Электроника,Караганда,Смирнова А.,Онлайн,1,32282.01,0,32282.01,18705.66,13576.35,CUST-385,Brand_Эле,Склад-Кар,0,completed
2026-03-15,ORD-10020,Футболка базовая,Одежда,Караганда,Лебедева Е.,Онлайн,3,2095.92,5,5973.37,4704.62,1268.75,CUST-969,Brand_Оде,Склад-Кар,3,returned
2025-11-20,ORD-10021,Кроссовки спорт,Одежда,Караганда,Козлов В.,Офлайн-магазин,1,7399.09,0,7399.09,2966.01,4433.07,CUST-902,Brand_Оде,Склад-Кар,0,completed
2026-03-11,ORD-10022,Сыр пармезан,Продукты,Актобе,Козлов В.,Офлайн-магазин,5,591.97,0,2959.85,1253.18,1706.67,CUST-162,Brand_Про,Склад-Акт,0,completed
2025-12-29,ORD-10023,Смартфон X,Электроника,Актобе,Козлов В.,Офлайн-магазин,3,10680.48,0,32041.43,15198.21,16843.22,CUST-791,Brand_Эле,Склад-Акт,0,completed
2025-11-19,ORD-10024,Стул офисный,Мебель,Актобе,Петров П.,Онлайн,1,41217.98,0,41217.98,26110.31,15107.67,CUST-367,Brand_Меб,Склад-Акт,0,completed
2025-11-03,ORD-10025,Чай зеленый,Продукты,Шымкент,Козлов В.,Офлайн-магазин,5,1592.47,0,7962.35,6143.81,1818.54,CUST-109,Brand_Про,Склад-Шым,5,returned
2026-03-13,ORD-10026,Скакалка,Спорттовары,Алматы,Иванов И.,Офлайн-магазин,5,4109.48,0,20547.39,11087.45,9459.95,CUST-350,Brand_Спо,Склад-Алм,0,completed
2026-01-27,ORD-10027,Чай зеленый,Продукты,Караганда,Лебедева Е.,Маркетплейс,9,1506.55,0,13558.96,9855.22,3703.74,CUST-779,Brand_Про,Склад-Кар,0,completed
2025-09-13,ORD-10028,Куртка зимняя,Одежда,Алматы,Иванов И.,Офлайн-магазин,2,5133.93,0,10267.86,7054.48,3213.38,CUST-749,Brand_Оде,Склад-Алм,0,completed
2025-12-04,ORD-10029,Мяч фитнес,Спорттовары,Шымкент,Иванов И.,Онлайн,5,3853.23,0,19266.13,10276.99,8989.14,CUST-368,Brand_Спо,Склад-Шым,0,completed
2025-10-12,ORD-10030,Шкаф-купе,Мебель,Караганда,Лебедева Е.,Онлайн,1,9709.38,10,8738.44,5402.42,3336.02,CUST-696,Brand_Меб,Склад-Кар,0,completed
2026-04-30,ORD-10031,Кроссовки спорт,Одежда,Астана,Иванов И.,Маркетплейс,1,8265.78,10,7439.2,5005.29,2433.91,CUST-462,Brand_Оде,Склад-Аст,0,completed
2026-05-04,ORD-10032,Шкаф-купе,Мебель,Астана,Петров П.,Офлайн-магазин,2,14583.29,0,29166.58,20259.86,8906.72,CUST-521,Brand_Меб,Склад-Аст,0,completed
2026-06-29,ORD-10033,Куртка зимняя,Одежда,Астана,Иванов И.,B2B,2,1461.17,0,2922.34,2123.47,798.87,CUST-412,Brand_Оде,Склад-Аст,0,completed
2025-11-15,ORD-10034,Футболка базовая,Одежда,Астана,Козлов В.,Маркетплейс,1,6021.66,15,5118.41,2766.29,2352.12,CUST-795,Brand_Оде,Склад-Аст,0,completed
2026-04-22,ORD-10035,Кофе зерновой,Продукты,Алматы,Смирнова А.,Офлайн-магазин,5,1219.42,0,6097.12,3893.8,2203.33,CUST-905,Brand_Про,Склад-Алм,0,completed
2025-12-29,ORD-10036,Шкаф-купе,Мебель,Актобе,Иванов И.,B2B,1,41638.89,0,41638.89,28460.77,13178.12,CUST-925,Brand_Меб,Склад-Акт,0,completed
2026-04-23,ORD-10037,Куртка зимняя,Одежда,Караганда,Иванов И.,Маркетплейс,2,9012.41,0,18024.81,8108.46,9916.35,CUST-619,Brand_Оде,Склад-Кар,2,returned
2025-12-27,ORD-10038,Диван угловой,Мебель,Караганда,Смирнова А.,Офлайн-магазин,2,13503.75,0,27007.5,14898.9,12108.59,CUST-278,Brand_Меб,Склад-Кар,0,completed
2026-06-02,ORD-10039,Эспандер,Спорттовары,Караганда,Лебедева Е.,Онлайн,5,3047.84,0,15239.21,10885.42,4353.79,CUST-429,Brand_Спо,Склад-Кар,0,completed
2026-03-17,ORD-10040,Кровать двуспальная,Мебель,Астана,Лебедева Е.,B2B,3,15162.71,0,45488.14,27574.04,17914.1,CUST-443,Brand_Меб,Склад-Аст,0,completed
2025-09-07,ORD-10041,Куртка зимняя,Одежда,Астана,Петров П.,Офлайн-магазин,1,1423.99,0,1423.99,840.23,583.76,CUST-174,Brand_Оде,Склад-Аст,0,completed
2026-03-12,ORD-10042,Шкаф-купе,Мебель,Астана,Козлов В.,B2B,1,28853.41,0,28853.41,19477.47,9375.95,CUST-981,Brand_Меб,Склад-Аст,0,completed
2025-09-14,ORD-10043,Стол письменный,Мебель,Астана,Лебедева Е.,B2B,3,6101.58,0,18304.73,13533.32,4771.41,CUST-920,Brand_Меб,Склад-Аст,0,completed
2026-03-16,ORD-10044,Скакалка,Спорттовары,Актобе,Смирнова А.,B2B,7,3949.71,20,22118.35,16785.24,5333.1,CUST-586,Brand_Спо,Склад-Акт,0,completed
2026-03-09,ORD-10045,Чай зеленый,Продукты,Шымкент,Лебедева Е.,B2B,4,1376.25,0,5504.99,2372.61,3132.38,CUST-378,Brand_Про,Склад-Шым,0,completed
2026-01-09,ORD-10046,Оливковое масло,Продукты,Алматы,Петров П.,Офлайн-магазин,7,642.0,0,4493.99,3067.45,1426.54,CUST-517,Brand_Про,Склад-Алм,0,completed
2026-01-07,ORD-10047,Мяч фитнес,Спорттовары,Караганда,Иванов И.,Офлайн-магазин,7,4357.61,5,28978.12,21521.84,7456.28,CUST-489,Brand_Спо,Склад-Кар,0,completed
2026-03-23,ORD-10048,Планшет Z,Электроника,Шымкент,Козлов В.,B2B,3,78140.86,10,210980.33,125594.86,85385.47,CUST-597,Brand_Эле,Склад-Шым,0,completed
2025-08-05,ORD-10049,Диван угловой,Мебель,Караганда,Петров П.,B2B,3,9360.48,0,28081.44,21419.73,6661.72,CUST-778,Brand_Меб,Склад-Кар,0,completed
2025-08-04,ORD-10050,Наушники Air,Электроника,Астана,Козлов В.,Офлайн-магазин,2,11965.61,0,23931.23,11598.61,12332.62,CUST-879,Brand_Эле,Склад-Аст,0,completed
2026-02-01,ORD-10051,Сыр пармезан,Продукты,Шымкент,Иванов И.,B2B,9,229.8,0,2068.17,1614.76,453.41,CUST-170,Brand_Про,Склад-Шым,0,completed
2026-06-20,ORD-10052,Смартфон X,Электроника,Астана,Петров П.,Онлайн,1,80587.75,0,80587.75,47500.39,33087.36,CUST-323,Brand_Эле,Склад-Аст,0,completed
2026-03-17,ORD-10053,Шоколад горький,Продукты,Астана,Лебедева Е.,Онлайн,3,1901.61,5,5419.6,3422.33,1997.26,CUST-689,Brand_Про,Склад-Аст,3,returned
2026-07-03,ORD-10054,Кровать двуспальная,Мебель,Астана,Иванов И.,Офлайн-магазин,3,10675.8,5,30426.03,21860.83,8565.21,CUST-142,Brand_Меб,Склад-Аст,0,completed
2026-01-15,ORD-10055,Мяч фитнес,Спорттовары,Шымкент,Иванов И.,Маркетплейс,7,659.16,5,4383.39,2513.48,1869.91,CUST-948,Brand_Спо,Склад-Шым,0,completed
2026-03-14,ORD-10056,Кроссовки спорт,Одежда,Астана,Лебедева Е.,Маркетплейс,3,10160.22,20,24384.54,14002.33,10382.21,CUST-374,Brand_Оде,Склад-Аст,0,completed
2026-01-03,ORD-10057,Футболка базовая,Одежда,Шымкент,Козлов В.,Офлайн-магазин,2,12883.9,0,25767.8,17194.22,8573.58,CUST-606,Brand_Оде,Склад-Шым,0,completed
2026-01-04,ORD-10058,Кроссовки спорт,Одежда,Астана,Смирнова А.,Маркетплейс,2,6793.84,15,11549.53,7187.46,4362.07,CUST-295,Brand_Оде,Склад-Аст,0,completed
2025-09-03,ORD-10059,Кроссовки спорт,Одежда,Караганда,Лебедева Е.,Офлайн-магазин,2,13515.29,0,27030.57,16119.1,10911.47,CUST-195,Brand_Оде,Склад-Кар,0,completed
2025-12-19,ORD-10060,Кроссовки спорт,Одежда,Астана,Смирнова А.,Маркетплейс,3,8333.58,0,25000.74,14255.46,10745.28,CUST-438,Brand_Оде,Склад-Аст,0,completed
2026-01-18,ORD-10061,Диван угловой,Мебель,Шымкент,Смирнова А.,Офлайн-магазин,3,10704.5,0,32113.51,14381.13,17732.37,CUST-880,Brand_Меб,Склад-Шым,0,completed
2026-07-10,ORD-10062,Джинсы классика,Одежда,Астана,Козлов В.,Маркетплейс,3,11447.04,15,29189.94,23124.4,6065.55,CUST-403,Brand_Оде,Склад-Аст,0,completed
2025-11-15,ORD-10063,Чай зеленый,Продукты,Шымкент,Иванов И.,Офлайн-магазин,1,669.97,15,569.47,386.65,182.82,CUST-989,Brand_Про,Склад-Шым,0,completed
2026-03-30,ORD-10064,Смартфон X,Электроника,Актобе,Смирнова А.,B2B,2,73250.54,0,146501.07,115179.01,31322.07,CUST-982,Brand_Эле,Склад-Акт,0,completed
2026-03-23,ORD-10065,Смартфон X,Электроника,Караганда,Козлов В.,Онлайн,3,91566.5,0,274699.5,126551.53,148147.97,CUST-411,Brand_Эле,Склад-Кар,0,completed
2025-09-03,ORD-10066,Футболка базовая,Одежда,Актобе,Козлов В.,Офлайн-магазин,3,13609.29,0,40827.87,31168.06,9659.8,CUST-702,Brand_Оде,Склад-Акт,0,completed
2026-02-26,ORD-10067,Оливковое масло,Продукты,Актобе,Иванов И.,Онлайн,4,1938.82,0,7755.29,3923.08,3832.21,CUST-345,Brand_Про,Склад-Акт,0,completed
2025-10-18,ORD-10068,Коврик для йоги,Спорттовары,Астана,Иванов И.,B2B,10,4341.53,0,43415.25,17932.93,25482.33,CUST-389,Brand_Спо,Склад-Аст,0,completed
2026-07-16,ORD-10069,Стул офисный,Мебель,Астана,Смирнова А.,Офлайн-магазин,1,28870.1,0,28870.1,19026.95,9843.15,CUST-946,Brand_Меб,Склад-Аст,1,returned
2025-10-02,ORD-10070,Смартфон X,Электроника,Астана,Смирнова А.,Маркетплейс,1,64820.89,0,64820.89,33812.94,31007.95,CUST-378,Brand_Эле,Склад-Аст,0,completed
2026-04-04,ORD-10071,Мяч фитнес,Спорттовары,Караганда,Иванов И.,Онлайн,6,4660.21,0,27961.28,11473.8,16487.48,CUST-790,Brand_Спо,Склад-Кар,0,completed
2026-05-12,ORD-10072,Коврик для йоги,Спорттовары,Шымкент,Лебедева Е.,Онлайн,8,1928.07,0,15424.54,8898.29,6526.25,CUST-699,Brand_Спо,Склад-Шым,0,completed
2026-03-02,ORD-10073,Стул офисный,Мебель,Караганда,Смирнова А.,B2B,2,28730.04,0,57460.09,42698.2,14761.89,CUST-810,Brand_Меб,Склад-Кар,0,completed
2026-04-01,ORD-10074,Сыр пармезан,Продукты,Актобе,Иванов И.,B2B,6,280.45,0,1682.7,751.1,931.59,CUST-985,Brand_Про,Склад-Акт,0,completed
2026-04-11,ORD-10075,Смарт-часы,Электроника,Караганда,Козлов В.,Онлайн,3,32017.68,0,96053.04,67484.68,28568.36,CUST-878,Brand_Эле,Склад-Кар,0,completed
2025-08-17,ORD-10076,Куртка зимняя,Одежда,Актобе,Петров П.,Маркетплейс,3,8249.19,0,24747.56,10184.8,14562.76,CUST-918,Brand_Оде,Склад-Акт,0,completed
2025-11-21,ORD-10077,Куртка зимняя,Одежда,Актобе,Иванов И.,B2B,1,2451.44,5,2328.87,1361.41,967.46,CUST-952,Brand_Оде,Склад-Акт,0,completed
2025-10-08,ORD-10078,Диван угловой,Мебель,Актобе,Смирнова А.,B2B,2,34938.68,0,69877.37,43359.33,26518.04,CUST-713,Brand_Меб,Склад-Акт,0,completed
2026-04-08,ORD-10079,Футболка базовая,Одежда,Шымкент,Козлов В.,Маркетплейс,3,11141.29,0,33423.86,13403.84,20020.02,CUST-957,Brand_Оде,Склад-Шым,0,completed
2026-05-18,ORD-10080,Мяч фитнес,Спорттовары,Астана,Козлов В.,B2B,6,3253.92,0,19523.49,12053.26,7470.23,CUST-429,Brand_Спо,Склад-Аст,0,completed
2025-10-26,ORD-10081,Свитер шерстяной,Одежда,Караганда,Петров П.,B2B,2,1776.24,20,2841.99,1575.69,1266.3,CUST-940,Brand_Оде,Склад-Кар,0,completed
2026-06-20,ORD-10082,Кроссовки спорт,Одежда,Алматы,Петров П.,Маркетплейс,2,3034.76,0,6069.51,4638.18,1431.33,CUST-247,Brand_Оде,Склад-Алм,0,completed
2026-02-16,ORD-10083,Футболка базовая,Одежда,Караганда,Смирнова А.,Маркетплейс,3,10629.97,0,31889.9,13780.46,18109.44,CUST-790,Brand_Оде,Склад-Кар,0,completed
2026-04-21,ORD-10084,Диван угловой,Мебель,Караганда,Лебедева Е.,Онлайн,1,39950.88,0,39950.88,26917.3,13033.58,CUST-332,Brand_Меб,Склад-Кар,0,completed
2025-09-06,ORD-10085,Стул офисный,Мебель,Алматы,Козлов В.,Офлайн-магазин,2,46049.38,5,87493.82,46349.84,41143.98,CUST-467,Brand_Меб,Склад-Алм,0,completed
2026-01-29,ORD-10086,Стол письменный,Мебель,Астана,Лебедева Е.,B2B,3,43757.66,10,118145.69,55531.75,62613.94,CUST-491,Brand_Меб,Склад-Аст,0,completed
2026-06-04,ORD-10087,Кроссовки спорт,Одежда,Актобе,Петров П.,Офлайн-магазин,3,8836.25,0,26508.74,13310.85,13197.89,CUST-923,Brand_Оде,Склад-Акт,0,completed
2026-03-17,ORD-10088,Оливковое масло,Продукты,Астана,Иванов И.,B2B,10,858.95,0,8589.51,6741.15,1848.36,CUST-567,Brand_Про,Склад-Аст,0,completed
2025-12-23,ORD-10089,Кроссовки спорт,Одежда,Караганда,Иванов И.,Офлайн-магазин,3,7620.02,0,22860.05,11849.48,11010.57,CUST-122,Brand_Оде,Склад-Кар,0,completed
2026-06-24,ORD-10090,Диван угловой,Мебель,Алматы,Лебедева Е.,Онлайн,3,43155.92,0,129467.76,98610.69,30857.07,CUST-918,Brand_Меб,Склад-Алм,0,completed
2025-11-16,ORD-10091,Эспандер,Спорттовары,Астана,Петров П.,Маркетплейс,2,1776.92,5,3376.15,1767.66,1608.49,CUST-693,Brand_Спо,Склад-Аст,0,completed
2026-01-24,ORD-10092,Футболка базовая,Одежда,Шымкент,Смирнова А.,B2B,1,3604.81,0,3604.81,2219.71,1385.1,CUST-643,Brand_Оде,Склад-Шым,0,cancelled
2026-04-04,ORD-10093,Чай зеленый,Продукты,Шымкент,Козлов В.,Маркетплейс,6,1671.38,20,8022.62,6299.02,1723.6,CUST-331,Brand_Про,Склад-Шым,0,completed
2026-07-03,ORD-10094,Шкаф-купе,Мебель,Шымкент,Иванов И.,B2B,2,3758.61,0,7517.21,4374.38,3142.84,CUST-788,Brand_Меб,Склад-Шым,0,completed
2025-12-03,ORD-10095,Мяч фитнес,Спорттовары,Шымкент,Иванов И.,Офлайн-магазин,1,3723.61,0,3723.61,2894.25,829.37,CUST-724,Brand_Спо,Склад-Шым,0,completed
2025-11-12,ORD-10096,Наушники Air,Электроника,Шымкент,Козлов В.,Онлайн,1,24010.55,15,20408.97,16293.93,4115.04,CUST-340,Brand_Эле,Склад-Шым,0,completed
2026-04-23,ORD-10097,Кроссовки спорт,Одежда,Караганда,Смирнова А.,B2B,3,10899.29,20,26158.3,17315.98,8842.32,CUST-730,Brand_Оде,Склад-Кар,0,completed
2026-02-15,ORD-10098,Кофе зерновой,Продукты,Шымкент,Петров П.,B2B,4,1110.57,5,4220.16,3343.93,876.23,CUST-760,Brand_Про,Склад-Шым,0,completed
2026-01-21,ORD-10099,Наушники Air,Электроника,Шымкент,Петров П.,Онлайн,1,63084.57,0,63084.57,41426.49,21658.08,CUST-121,Brand_Эле,Склад-Шым,0,completed
2025-08-16,ORD-10100,Чай зеленый,Продукты,Астана,Лебедева Е.,Офлайн-магазин,9,291.88,0,2626.9,1277.67,1349.23,CUST-436,Brand_Про,Склад-Аст,0,completed
2025-10-05,ORD-10101,Коврик для йоги,Спорттовары,Шымкент,Петров П.,Офлайн-магазин,5,4717.83,5,22409.7,14889.52,7520.18,CUST-115,Brand_Спо,Склад-Шым,0,completed
2026-01-21,ORD-10102,Свитер шерстяной,Одежда,Шымкент,Иванов И.,Офлайн-магазин,1,5163.75,0,5163.75,2934.99,2228.76,CUST-165,Brand_Оде,Склад-Шым,0,completed
2026-03-22,ORD-10103,Диван угловой,Мебель,Актобе,Лебедева Е.,Онлайн,3,30004.81,0,90014.43,58153.17,31861.26,CUST-987,Brand_Меб,Склад-Акт,0,completed
2026-06-24,ORD-10104,Эспандер,Спорттовары,Караганда,Иванов И.,Онлайн,7,4351.66,0,30461.64,13500.14,16961.51,CUST-554,Brand_Спо,Склад-Кар,0,completed
2025-08-28,ORD-10105,Планшет Z,Электроника,Актобе,Петров П.,Онлайн,2,22410.33,0,44820.65,28422.83,16397.82,CUST-490,Brand_Эле,Склад-Акт,0,completed
2026-05-23,ORD-10106,Эспандер,Спорттовары,Караганда,Лебедева Е.,B2B,2,1559.47,10,2807.04,1605.71,1201.34,CUST-523,Brand_Спо,Склад-Кар,0,completed
2026-01-11,ORD-10107,Кровать двуспальная,Мебель,Караганда,Иванов И.,Маркетплейс,2,31508.63,0,63017.27,34641.88,28375.39,CUST-585,Brand_Меб,Склад-Кар,0,completed
2025-08-25,ORD-10108,Смартфон X,Электроника,Алматы,Козлов В.,Онлайн,1,55229.73,0,55229.73,35048.01,20181.71,CUST-437,Brand_Эле,Склад-Алм,0,completed
2026-06-30,ORD-10109,Наушники Air,Электроника,Шымкент,Козлов В.,Онлайн,3,42382.12,0,127146.35,56127.51,71018.84,CUST-258,Brand_Эле,Склад-Шым,0,completed
2026-06-23,ORD-10110,Стол письменный,Мебель,Алматы,Смирнова А.,Маркетплейс,2,8508.73,0,17017.45,12301.72,4715.73,CUST-885,Brand_Меб,Склад-Алм,0,completed
2026-06-05,ORD-10111,Скакалка,Спорттовары,Алматы,Лебедева Е.,Маркетплейс,3,735.05,0,2205.14,1554.54,650.6,CUST-459,Brand_Спо,Склад-Алм,3,returned
2025-07-25,ORD-10112,Джинсы классика,Одежда,Актобе,Козлов В.,Онлайн,3,3344.02,0,10032.06,4135.85,5896.22,CUST-320,Brand_Оде,Склад-Акт,0,completed
2026-01-30,ORD-10113,Кровать двуспальная,Мебель,Шымкент,Петров П.,Маркетплейс,3,29192.65,0,87577.96,68009.8,19568.16,CUST-153,Brand_Меб,Склад-Шым,0,completed
2025-10-09,ORD-10114,Свитер шерстяной,Одежда,Алматы,Иванов И.,Маркетплейс,3,8100.13,0,24300.39,15621.03,8679.36,CUST-320,Brand_Оде,Склад-Алм,0,completed
2026-04-10,ORD-10115,Планшет Z,Электроника,Караганда,Иванов И.,Маркетплейс,3,96726.38,0,290179.14,177233.77,112945.37,CUST-325,Brand_Эле,Склад-Кар,0,completed
2026-02-09,ORD-10116,Коврик для йоги,Спорттовары,Алматы,Петров П.,Маркетплейс,3,2222.26,15,5666.76,3010.46,2656.3,CUST-864,Brand_Спо,Склад-Алм,0,completed
2026-02-27,ORD-10117,Джинсы классика,Одежда,Караганда,Лебедева Е.,Офлайн-магазин,3,8121.28,15,20709.27,8880.76,11828.51,CUST-143,Brand_Оде,Склад-Кар,0,completed
2026-03-02,ORD-10118,Наушники Air,Электроника,Алматы,Смирнова А.,B2B,2,89316.41,20,142906.26,73711.92,69194.34,CUST-432,Brand_Эле,Склад-Алм,0,completed
2025-10-17,ORD-10119,Мяч фитнес,Спорттовары,Шымкент,Иванов И.,B2B,4,1469.79,0,5879.16,3293.39,2585.77,CUST-991,Brand_Спо,Склад-Шым,0,completed
2025-12-27,ORD-10120,Чай зеленый,Продукты,Шымкент,Петров П.,Онлайн,2,1343.48,0,2686.97,1283.19,1403.78,CUST-459,Brand_Про,Склад-Шым,0,completed
2026-06-17,ORD-10121,Джинсы классика,Одежда,Алматы,Петров П.,Маркетплейс,1,3847.15,0,3847.15,2708.72,1138.42,CUST-281,Brand_Оде,Склад-Алм,0,completed
2026-06-08,ORD-10122,Кровать двуспальная,Мебель,Актобе,Лебедева Е.,B2B,3,54320.63,0,162961.89,129491.6,33470.29,CUST-742,Brand_Меб,Склад-Акт,0,completed
2025-12-30,ORD-10123,Кроссовки спорт,Одежда,Алматы,Козлов В.,B2B,2,9753.74,5,18532.11,10021.73,8510.37,CUST-572,Brand_Оде,Склад-Алм,0,completed
2026-03-10,ORD-10124,Смартфон X,Электроника,Шымкент,Смирнова А.,Онлайн,1,94749.19,0,94749.19,57117.38,37631.81,CUST-667,Brand_Эле,Склад-Шым,0,completed
2025-08-12,ORD-10125,Шкаф-купе,Мебель,Астана,Смирнова А.,B2B,1,43711.32,20,34969.05,15435.37,19533.69,CUST-451,Brand_Меб,Склад-Аст,0,completed
2026-07-22,ORD-10126,Смарт-часы,Электроника,Астана,Иванов И.,Офлайн-магазин,2,88066.61,10,158519.89,86481.98,72037.91,CUST-496,Brand_Эле,Склад-Аст,2,returned
2026-02-16,ORD-10127,Оливковое масло,Продукты,Алматы,Смирнова А.,Онлайн,2,825.45,0,1650.9,915.63,735.27,CUST-972,Brand_Про,Склад-Алм,0,completed
2026-06-23,ORD-10128,Гантели 5кг,Спорттовары,Шымкент,Иванов И.,Офлайн-магазин,5,3398.53,20,13594.13,6138.85,7455.28,CUST-186,Brand_Спо,Склад-Шым,0,completed
2025-12-27,ORD-10129,Мяч фитнес,Спорттовары,Шымкент,Петров П.,Онлайн,9,3768.22,0,33913.99,18484.45,15429.54,CUST-319,Brand_Спо,Склад-Шым,0,completed
2026-01-12,ORD-10130,Стол письменный,Мебель,Астана,Петров П.,Офлайн-магазин,2,6807.63,5,12934.5,7800.48,5134.01,CUST-856,Brand_Меб,Склад-Аст,0,completed
2026-04-17,ORD-10131,Планшет Z,Электроника,Актобе,Петров П.,B2B,1,25390.9,0,25390.9,17193.15,8197.75,CUST-269,Brand_Эле,Склад-Акт,0,completed
2026-03-03,ORD-10132,Наушники Air,Электроника,Шымкент,Петров П.,B2B,2,75998.13,20,121597.0,60020.42,61576.58,CUST-928,Brand_Эле,Склад-Шым,0,completed
2026-03-19,ORD-10133,Куртка зимняя,Одежда,Актобе,Козлов В.,B2B,2,14250.37,20,22800.59,17932.83,4867.76,CUST-920,Brand_Оде,Склад-Акт,0,completed
2026-05-27,ORD-10134,Куртка зимняя,Одежда,Алматы,Козлов В.,Маркетплейс,1,9157.76,5,8699.87,4471.95,4227.92,CUST-379,Brand_Оде,Склад-Алм,0,completed
2026-03-09,ORD-10135,Гантели 5кг,Спорттовары,Караганда,Иванов И.,Офлайн-магазин,6,4845.2,20,23256.95,9798.22,13458.73,CUST-341,Brand_Спо,Склад-Кар,0,completed
2026-02-04,ORD-10136,Планшет Z,Электроника,Астана,Иванов И.,Маркетплейс,3,16578.16,0,49734.49,35637.36,14097.13,CUST-393,Brand_Эле,Склад-Аст,0,completed
2026-03-20,ORD-10137,Кроссовки спорт,Одежда,Караганда,Лебедева Е.,Онлайн,1,2223.99,0,2223.99,1632.38,591.61,CUST-844,Brand_Оде,Склад-Кар,0,completed
2026-05-29,ORD-10138,Мяч фитнес,Спорттовары,Алматы,Смирнова А.,Офлайн-магазин,2,3208.37,0,6416.74,3644.26,2772.48,CUST-568,Brand_Спо,Склад-Алм,0,completed
2025-08-23,ORD-10139,Наушники Air,Электроника,Актобе,Лебедева Е.,Онлайн,3,77020.2,0,231060.59,158835.14,72225.44,CUST-101,Brand_Эле,Склад-Акт,0,completed
2026-06-01,ORD-10140,Чай зеленый,Продукты,Актобе,Козлов В.,Офлайн-магазин,2,1595.48,0,3190.97,1736.66,1454.31,CUST-657,Brand_Про,Склад-Акт,0,cancelled
2026-04-07,ORD-10141,Скакалка,Спорттовары,Алматы,Козлов В.,B2B,7,967.89,15,5758.95,4025.09,1733.87,CUST-169,Brand_Спо,Склад-Алм,0,completed
2026-01-14,ORD-10142,Футболка базовая,Одежда,Актобе,Смирнова А.,Офлайн-магазин,2,1448.55,0,2897.1,2101.56,795.53,CUST-897,Brand_Оде,Склад-Акт,0,completed
2026-07-07,ORD-10143,Кровать двуспальная,Мебель,Астана,Петров П.,Онлайн,2,50847.8,0,101695.61,48878.61,52817.0,CUST-142,Brand_Меб,Склад-Аст,0,completed
2025-12-30,ORD-10144,Оливковое масло,Продукты,Караганда,Лебедева Е.,B2B,1,736.66,10,662.99,341.07,321.92,CUST-148,Brand_Про,Склад-Кар,0,completed
2026-06-22,ORD-10145,Шоколад горький,Продукты,Алматы,Смирнова А.,B2B,8,1098.67,20,7031.47,3766.16,3265.31,CUST-808,Brand_Про,Склад-Алм,0,completed
2026-04-02,ORD-10146,Оливковое масло,Продукты,Шымкент,Иванов И.,B2B,7,316.35,0,2214.42,1614.17,600.25,CUST-428,Brand_Про,Склад-Шым,0,completed
2025-09-12,ORD-10147,Планшет Z,Электроника,Шымкент,Смирнова А.,B2B,3,72896.01,0,218688.04,147812.54,70875.5,CUST-143,Brand_Эле,Склад-Шым,0,completed
2026-01-18,ORD-10148,Мяч фитнес,Спорттовары,Шымкент,Иванов И.,Онлайн,6,4026.75,0,24160.48,16911.35,7249.13,CUST-131,Brand_Спо,Склад-Шым,0,completed
2025-10-03,ORD-10149,Мяч фитнес,Спорттовары,Алматы,Петров П.,Онлайн,6,2505.26,0,15031.54,11721.4,3310.14,CUST-257,Brand_Спо,Склад-Алм,0,completed
2026-07-04,ORD-10150,Диван угловой,Мебель,Шымкент,Козлов В.,Онлайн,1,41629.3,0,41629.3,23279.67,18349.63,CUST-355,Brand_Меб,Склад-Шым,0,completed
2025-09-18,ORD-10151,Ноутбук Pro,Электроника,Караганда,Лебедева Е.,B2B,1,81342.74,0,81342.74,41006.17,40336.57,CUST-726,Brand_Эле,Склад-Кар,0,completed
2025-12-15,ORD-10152,Стол письменный,Мебель,Алматы,Петров П.,Онлайн,1,30406.42,20,24325.14,19433.47,4891.66,CUST-965,Brand_Меб,Склад-Алм,0,completed
2026-01-01,ORD-10153,Кофе зерновой,Продукты,Актобе,Лебедева Е.,Маркетплейс,3,832.91,10,2248.84,1613.5,635.35,CUST-224,Brand_Про,Склад-Акт,0,completed
2025-11-01,ORD-10154,Джинсы классика,Одежда,Караганда,Иванов И.,Маркетплейс,3,10372.33,0,31116.99,22449.81,8667.18,CUST-726,Brand_Оде,Склад-Кар,0,completed
2025-09-04,ORD-10155,Планшет Z,Электроника,Караганда,Козлов В.,B2B,3,54474.26,0,163422.77,128932.71,34490.07,CUST-560,Brand_Эле,Склад-Кар,0,completed
2026-03-17,ORD-10156,Эспандер,Спорттовары,Астана,Лебедева Е.,Офлайн-магазин,7,1847.5,0,12932.51,9664.26,3268.24,CUST-630,Brand_Спо,Склад-Аст,0,completed
2025-10-08,ORD-10157,Чай зеленый,Продукты,Астана,Смирнова А.,Офлайн-магазин,9,951.02,5,8131.26,4067.6,4063.66,CUST-664,Brand_Про,Склад-Аст,0,completed
2025-12-09,ORD-10158,Куртка зимняя,Одежда,Актобе,Лебедева Е.,Онлайн,3,8133.95,0,24401.85,18951.52,5450.33,CUST-774,Brand_Оде,Склад-Акт,0,completed
2026-06-06,ORD-10159,Эспандер,Спорттовары,Актобе,Иванов И.,Онлайн,1,1241.49,15,1055.27,696.95,358.31,CUST-526,Brand_Спо,Склад-Акт,0,completed
2026-06-03,ORD-10160,Наушники Air,Электроника,Актобе,Смирнова А.,Маркетплейс,1,61642.92,20,49314.34,25592.84,23721.5,CUST-161,Brand_Эле,Склад-Акт,0,completed
2025-10-10,ORD-10161,Кровать двуспальная,Мебель,Караганда,Козлов В.,Офлайн-магазин,3,27284.85,0,81854.56,60948.41,20906.14,CUST-981,Brand_Меб,Склад-Кар,0,completed
2026-01-14,ORD-10162,Стол письменный,Мебель,Шымкент,Лебедева Е.,Онлайн,1,26683.55,0,26683.55,13528.26,13155.29,CUST-199,Brand_Меб,Склад-Шым,0,completed
2025-08-16,ORD-10163,Сыр пармезан,Продукты,Актобе,Козлов В.,Офлайн-магазин,3,1810.16,15,4615.91,2196.87,2419.04,CUST-627,Brand_Про,Склад-Акт,0,completed
2026-03-18,ORD-10164,Диван угловой,Мебель,Караганда,Иванов И.,Онлайн,3,31542.73,0,94628.19,46963.16,47665.03,CUST-149,Brand_Меб,Склад-Кар,0,completed
2025-08-16,ORD-10165,Сыр пармезан,Продукты,Актобе,Козлов В.,Маркетплейс,1,1352.62,20,1082.1,490.81,591.29,CUST-474,Brand_Про,Склад-Акт,0,completed
2026-02-13,ORD-10166,Кофе зерновой,Продукты,Караганда,Иванов И.,Офлайн-магазин,9,1019.44,0,9174.94,5087.87,4087.07,CUST-663,Brand_Про,Склад-Кар,0,completed
2025-12-12,ORD-10167,Скакалка,Спорттовары,Алматы,Петров П.,Онлайн,6,4432.75,15,22607.0,14087.16,8519.84,CUST-247,Brand_Спо,Склад-Алм,0,completed
2025-10-31,ORD-10168,Скакалка,Спорттовары,Караганда,Лебедева Е.,Онлайн,1,849.63,0,849.63,453.03,396.59,CUST-567,Brand_Спо,Склад-Кар,0,completed
2025-10-06,ORD-10169,Скакалка,Спорттовары,Астана,Смирнова А.,Маркетплейс,7,1692.99,15,10073.3,6421.62,3651.67,CUST-621,Brand_Спо,Склад-Аст,0,completed
2026-04-20,ORD-10170,Шкаф-купе,Мебель,Шымкент,Козлов В.,Онлайн,2,24725.86,0,49451.72,39163.74,10287.97,CUST-915,Brand_Меб,Склад-Шым,0,completed
2026-07-09,ORD-10171,Смарт-часы,Электроника,Караганда,Смирнова А.,Офлайн-магазин,1,91433.2,0,91433.2,42809.47,48623.73,CUST-734,Brand_Эле,Склад-Кар,0,completed
2026-02-01,ORD-10172,Джинсы классика,Одежда,Алматы,Лебедева Е.,Онлайн,1,4093.2,0,4093.2,2322.94,1770.26,CUST-308,Brand_Оде,Склад-Алм,0,completed
2026-02-17,ORD-10173,Скакалка,Спорттовары,Караганда,Иванов И.,Офлайн-магазин,4,4911.01,0,19644.05,15700.49,3943.56,CUST-485,Brand_Спо,Склад-Кар,0,completed
2025-12-29,ORD-10174,Кроссовки спорт,Одежда,Актобе,Смирнова А.,Маркетплейс,3,12407.05,0,37221.15,26853.61,10367.54,CUST-595,Brand_Оде,Склад-Акт,0,completed
2025-10-28,ORD-10175,Куртка зимняя,Одежда,Актобе,Смирнова А.,Офлайн-магазин,2,6362.05,20,10179.28,5362.61,4816.67,CUST-914,Brand_Оде,Склад-Акт,0,completed
2025-12-09,ORD-10176,Кофе зерновой,Продукты,Актобе,Лебедева Е.,B2B,6,1009.31,10,5450.28,2813.33,2636.95,CUST-831,Brand_Про,Склад-Акт,0,completed
2025-08-31,ORD-10177,Сыр пармезан,Продукты,Шымкент,Козлов В.,Офлайн-магазин,9,702.1,0,6318.91,3948.1,2370.81,CUST-211,Brand_Про,Склад-Шым,0,completed
2026-06-02,ORD-10178,Гантели 5кг,Спорттовары,Астана,Иванов И.,Офлайн-магазин,1,2343.3,0,2343.3,1246.91,1096.39,CUST-797,Brand_Спо,Склад-Аст,0,completed
2025-09-30,ORD-10179,Смарт-часы,Электроника,Астана,Козлов В.,B2B,3,85962.9,0,257888.71,202588.5,55300.21,CUST-761,Brand_Эле,Склад-Аст,0,completed
2025-08-21,ORD-10180,Смарт-часы,Электроника,Астана,Лебедева Е.,Онлайн,2,29694.49,10,53450.08,41347.33,12102.75,CUST-956,Brand_Эле,Склад-Аст,0,completed
2026-02-10,ORD-10181,Стол письменный,Мебель,Шымкент,Иванов И.,Онлайн,3,20621.68,0,61865.04,47721.58,14143.47,CUST-565,Brand_Меб,Склад-Шым,0,completed
2026-06-15,ORD-10182,Скакалка,Спорттовары,Караганда,Петров П.,B2B,4,2442.11,15,8303.18,3860.96,4442.22,CUST-363,Brand_Спо,Склад-Кар,0,completed
2025-10-25,ORD-10183,Планшет Z,Электроника,Шымкент,Лебедева Е.,Офлайн-магазин,3,29353.02,20,70447.25,51482.56,18964.69,CUST-188,Brand_Эле,Склад-Шым,0,completed
2026-02-12,ORD-10184,Ноутбук Pro,Электроника,Астана,Козлов В.,Маркетплейс,1,36673.75,0,36673.75,18124.48,18549.27,CUST-437,Brand_Эле,Склад-Аст,0,completed
2025-12-23,ORD-10185,Скакалка,Спорттовары,Алматы,Смирнова А.,Маркетплейс,1,2608.86,0,2608.86,1529.2,1079.66,CUST-802,Brand_Спо,Склад-Алм,0,completed
2026-04-05,ORD-10186,Кофе зерновой,Продукты,Шымкент,Смирнова А.,Офлайн-магазин,3,678.67,0,2036.0,1184.93,851.06,CUST-482,Brand_Про,Склад-Шым,0,cancelled
2026-02-19,ORD-10187,Мяч фитнес,Спорттовары,Актобе,Петров П.,Офлайн-магазин,9,1161.48,0,10453.31,7124.0,3329.31,CUST-677,Brand_Спо,Склад-Акт,0,completed
2025-09-17,ORD-10188,Смарт-часы,Электроника,Актобе,Петров П.,Офлайн-магазин,2,24316.41,20,38906.25,17371.49,21534.77,CUST-697,Brand_Эле,Склад-Акт,0,completed
2026-03-29,ORD-10189,Смарт-часы,Электроника,Караганда,Иванов И.,B2B,3,18916.8,0,56750.4,35501.03,21249.37,CUST-788,Brand_Эле,Склад-Кар,0,completed
2025-12-26,ORD-10190,Наушники Air,Электроника,Шымкент,Иванов И.,Офлайн-магазин,1,77192.16,0,77192.16,41514.83,35677.32,CUST-161,Brand_Эле,Склад-Шым,0,completed
2025-08-26,ORD-10191,Стул офисный,Мебель,Шымкент,Козлов В.,Офлайн-магазин,3,12891.97,20,30940.74,17010.73,13930.0,CUST-559,Brand_Меб,Склад-Шым,0,completed
2026-01-31,ORD-10192,Стул офисный,Мебель,Актобе,Петров П.,Маркетплейс,1,11004.66,20,8803.73,5383.81,3419.92,CUST-328,Brand_Меб,Склад-Акт,0,completed
2025-07-23,ORD-10193,Планшет Z,Электроника,Караганда,Лебедева Е.,B2B,2,65412.72,10,117742.89,68791.3,48951.59,CUST-293,Brand_Эле,Склад-Кар,0,completed
2025-09-17,ORD-10194,Наушники Air,Электроника,Актобе,Иванов И.,Офлайн-магазин,1,32565.37,0,32565.37,13463.52,19101.85,CUST-820,Brand_Эле,Склад-Акт,0,completed
2025-08-15,ORD-10195,Футболка базовая,Одежда,Караганда,Козлов В.,Офлайн-магазин,1,10222.27,5,9711.15,4428.81,5282.34,CUST-339,Brand_Оде,Склад-Кар,0,cancelled
2026-05-12,ORD-10196,Оливковое масло,Продукты,Актобе,Смирнова А.,Офлайн-магазин,3,745.7,10,2013.39,1138.42,874.97,CUST-670,Brand_Про,Склад-Акт,0,completed
2026-05-20,ORD-10197,Кроссовки спорт,Одежда,Актобе,Козлов В.,Онлайн,3,6744.1,0,20232.31,14452.38,5779.93,CUST-526,Brand_Оде,Склад-Акт,0,completed
2026-02-16,ORD-10198,Куртка зимняя,Одежда,Караганда,Петров П.,B2B,1,4976.8,0,4976.8,3399.31,1577.49,CUST-159,Brand_Оде,Склад-Кар,0,completed
2026-05-05,ORD-10199,Кровать двуспальная,Мебель,Актобе,Лебедева Е.,Офлайн-магазин,1,25202.68,0,25202.68,13410.48,11792.2,CUST-560,Brand_Меб,Склад-Акт,0,completed
2026-01-27,ORD-10200,Смарт-часы,Электроника,Астана,Иванов И.,Маркетплейс,3,56383.65,0,169150.95,70336.18,98814.77,CUST-923,Brand_Эле,Склад-Аст,0,completed
2026-05-18,ORD-10201,Гантели 5кг,Спорттовары,Караганда,Петров П.,Маркетплейс,1,3150.28,0,3150.28,1499.56,1650.72,CUST-864,Brand_Спо,Склад-Кар,0,completed
2026-03-24,ORD-10202,Свитер шерстяной,Одежда,Астана,Козлов В.,Офлайн-магазин,2,11132.92,20,17812.68,10447.14,7365.54,CUST-415,Brand_Оде,Склад-Аст,0,completed
2025-12-02,ORD-10203,Оливковое масло,Продукты,Караганда,Козлов В.,Онлайн,8,2038.32,15,13860.58,10613.5,3247.09,CUST-523,Brand_Про,Склад-Кар,0,completed
2025-08-14,ORD-10204,Гантели 5кг,Спорттовары,Астана,Иванов И.,Маркетплейс,5,3379.95,0,16899.77,8989.77,7910.0,CUST-953,Brand_Спо,Склад-Аст,0,completed
2025-11-24,ORD-10205,Шкаф-купе,Мебель,Шымкент,Смирнова А.,B2B,3,40828.72,0,122486.17,57236.99,65249.18,CUST-273,Brand_Меб,Склад-Шым,0,completed
2025-10-01,ORD-10206,Мяч фитнес,Спорттовары,Астана,Лебедева Е.,Онлайн,1,5038.8,5,4786.86,3724.54,1062.32,CUST-882,Brand_Спо,Склад-Аст,0,completed
2025-07-25,ORD-10207,Стол письменный,Мебель,Астана,Иванов И.,Офлайн-магазин,1,3783.91,0,3783.91,2078.43,1705.48,CUST-782,Brand_Меб,Склад-Аст,0,completed
2026-06-02,ORD-10208,Кровать двуспальная,Мебель,Алматы,Иванов И.,B2B,1,3970.48,0,3970.48,2024.53,1945.95,CUST-117,Brand_Меб,Склад-Алм,0,cancelled
2026-04-05,ORD-10209,Стол письменный,Мебель,Алматы,Иванов И.,Офлайн-магазин,1,26032.05,0,26032.05,13041.21,12990.85,CUST-914,Brand_Меб,Склад-Алм,0,completed
2026-02-10,ORD-10210,Планшет Z,Электроника,Караганда,Козлов В.,Офлайн-магазин,1,101890.7,0,101890.7,74505.01,27385.69,CUST-978,Brand_Эле,Склад-Кар,0,completed
2026-06-19,ORD-10211,Смартфон X,Электроника,Караганда,Козлов В.,B2B,2,86237.16,0,172474.32,69641.69,102832.63,CUST-611,Brand_Эле,Склад-Кар,0,completed
2026-03-01,ORD-10212,Оливковое масло,Продукты,Алматы,Лебедева Е.,Онлайн,4,733.92,20,2348.54,1194.09,1154.45,CUST-800,Brand_Про,Склад-Алм,4,returned
2025-12-12,ORD-10213,Скакалка,Спорттовары,Алматы,Петров П.,Маркетплейс,4,668.91,0,2675.63,1875.35,800.28,CUST-507,Brand_Спо,Склад-Алм,0,completed
2025-08-30,ORD-10214,Чай зеленый,Продукты,Актобе,Петров П.,B2B,9,1536.0,0,13823.98,9707.81,4116.18,CUST-805,Brand_Про,Склад-Акт,0,completed
2025-08-31,ORD-10215,Эспандер,Спорттовары,Алматы,Иванов И.,B2B,2,2583.23,0,5166.46,3655.8,1510.66,CUST-506,Brand_Спо,Склад-Алм,0,cancelled
2026-01-05,ORD-10216,Планшет Z,Электроника,Караганда,Козлов В.,Офлайн-магазин,3,47645.44,20,114349.06,54235.2,60113.85,CUST-489,Brand_Эле,Склад-Кар,0,completed
2025-09-03,ORD-10217,Эспандер,Спорттовары,Астана,Иванов И.,Онлайн,3,2631.18,0,7893.53,5632.48,2261.05,CUST-498,Brand_Спо,Склад-Аст,0,completed
2025-12-31,ORD-10218,Кофе зерновой,Продукты,Алматы,Иванов И.,Маркетплейс,6,1056.12,5,6019.91,2727.04,3292.87,CUST-559,Brand_Про,Склад-Алм,0,completed
2026-05-03,ORD-10219,Скакалка,Спорттовары,Караганда,Иванов И.,Онлайн,6,1244.1,0,7464.62,4768.17,2696.45,CUST-984,Brand_Спо,Склад-Кар,0,completed
2026-02-04,ORD-10220,Планшет Z,Электроника,Караганда,Козлов В.,Онлайн,1,96471.8,0,96471.8,45132.71,51339.09,CUST-242,Brand_Эле,Склад-Кар,0,completed
2025-12-06,ORD-10221,Шоколад горький,Продукты,Караганда,Петров П.,Онлайн,7,440.79,0,3085.56,1604.19,1481.37,CUST-469,Brand_Про,Склад-Кар,0,completed
2025-11-27,ORD-10222,Кроссовки спорт,Одежда,Актобе,Лебедева Е.,Офлайн-магазин,1,9084.39,0,9084.39,3658.35,5426.04,CUST-961,Brand_Оде,Склад-Акт,0,completed
2026-06-04,ORD-10223,Диван угловой,Мебель,Караганда,Смирнова А.,B2B,3,38301.37,0,114904.12,60699.94,54204.17,CUST-305,Brand_Меб,Склад-Кар,3,returned
2026-03-24,ORD-10224,Чай зеленый,Продукты,Караганда,Смирнова А.,Маркетплейс,8,1624.54,10,11696.66,6203.37,5493.28,CUST-904,Brand_Про,Склад-Кар,0,completed
2026-02-08,ORD-10225,Кофе зерновой,Продукты,Актобе,Петров П.,Офлайн-магазин,9,1769.8,0,15928.17,11004.54,4923.63,CUST-314,Brand_Про,Склад-Акт,9,returned
2026-03-03,ORD-10226,Кофе зерновой,Продукты,Караганда,Козлов В.,Офлайн-магазин,5,1506.62,0,7533.11,4997.96,2535.15,CUST-908,Brand_Про,Склад-Кар,0,completed
2026-01-31,ORD-10227,Наушники Air,Электроника,Актобе,Козлов В.,B2B,3,66952.6,20,160686.25,99217.02,61469.23,CUST-468,Brand_Эле,Склад-Акт,0,completed
2026-07-16,ORD-10228,Скакалка,Спорттовары,Алматы,Иванов И.,Офлайн-магазин,3,3164.22,0,9492.67,3965.27,5527.41,CUST-793,Brand_Спо,Склад-Алм,0,cancelled
2026-06-18,ORD-10229,Диван угловой,Мебель,Караганда,Иванов И.,Онлайн,2,10105.04,0,20210.07,14121.61,6088.46,CUST-804,Brand_Меб,Склад-Кар,0,completed
2026-05-12,ORD-10230,Кроссовки спорт,Одежда,Шымкент,Козлов В.,B2B,3,12656.76,0,37970.27,22789.24,15181.03,CUST-125,Brand_Оде,Склад-Шым,0,completed
2026-03-26,ORD-10231,Планшет Z,Электроника,Караганда,Иванов И.,Онлайн,2,24079.17,0,48158.34,28034.56,20123.78,CUST-594,Brand_Эле,Склад-Кар,0,completed
2026-01-16,ORD-10232,Стул офисный,Мебель,Караганда,Козлов В.,Маркетплейс,2,7435.73,0,14871.46,10176.72,4694.75,CUST-451,Brand_Меб,Склад-Кар,0,completed
2026-06-18,ORD-10233,Ноутбук Pro,Электроника,Астана,Лебедева Е.,Офлайн-магазин,1,72299.59,0,72299.59,41250.37,31049.22,CUST-916,Brand_Эле,Склад-Аст,0,completed
2026-02-14,ORD-10234,Джинсы классика,Одежда,Караганда,Козлов В.,Онлайн,3,15885.49,20,38125.18,24281.22,13843.97,CUST-821,Brand_Оде,Склад-Кар,0,completed
2025-11-08,ORD-10235,Куртка зимняя,Одежда,Алматы,Лебедева Е.,Онлайн,3,14992.76,0,44978.29,23856.21,21122.08,CUST-368,Brand_Оде,Склад-Алм,0,completed
2026-06-30,ORD-10236,Шкаф-купе,Мебель,Шымкент,Лебедева Е.,B2B,2,34341.33,0,68682.66,37031.62,31651.04,CUST-732,Brand_Меб,Склад-Шым,0,completed
2025-10-18,ORD-10237,Оливковое масло,Продукты,Актобе,Иванов И.,Офлайн-магазин,2,856.68,0,1713.36,765.49,947.87,CUST-244,Brand_Про,Склад-Акт,0,completed
2026-04-09,ORD-10238,Кровать двуспальная,Мебель,Актобе,Петров П.,B2B,1,28690.73,0,28690.73,17643.41,11047.32,CUST-277,Brand_Меб,Склад-Акт,1,returned
2026-05-02,ORD-10239,Кроссовки спорт,Одежда,Шымкент,Петров П.,Офлайн-магазин,2,6678.59,0,13357.17,9967.24,3389.93,CUST-596,Brand_Оде,Склад-Шым,0,cancelled
2025-09-29,ORD-10240,Кроссовки спорт,Одежда,Актобе,Лебедева Е.,B2B,3,7092.52,0,21277.56,14555.07,6722.5,CUST-271,Brand_Оде,Склад-Акт,0,completed
2025-09-02,ORD-10241,Коврик для йоги,Спорттовары,Астана,Смирнова А.,Онлайн,4,2719.44,0,10877.74,5082.99,5794.75,CUST-860,Brand_Спо,Склад-Аст,0,completed
2026-04-01,ORD-10242,Скакалка,Спорттовары,Алматы,Лебедева Е.,Онлайн,9,2830.04,15,21649.83,13353.99,8295.84,CUST-878,Brand_Спо,Склад-Алм,0,completed
2026-03-04,ORD-10243,Гантели 5кг,Спорттовары,Караганда,Иванов И.,Офлайн-магазин,1,3192.36,0,3192.36,1722.06,1470.3,CUST-549,Brand_Спо,Склад-Кар,0,completed
2025-09-20,ORD-10244,Джинсы классика,Одежда,Актобе,Смирнова А.,B2B,3,3272.61,0,9817.83,4738.55,5079.27,CUST-160,Brand_Оде,Склад-Акт,0,completed
2026-05-09,ORD-10245,Оливковое масло,Продукты,Шымкент,Лебедева Е.,Офлайн-магазин,5,833.17,0,4165.83,2111.81,2054.02,CUST-795,Brand_Про,Склад-Шым,0,completed
2025-09-08,ORD-10246,Кроссовки спорт,Одежда,Алматы,Смирнова А.,Офлайн-магазин,1,11898.7,0,11898.7,8145.35,3753.35,CUST-879,Brand_Оде,Склад-Алм,0,completed
2026-07-03,ORD-10247,Кровать двуспальная,Мебель,Астана,Лебедева Е.,Маркетплейс,2,41259.94,0,82519.89,35500.59,47019.29,CUST-887,Brand_Меб,Склад-Аст,0,completed
2025-09-07,ORD-10248,Шкаф-купе,Мебель,Шымкент,Смирнова А.,B2B,2,41160.27,0,82320.53,61539.79,20780.74,CUST-195,Brand_Меб,Склад-Шым,0,completed
2026-03-13,ORD-10249,Кофе зерновой,Продукты,Актобе,Козлов В.,Офлайн-магазин,4,1122.7,0,4490.79,2376.28,2114.51,CUST-660,Brand_Про,Склад-Акт,0,completed
2026-05-13,ORD-10250,Свитер шерстяной,Одежда,Караганда,Смирнова А.,Онлайн,1,1531.09,0,1531.09,1124.86,406.23,CUST-978,Brand_Оде,Склад-Кар,0,completed
2025-10-10,ORD-10251,Кровать двуспальная,Мебель,Алматы,Козлов В.,Офлайн-магазин,1,52544.39,15,44662.74,20705.24,23957.49,CUST-380,Brand_Меб,Склад-Алм,1,returned
2025-09-07,ORD-10252,Шоколад горький,Продукты,Алматы,Смирнова А.,Офлайн-магазин,7,370.94,0,2596.57,1792.66,803.91,CUST-539,Brand_Про,Склад-Алм,0,completed
2026-06-22,ORD-10253,Смартфон X,Электроника,Алматы,Петров П.,B2B,1,16785.9,0,16785.9,10202.09,6583.8,CUST-108,Brand_Эле,Склад-Алм,0,completed
2026-07-13,ORD-10254,Кофе зерновой,Продукты,Караганда,Петров П.,B2B,4,292.58,0,1170.33,810.22,360.1,CUST-420,Brand_Про,Склад-Кар,0,completed
2026-01-26,ORD-10255,Чай зеленый,Продукты,Караганда,Петров П.,Офлайн-магазин,9,323.54,0,2911.82,1875.59,1036.24,CUST-459,Brand_Про,Склад-Кар,0,completed
2025-11-08,ORD-10256,Кроссовки спорт,Одежда,Актобе,Козлов В.,Офлайн-магазин,1,2726.59,0,2726.59,1224.96,1501.64,CUST-459,Brand_Оде,Склад-Акт,0,completed
2026-02-26,ORD-10257,Чай зеленый,Продукты,Астана,Смирнова А.,Онлайн,9,657.9,0,5921.07,4076.49,1844.58,CUST-807,Brand_Про,Склад-Аст,0,completed
2025-08-04,ORD-10258,Чай зеленый,Продукты,Актобе,Лебедева Е.,Офлайн-магазин,7,1807.83,0,12654.78,5338.13,7316.64,CUST-345,Brand_Про,Склад-Акт,0,completed
2026-04-01,ORD-10259,Стул офисный,Мебель,Астана,Козлов В.,Онлайн,1,40535.25,15,34454.96,15600.97,18853.99,CUST-682,Brand_Меб,Склад-Аст,0,completed
2026-02-22,ORD-10260,Оливковое масло,Продукты,Астана,Козлов В.,Онлайн,10,212.31,0,2123.1,1071.9,1051.2,CUST-161,Brand_Про,Склад-Аст,0,completed
2026-02-10,ORD-10261,Эспандер,Спорттовары,Актобе,Козлов В.,B2B,2,3772.41,0,7544.82,4640.53,2904.29,CUST-185,Brand_Спо,Склад-Акт,0,completed
2025-12-27,ORD-10262,Смарт-часы,Электроника,Астана,Петров П.,Маркетплейс,3,37992.86,0,113978.59,83638.7,30339.89,CUST-167,Brand_Эле,Склад-Аст,0,completed
2025-12-27,ORD-10263,Стол письменный,Мебель,Алматы,Петров П.,Онлайн,1,28249.84,0,28249.84,18179.7,10070.14,CUST-859,Brand_Меб,Склад-Алм,0,completed
2026-06-23,ORD-10264,Футболка базовая,Одежда,Алматы,Петров П.,Онлайн,2,3590.95,15,6104.62,2849.55,3255.07,CUST-899,Brand_Оде,Склад-Алм,0,completed
2025-12-06,ORD-10265,Смартфон X,Электроника,Шымкент,Козлов В.,Маркетплейс,1,64470.58,0,64470.58,50933.06,13537.52,CUST-608,Brand_Эле,Склад-Шым,0,completed
2026-03-12,ORD-10266,Эспандер,Спорттовары,Алматы,Козлов В.,Офлайн-магазин,3,4085.3,0,12255.91,5406.84,6849.07,CUST-840,Brand_Спо,Склад-Алм,0,completed
2025-09-19,ORD-10267,Свитер шерстяной,Одежда,Алматы,Иванов И.,Онлайн,1,4290.07,0,4290.07,2373.23,1916.84,CUST-978,Brand_Оде,Склад-Алм,0,completed
2025-08-09,ORD-10268,Мяч фитнес,Спорттовары,Астана,Смирнова А.,Офлайн-магазин,6,3736.99,0,22421.92,9667.32,12754.6,CUST-614,Brand_Спо,Склад-Аст,0,completed
2026-07-01,ORD-10269,Ноутбук Pro,Электроника,Астана,Лебедева Е.,Онлайн,1,58302.41,15,49557.05,35156.32,14400.73,CUST-188,Brand_Эле,Склад-Аст,0,completed
2026-05-01,ORD-10270,Стул офисный,Мебель,Шымкент,Петров П.,Маркетплейс,2,45706.74,10,82272.14,48176.15,34095.99,CUST-605,Brand_Меб,Склад-Шым,0,completed
2025-10-30,ORD-10271,Гантели 5кг,Спорттовары,Астана,Иванов И.,B2B,4,595.21,0,2380.83,1557.96,822.87,CUST-109,Brand_Спо,Склад-Аст,0,completed
2026-01-09,ORD-10272,Наушники Air,Электроника,Шымкент,Иванов И.,Офлайн-магазин,1,83101.94,0,83101.94,65191.31,17910.63,CUST-245,Brand_Эле,Склад-Шым,0,cancelled
2026-07-21,ORD-10273,Кофе зерновой,Продукты,Алматы,Петров П.,B2B,6,1636.67,0,9820.04,6865.78,2954.26,CUST-617,Brand_Про,Склад-Алм,0,completed
2025-09-28,ORD-10274,Стул офисный,Мебель,Актобе,Лебедева Е.,Онлайн,3,28414.56,10,76719.31,39638.6,37080.71,CUST-920,Brand_Меб,Склад-Акт,0,completed
2026-02-08,ORD-10275,Шоколад горький,Продукты,Караганда,Смирнова А.,Офлайн-магазин,4,368.27,0,1473.06,1043.02,430.05,CUST-208,Brand_Про,Склад-Кар,0,completed
2025-10-14,ORD-10276,Кровать двуспальная,Мебель,Шымкент,Козлов В.,Онлайн,2,38880.86,10,69985.54,40645.28,29340.26,CUST-972,Brand_Меб,Склад-Шым,0,completed
2025-09-21,ORD-10277,Ноутбук Pro,Электроника,Шымкент,Лебедева Е.,Онлайн,2,31191.3,0,62382.6,42698.58,19684.02,CUST-505,Brand_Эле,Склад-Шым,0,cancelled
2026-04-10,ORD-10278,Планшет Z,Электроника,Шымкент,Петров П.,Онлайн,2,58408.88,0,116817.76,72432.66,44385.1,CUST-204,Brand_Эле,Склад-Шым,0,completed
2025-10-01,ORD-10279,Смартфон X,Электроника,Алматы,Петров П.,Офлайн-магазин,2,29775.72,0,59551.44,38834.63,20716.81,CUST-696,Brand_Эле,Склад-Алм,0,completed
2026-05-18,ORD-10280,Кофе зерновой,Продукты,Алматы,Иванов И.,Офлайн-магазин,8,1539.28,5,11698.51,8914.63,2783.88,CUST-439,Brand_Про,Склад-Алм,0,completed
2025-09-22,ORD-10281,Наушники Air,Электроника,Алматы,Петров П.,B2B,2,106570.13,0,213140.26,117886.12,95254.13,CUST-462,Brand_Эле,Склад-Алм,0,completed
2025-11-08,ORD-10282,Куртка зимняя,Одежда,Шымкент,Козлов В.,Офлайн-магазин,3,1815.53,0,5446.59,2714.11,2732.48,CUST-521,Brand_Оде,Склад-Шым,0,completed
2026-04-29,ORD-10283,Стул офисный,Мебель,Алматы,Смирнова А.,B2B,2,10508.49,0,21016.98,15843.88,5173.1,CUST-745,Brand_Меб,Склад-Алм,0,completed
2026-04-26,ORD-10284,Наушники Air,Электроника,Шымкент,Козлов В.,B2B,3,60778.0,0,182334.01,101259.65,81074.36,CUST-426,Brand_Эле,Склад-Шым,0,completed
2026-05-23,ORD-10285,Футболка базовая,Одежда,Шымкент,Иванов И.,B2B,2,7785.55,10,14013.99,11065.33,2948.66,CUST-772,Brand_Оде,Склад-Шым,0,completed
2025-11-22,ORD-10286,Оливковое масло,Продукты,Алматы,Петров П.,B2B,3,911.94,0,2735.83,1742.75,993.09,CUST-814,Brand_Про,Склад-Алм,0,completed
2026-01-21,ORD-10287,Коврик для йоги,Спорттовары,Шымкент,Лебедева Е.,Офлайн-магазин,8,2162.13,0,17297.07,8133.48,9163.6,CUST-157,Brand_Спо,Склад-Шым,0,completed
2025-11-18,ORD-10288,Гантели 5кг,Спорттовары,Алматы,Лебедева Е.,B2B,6,519.19,10,2803.63,2025.84,777.79,CUST-281,Brand_Спо,Склад-Алм,0,completed
2026-01-03,ORD-10289,Смартфон X,Электроника,Астана,Лебедева Е.,Офлайн-магазин,3,18321.37,5,52215.9,28689.31,23526.59,CUST-505,Brand_Эле,Склад-Аст,3,returned
2026-05-18,ORD-10290,Планшет Z,Электроника,Шымкент,Смирнова А.,Офлайн-магазин,3,25110.29,20,60264.7,39754.94,20509.76,CUST-675,Brand_Эле,Склад-Шым,0,completed
2026-07-12,ORD-10291,Эспандер,Спорттовары,Астана,Лебедева Е.,Офлайн-магазин,5,3421.57,15,14541.67,6557.41,7984.26,CUST-818,Brand_Спо,Склад-Аст,0,completed
2026-05-11,ORD-10292,Шкаф-купе,Мебель,Алматы,Петров П.,Маркетплейс,1,40528.78,0,40528.78,17899.3,22629.49,CUST-439,Brand_Меб,Склад-Алм,0,completed
2025-08-30,ORD-10293,Куртка зимняя,Одежда,Шымкент,Петров П.,Онлайн,3,15690.69,0,47072.08,32560.44,14511.65,CUST-111,Brand_Оде,Склад-Шым,0,completed
2025-12-04,ORD-10294,Джинсы классика,Одежда,Алматы,Смирнова А.,Маркетплейс,1,14390.04,5,13670.54,7578.6,6091.93,CUST-270,Brand_Оде,Склад-Алм,0,completed
2026-02-18,ORD-10295,Кровать двуспальная,Мебель,Шымкент,Лебедева Е.,B2B,2,8978.55,10,16161.39,7516.06,8645.33,CUST-966,Brand_Меб,Склад-Шым,0,completed
2025-08-08,ORD-10296,Кофе зерновой,Продукты,Шымкент,Смирнова А.,Онлайн,6,382.58,0,2295.46,1262.92,1032.53,CUST-660,Brand_Про,Склад-Шым,0,completed
2025-09-07,ORD-10297,Оливковое масло,Продукты,Актобе,Козлов В.,Онлайн,3,1116.28,0,3348.84,1921.16,1427.68,CUST-439,Brand_Про,Склад-Акт,0,completed
2025-11-04,ORD-10298,Кроссовки спорт,Одежда,Актобе,Лебедева Е.,Маркетплейс,2,12784.05,0,25568.09,11208.19,14359.9,CUST-662,Brand_Оде,Склад-Акт,0,completed
2026-03-30,ORD-10299,Футболка базовая,Одежда,Шымкент,Иванов И.,B2B,2,2588.31,20,4141.3,1987.29,2154.02,CUST-274,Brand_Оде,Склад-Шым,0,completed
2026-06-13,ORD-10300,Кофе зерновой,Продукты,Караганда,Иванов И.,Маркетплейс,7,1657.2,0,11600.4,8792.54,2807.87,CUST-757,Brand_Про,Склад-Кар,0,completed
2026-04-26,ORD-10301,Стол письменный,Мебель,Шымкент,Козлов В.,Маркетплейс,2,14374.01,0,28748.02,16555.88,12192.15,CUST-957,Brand_Меб,Склад-Шым,0,completed
2025-12-06,ORD-10302,Коврик для йоги,Спорттовары,Астана,Иванов И.,Онлайн,9,3563.8,0,32074.22,22534.8,9539.43,CUST-162,Brand_Спо,Склад-Аст,0,completed
2026-02-05,ORD-10303,Мяч фитнес,Спорттовары,Актобе,Козлов В.,Офлайн-магазин,5,4669.62,0,23348.12,17770.51,5577.61,CUST-614,Brand_Спо,Склад-Акт,0,completed
2026-05-10,ORD-10304,Скакалка,Спорттовары,Актобе,Петров П.,Онлайн,3,4169.27,10,11257.02,8880.28,2376.74,CUST-229,Brand_Спо,Склад-Акт,0,completed
2025-08-12,ORD-10305,Стул офисный,Мебель,Караганда,Петров П.,Офлайн-магазин,2,42489.74,0,84979.48,58707.33,26272.15,CUST-189,Brand_Меб,Склад-Кар,0,completed
2026-02-05,ORD-10306,Мяч фитнес,Спорттовары,Актобе,Смирнова А.,Маркетплейс,8,5364.79,5,40772.37,29136.76,11635.61,CUST-635,Brand_Спо,Склад-Акт,0,completed
2026-02-21,ORD-10307,Наушники Air,Электроника,Астана,Петров П.,Онлайн,3,17730.18,15,45211.97,33772.89,11439.08,CUST-998,Brand_Эле,Склад-Аст,0,completed
2026-02-17,ORD-10308,Сыр пармезан,Продукты,Караганда,Лебедева Е.,B2B,3,291.1,0,873.3,399.57,473.73,CUST-810,Brand_Про,Склад-Кар,0,completed
2026-02-12,ORD-10309,Наушники Air,Электроника,Шымкент,Петров П.,Онлайн,2,65926.51,5,125260.36,67032.64,58227.73,CUST-418,Brand_Эле,Склад-Шым,0,completed
2025-12-12,ORD-10310,Стул офисный,Мебель,Астана,Петров П.,Маркетплейс,2,31341.57,0,62683.14,35523.11,27160.04,CUST-292,Brand_Меб,Склад-Аст,0,completed
2026-03-05,ORD-10311,Кроссовки спорт,Одежда,Караганда,Лебедева Е.,Маркетплейс,1,16038.84,0,16038.84,7435.43,8603.41,CUST-618,Brand_Оде,Склад-Кар,0,completed
2026-02-13,ORD-10312,Свитер шерстяной,Одежда,Актобе,Иванов И.,Офлайн-магазин,1,4501.21,10,4051.09,1674.02,2377.06,CUST-469,Brand_Оде,Склад-Акт,0,completed
2026-07-17,ORD-10313,Куртка зимняя,Одежда,Шымкент,Козлов В.,B2B,1,12338.21,0,12338.21,6129.32,6208.9,CUST-556,Brand_Оде,Склад-Шым,0,completed
2025-10-20,ORD-10314,Шкаф-купе,Мебель,Актобе,Смирнова А.,Маркетплейс,2,15506.59,5,29462.53,15144.56,14317.97,CUST-266,Brand_Меб,Склад-Акт,0,completed
2026-05-10,ORD-10315,Джинсы классика,Одежда,Астана,Петров П.,Маркетплейс,2,11699.52,0,23399.04,17452.22,5946.82,CUST-798,Brand_Оде,Склад-Аст,0,cancelled
2025-07-26,ORD-10316,Стол письменный,Мебель,Астана,Лебедева Е.,Онлайн,2,18868.6,0,37737.2,29329.43,8407.77,CUST-826,Brand_Меб,Склад-Аст,0,completed
2026-06-16,ORD-10317,Сыр пармезан,Продукты,Караганда,Смирнова А.,B2B,4,693.78,0,2775.14,1861.78,913.36,CUST-506,Brand_Про,Склад-Кар,0,completed
2026-05-17,ORD-10318,Смартфон X,Электроника,Актобе,Смирнова А.,Маркетплейс,3,45551.25,0,136653.76,58150.93,78502.83,CUST-755,Brand_Эле,Склад-Акт,0,cancelled
2026-01-04,ORD-10319,Шоколад горький,Продукты,Шымкент,Петров П.,Офлайн-магазин,4,1242.61,20,3976.37,2641.15,1335.22,CUST-838,Brand_Про,Склад-Шым,0,completed
2025-08-04,ORD-10320,Диван угловой,Мебель,Шымкент,Козлов В.,B2B,3,28720.91,0,86162.72,58868.74,27293.97,CUST-294,Brand_Меб,Склад-Шым,0,completed
2026-01-13,ORD-10321,Свитер шерстяной,Одежда,Караганда,Смирнова А.,Маркетплейс,1,15734.87,10,14161.38,7328.71,6832.67,CUST-858,Brand_Оде,Склад-Кар,0,completed
2025-12-01,ORD-10322,Гантели 5кг,Спорттовары,Шымкент,Иванов И.,Офлайн-магазин,4,3130.99,15,10645.35,6048.57,4596.78,CUST-480,Brand_Спо,Склад-Шым,0,completed
2025-12-02,ORD-10323,Эспандер,Спорттовары,Караганда,Иванов И.,B2B,10,1135.48,0,11354.75,7360.85,3993.9,CUST-299,Brand_Спо,Склад-Кар,0,completed
2026-04-04,ORD-10324,Наушники Air,Электроника,Актобе,Смирнова А.,B2B,1,10870.13,0,10870.13,5218.95,5651.18,CUST-683,Brand_Эле,Склад-Акт,0,completed
2026-03-13,ORD-10325,Куртка зимняя,Одежда,Астана,Иванов И.,B2B,3,5665.97,15,14448.22,9446.24,5001.98,CUST-380,Brand_Оде,Склад-Аст,0,completed
2025-11-06,ORD-10326,Свитер шерстяной,Одежда,Астана,Козлов В.,Онлайн,3,3481.33,0,10443.99,5971.5,4472.49,CUST-588,Brand_Оде,Склад-Аст,0,completed
2026-02-03,ORD-10327,Смартфон X,Электроника,Актобе,Петров П.,Маркетплейс,2,7386.89,10,13296.41,5413.85,7882.56,CUST-851,Brand_Эле,Склад-Акт,0,completed
2025-11-26,ORD-10328,Куртка зимняя,Одежда,Шымкент,Петров П.,Онлайн,3,7738.61,0,23215.83,10837.34,12378.49,CUST-405,Brand_Оде,Склад-Шым,0,completed
2025-12-17,ORD-10329,Шкаф-купе,Мебель,Актобе,Лебедева Е.,Маркетплейс,3,33394.26,15,85155.37,67992.78,17162.59,CUST-868,Brand_Меб,Склад-Акт,0,completed
2025-10-26,ORD-10330,Кроссовки спорт,Одежда,Алматы,Петров П.,Офлайн-магазин,1,12897.19,0,12897.19,5271.92,7625.26,CUST-226,Brand_Оде,Склад-Алм,0,completed
2026-01-25,ORD-10331,Наушники Air,Электроника,Шымкент,Лебедева Е.,Онлайн,1,75412.61,0,75412.61,49879.94,25532.67,CUST-806,Brand_Эле,Склад-Шым,0,completed
2025-09-19,ORD-10332,Кровать двуспальная,Мебель,Караганда,Иванов И.,Маркетплейс,3,34348.42,0,103045.25,69872.6,33172.66,CUST-408,Brand_Меб,Склад-Кар,0,completed
2026-02-22,ORD-10333,Смарт-часы,Электроника,Шымкент,Лебедева Е.,Офлайн-магазин,1,55840.07,0,55840.07,36132.95,19707.12,CUST-903,Brand_Эле,Склад-Шым,0,completed
2025-09-14,ORD-10334,Стол письменный,Мебель,Актобе,Петров П.,Маркетплейс,1,40919.64,0,40919.64,23074.68,17844.95,CUST-661,Brand_Меб,Склад-Акт,0,completed
2026-04-02,ORD-10335,Кроссовки спорт,Одежда,Шымкент,Петров П.,Онлайн,3,1190.24,0,3570.71,1586.01,1984.7,CUST-605,Brand_Оде,Склад-Шым,0,completed
2025-10-06,ORD-10336,Смарт-часы,Электроника,Алматы,Иванов И.,Маркетплейс,1,82069.6,0,82069.6,64910.19,17159.41,CUST-151,Brand_Эле,Склад-Алм,0,completed
2025-09-11,ORD-10337,Футболка базовая,Одежда,Шымкент,Смирнова А.,Маркетплейс,3,7722.57,0,23167.7,17155.64,6012.06,CUST-109,Brand_Оде,Склад-Шым,0,completed
2025-09-30,ORD-10338,Куртка зимняя,Одежда,Шымкент,Козлов В.,Маркетплейс,1,13547.22,0,13547.22,7276.07,6271.16,CUST-509,Brand_Оде,Склад-Шым,0,completed
2026-03-12,ORD-10339,Сыр пармезан,Продукты,Караганда,Козлов В.,Офлайн-магазин,3,406.7,0,1220.11,516.67,703.44,CUST-263,Brand_Про,Склад-Кар,3,returned
2025-09-13,ORD-10340,Шкаф-купе,Мебель,Караганда,Лебедева Е.,B2B,3,13655.62,0,40966.85,22263.01,18703.85,CUST-800,Brand_Меб,Склад-Кар,0,completed
2025-09-26,ORD-10341,Кровать двуспальная,Мебель,Алматы,Козлов В.,B2B,1,6158.5,0,6158.5,3237.5,2921.01,CUST-794,Brand_Меб,Склад-Алм,0,completed
2026-04-16,ORD-10342,Скакалка,Спорттовары,Астана,Смирнова А.,Онлайн,4,4144.09,0,16576.36,11031.3,5545.05,CUST-252,Brand_Спо,Склад-Аст,0,completed
2026-05-03,ORD-10343,Коврик для йоги,Спорттовары,Алматы,Петров П.,B2B,3,4329.78,0,12989.35,7750.21,5239.13,CUST-384,Brand_Спо,Склад-Алм,0,completed
2025-08-16,ORD-10344,Гантели 5кг,Спорттовары,Актобе,Козлов В.,B2B,2,2310.77,0,4621.55,3329.85,1291.7,CUST-977,Brand_Спо,Склад-Акт,0,completed
2026-04-03,ORD-10345,Диван угловой,Мебель,Алматы,Козлов В.,Онлайн,2,9951.69,0,19903.38,12396.87,7506.51,CUST-193,Brand_Меб,Склад-Алм,0,completed
2026-05-27,ORD-10346,Эспандер,Спорттовары,Актобе,Лебедева Е.,Офлайн-магазин,6,3623.45,0,21740.68,9168.26,12572.42,CUST-565,Brand_Спо,Склад-Акт,0,completed
2026-01-07,ORD-10347,Скакалка,Спорттовары,Актобе,Козлов В.,Маркетплейс,2,3614.88,0,7229.76,4797.41,2432.35,CUST-463,Brand_Спо,Склад-Акт,0,completed
2026-06-11,ORD-10348,Оливковое масло,Продукты,Актобе,Смирнова А.,Онлайн,3,271.95,0,815.85,594.54,221.31,CUST-519,Brand_Про,Склад-Акт,0,completed
2025-09-14,ORD-10349,Оливковое масло,Продукты,Астана,Петров П.,Онлайн,7,1903.48,0,13324.39,9724.43,3599.96,CUST-446,Brand_Про,Склад-Аст,0,completed
2025-09-15,ORD-10350,Стул офисный,Мебель,Актобе,Иванов И.,B2B,3,34000.22,0,102000.65,61371.65,40629.0,CUST-104,Brand_Меб,Склад-Акт,0,cancelled
2026-04-19,ORD-10351,Смарт-часы,Электроника,Караганда,Лебедева Е.,B2B,1,82195.68,0,82195.68,38587.59,43608.09,CUST-206,Brand_Эле,Склад-Кар,0,completed
2026-02-05,ORD-10352,Скакалка,Спорттовары,Шымкент,Лебедева Е.,B2B,10,4265.97,10,38393.77,19559.26,18834.51,CUST-401,Brand_Спо,Склад-Шым,0,cancelled
2026-03-10,ORD-10353,Джинсы классика,Одежда,Караганда,Лебедева Е.,Маркетплейс,3,14575.1,0,43725.3,22980.46,20744.84,CUST-666,Brand_Оде,Склад-Кар,0,completed
2026-06-10,ORD-10354,Джинсы классика,Одежда,Астана,Лебедева Е.,Маркетплейс,2,12225.71,10,22006.27,17440.72,4565.55,CUST-282,Brand_Оде,Склад-Аст,0,completed
2026-04-05,ORD-10355,Эспандер,Спорттовары,Алматы,Смирнова А.,B2B,9,3526.11,0,31734.98,23449.62,8285.35,CUST-635,Brand_Спо,Склад-Алм,0,completed
2025-09-14,ORD-10356,Наушники Air,Электроника,Астана,Иванов И.,Онлайн,2,31143.24,10,56057.83,44477.01,11580.82,CUST-249,Brand_Эле,Склад-Аст,0,completed
2025-08-22,ORD-10357,Чай зеленый,Продукты,Актобе,Иванов И.,Маркетплейс,8,1813.11,0,14504.86,10838.24,3666.62,CUST-985,Brand_Про,Склад-Акт,0,completed
2025-11-13,ORD-10358,Мяч фитнес,Спорттовары,Астана,Лебедева Е.,Маркетплейс,7,912.53,0,6387.7,4999.53,1388.17,CUST-420,Brand_Спо,Склад-Аст,0,cancelled
2026-04-30,ORD-10359,Смартфон X,Электроника,Шымкент,Петров П.,B2B,3,31703.84,15,80844.8,56756.53,24088.27,CUST-717,Brand_Эле,Склад-Шым,0,completed
2025-10-30,ORD-10360,Куртка зимняя,Одежда,Караганда,Петров П.,Онлайн,1,4274.01,5,4060.31,2236.74,1823.57,CUST-669,Brand_Оде,Склад-Кар,0,completed
2025-12-04,ORD-10361,Джинсы классика,Одежда,Актобе,Смирнова А.,Онлайн,2,7398.25,10,13316.85,5539.49,7777.36,CUST-711,Brand_Оде,Склад-Акт,2,returned
2025-08-17,ORD-10362,Эспандер,Спорттовары,Караганда,Лебедева Е.,Маркетплейс,6,1085.07,0,6510.41,5096.32,1414.09,CUST-905,Brand_Спо,Склад-Кар,0,completed
2026-04-06,ORD-10363,Кроссовки спорт,Одежда,Актобе,Лебедева Е.,B2B,2,2606.67,0,5213.34,2530.25,2683.09,CUST-469,Brand_Оде,Склад-Акт,0,completed
2025-12-19,ORD-10364,Свитер шерстяной,Одежда,Актобе,Козлов В.,Онлайн,3,3077.69,0,9233.08,4580.89,4652.19,CUST-736,Brand_Оде,Склад-Акт,0,completed
2025-11-23,ORD-10365,Планшет Z,Электроника,Караганда,Иванов И.,B2B,3,37081.05,5,105680.98,80796.74,24884.24,CUST-483,Brand_Эле,Склад-Кар,0,completed
2026-04-11,ORD-10366,Мяч фитнес,Спорттовары,Караганда,Иванов И.,Маркетплейс,6,2123.54,0,12741.26,9929.07,2812.19,CUST-891,Brand_Спо,Склад-Кар,0,completed
2026-04-23,ORD-10367,Коврик для йоги,Спорттовары,Алматы,Петров П.,Офлайн-магазин,2,3980.01,0,7960.01,5822.74,2137.27,CUST-859,Brand_Спо,Склад-Алм,0,completed
2026-03-01,ORD-10368,Ноутбук Pro,Электроника,Алматы,Козлов В.,Маркетплейс,1,10062.33,0,10062.33,4741.34,5320.99,CUST-172,Brand_Эле,Склад-Алм,0,completed
2026-05-12,ORD-10369,Куртка зимняя,Одежда,Караганда,Козлов В.,B2B,2,10449.57,0,20899.13,8500.86,12398.28,CUST-647,Brand_Оде,Склад-Кар,0,completed
2025-07-25,ORD-10370,Коврик для йоги,Спорттовары,Актобе,Иванов И.,Онлайн,9,3438.41,0,30945.66,22118.62,8827.04,CUST-188,Brand_Спо,Склад-Акт,0,completed
2025-12-13,ORD-10371,Кровать двуспальная,Мебель,Караганда,Иванов И.,B2B,3,13903.55,0,41710.65,29143.29,12567.35,CUST-969,Brand_Меб,Склад-Кар,0,completed
2026-04-27,ORD-10372,Чай зеленый,Продукты,Шымкент,Смирнова А.,Онлайн,9,1526.44,0,13737.94,5724.73,8013.21,CUST-503,Brand_Про,Склад-Шым,0,completed
2026-04-23,ORD-10373,Коврик для йоги,Спорттовары,Шымкент,Петров П.,Маркетплейс,7,2448.3,10,15424.3,7162.76,8261.54,CUST-954,Brand_Спо,Склад-Шым,0,completed
2025-11-28,ORD-10374,Футболка базовая,Одежда,Астана,Лебедева Е.,Онлайн,3,18167.79,0,54503.38,33784.78,20718.6,CUST-168,Brand_Оде,Склад-Аст,0,completed
2025-11-27,ORD-10375,Ноутбук Pro,Электроника,Актобе,Козлов В.,Маркетплейс,1,47834.37,0,47834.37,23621.24,24213.13,CUST-171,Brand_Эле,Склад-Акт,0,completed
2025-10-29,ORD-10376,Сыр пармезан,Продукты,Караганда,Смирнова А.,Маркетплейс,10,1761.32,0,17613.16,11038.96,6574.2,CUST-538,Brand_Про,Склад-Кар,0,completed
2025-10-16,ORD-10377,Планшет Z,Электроника,Астана,Петров П.,B2B,2,42020.54,0,84041.08,58256.37,25784.72,CUST-573,Brand_Эле,Склад-Аст,0,completed
2026-03-07,ORD-10378,Шоколад горький,Продукты,Караганда,Лебедева Е.,Онлайн,10,681.41,0,6814.1,3490.5,3323.6,CUST-651,Brand_Про,Склад-Кар,0,completed
2025-10-30,ORD-10379,Кофе зерновой,Продукты,Алматы,Иванов И.,Онлайн,10,1713.33,0,17133.33,12124.92,5008.41,CUST-137,Brand_Про,Склад-Алм,0,completed
2026-04-30,ORD-10380,Оливковое масло,Продукты,Актобе,Козлов В.,Офлайн-магазин,7,869.31,0,6085.17,4313.52,1771.65,CUST-397,Brand_Про,Склад-Акт,0,completed
2025-09-28,ORD-10381,Шкаф-купе,Мебель,Актобе,Иванов И.,B2B,3,25236.87,0,75710.61,37518.57,38192.04,CUST-728,Brand_Меб,Склад-Акт,0,cancelled
2026-07-07,ORD-10382,Свитер шерстяной,Одежда,Астана,Козлов В.,Офлайн-магазин,3,3099.25,10,8367.97,5810.45,2557.52,CUST-467,Brand_Оде,Склад-Аст,0,completed
2025-08-11,ORD-10383,Кроссовки спорт,Одежда,Астана,Иванов И.,Маркетплейс,1,6681.24,0,6681.24,3225.1,3456.14,CUST-469,Brand_Оде,Склад-Аст,1,returned
2026-02-05,ORD-10384,Кровать двуспальная,Мебель,Алматы,Иванов И.,Маркетплейс,3,9022.78,15,23008.1,16886.77,6121.33,CUST-657,Brand_Меб,Склад-Алм,0,completed
2026-05-09,ORD-10385,Кроссовки спорт,Одежда,Караганда,Смирнова А.,Онлайн,2,9607.35,0,19214.7,14658.83,4555.86,CUST-461,Brand_Оде,Склад-Кар,0,completed
2026-01-14,ORD-10386,Кровать двуспальная,Мебель,Актобе,Иванов И.,Офлайн-магазин,1,32916.78,0,32916.78,19941.53,12975.25,CUST-253,Brand_Меб,Склад-Акт,0,completed
2025-10-25,ORD-10387,Куртка зимняя,Одежда,Актобе,Иванов И.,Офлайн-магазин,2,9255.1,20,14808.16,9922.83,4885.33,CUST-704,Brand_Оде,Склад-Акт,0,completed
2025-10-12,ORD-10388,Стул офисный,Мебель,Астана,Иванов И.,Офлайн-магазин,3,44441.2,0,133323.6,86902.48,46421.12,CUST-686,Brand_Меб,Склад-Аст,0,completed
2025-10-05,ORD-10389,Ноутбук Pro,Электроника,Шымкент,Петров П.,B2B,3,78737.51,0,236212.53,177490.94,58721.59,CUST-941,Brand_Эле,Склад-Шым,0,completed
2025-12-14,ORD-10390,Ноутбук Pro,Электроника,Караганда,Лебедева Е.,B2B,1,62011.83,0,62011.83,34993.69,27018.14,CUST-696,Brand_Эле,Склад-Кар,0,completed
2025-10-23,ORD-10391,Скакалка,Спорттовары,Шымкент,Петров П.,Маркетплейс,10,4421.29,0,44212.95,21749.48,22463.47,CUST-211,Brand_Спо,Склад-Шым,0,completed
2025-07-30,ORD-10392,Свитер шерстяной,Одежда,Актобе,Козлов В.,Офлайн-магазин,1,9478.31,0,9478.31,7209.61,2268.7,CUST-998,Brand_Оде,Склад-Акт,0,completed
2026-04-20,ORD-10393,Коврик для йоги,Спорттовары,Алматы,Козлов В.,Офлайн-магазин,1,5817.53,20,4654.02,2833.45,1820.57,CUST-144,Brand_Спо,Склад-Алм,0,completed
2026-07-14,ORD-10394,Мяч фитнес,Спорттовары,Астана,Козлов В.,B2B,10,3768.59,5,35801.6,20413.92,15387.68,CUST-884,Brand_Спо,Склад-Аст,0,completed
2025-11-18,ORD-10395,Планшет Z,Электроника,Актобе,Лебедева Е.,B2B,1,36971.02,0,36971.02,25785.74,11185.28,CUST-635,Brand_Эле,Склад-Акт,0,completed
2025-09-20,ORD-10396,Коврик для йоги,Спорттовары,Караганда,Петров П.,Маркетплейс,6,3189.61,0,19137.69,10916.68,8221.0,CUST-367,Brand_Спо,Склад-Кар,0,completed
2026-04-22,ORD-10397,Шкаф-купе,Мебель,Шымкент,Лебедева Е.,Маркетплейс,2,54048.97,20,86478.36,53689.4,32788.96,CUST-283,Brand_Меб,Склад-Шым,0,completed
2026-01-27,ORD-10398,Скакалка,Спорттовары,Караганда,Смирнова А.,Маркетплейс,7,3281.97,5,21825.12,15258.5,6566.62,CUST-816,Brand_Спо,Склад-Кар,0,completed
2025-10-12,ORD-10399,Ноутбук Pro,Электроника,Актобе,Козлов В.,Маркетплейс,3,86716.61,0,260149.83,177608.44,82541.39,CUST-751,Brand_Эле,Склад-Акт,0,completed
2025-07-24,ORD-10400,Ноутбук Pro,Электроника,Караганда,Лебедева Е.,B2B,1,13912.9,0,13912.9,7628.92,6283.98,CUST-841,Brand_Эле,Склад-Кар,0,completed
2026-02-03,ORD-10401,Шкаф-купе,Мебель,Актобе,Смирнова А.,Онлайн,3,13617.75,0,40853.24,16516.32,24336.92,CUST-923,Brand_Меб,Склад-Акт,0,completed
2026-04-13,ORD-10402,Чай зеленый,Продукты,Алматы,Лебедева Е.,Офлайн-магазин,3,1459.77,0,4379.3,2381.88,1997.41,CUST-261,Brand_Про,Склад-Алм,0,completed
2025-09-04,ORD-10403,Сыр пармезан,Продукты,Шымкент,Козлов В.,B2B,4,1406.58,0,5626.31,3908.99,1717.32,CUST-192,Brand_Про,Склад-Шым,0,completed
2026-04-29,ORD-10404,Оливковое масло,Продукты,Актобе,Смирнова А.,Маркетплейс,5,1785.84,0,8929.19,7011.4,1917.79,CUST-513,Brand_Про,Склад-Акт,0,completed
2026-05-12,ORD-10405,Планшет Z,Электроника,Астана,Козлов В.,Онлайн,1,83091.93,0,83091.93,44536.14,38555.79,CUST-625,Brand_Эле,Склад-Аст,0,completed
2025-11-30,ORD-10406,Скакалка,Спорттовары,Шымкент,Козлов В.,B2B,4,3984.73,20,12751.15,8576.91,4174.24,CUST-982,Brand_Спо,Склад-Шым,0,completed
2025-08-05,ORD-10407,Стул офисный,Мебель,Шымкент,Иванов И.,B2B,1,43893.03,0,43893.03,21594.14,22298.88,CUST-461,Brand_Меб,Склад-Шым,0,completed
2026-04-12,ORD-10408,Коврик для йоги,Спорттовары,Шымкент,Петров П.,Маркетплейс,7,1276.17,0,8933.18,6507.2,2425.99,CUST-282,Brand_Спо,Склад-Шым,0,completed
2026-03-22,ORD-10409,Шоколад горький,Продукты,Астана,Лебедева Е.,Маркетплейс,4,603.53,0,2414.12,1158.45,1255.66,CUST-993,Brand_Про,Склад-Аст,0,completed
2025-12-04,ORD-10410,Джинсы классика,Одежда,Астана,Петров П.,Маркетплейс,1,3807.98,0,3807.98,1642.74,2165.24,CUST-604,Brand_Оде,Склад-Аст,0,cancelled
2026-06-01,ORD-10411,Смарт-часы,Электроника,Алматы,Козлов В.,Маркетплейс,2,76640.49,0,153280.98,121727.25,31553.73,CUST-989,Brand_Эле,Склад-Алм,0,completed
2025-12-09,ORD-10412,Стол письменный,Мебель,Актобе,Смирнова А.,B2B,3,14861.86,0,44585.59,27210.32,17375.26,CUST-653,Brand_Меб,Склад-Акт,0,completed
2025-08-07,ORD-10413,Эспандер,Спорттовары,Караганда,Петров П.,B2B,9,1675.86,0,15082.76,10191.19,4891.58,CUST-315,Brand_Спо,Склад-Кар,0,completed
2026-02-01,ORD-10414,Коврик для йоги,Спорттовары,Шымкент,Смирнова А.,Маркетплейс,9,2100.56,0,18905.03,9599.28,9305.75,CUST-451,Brand_Спо,Склад-Шым,0,cancelled
2026-01-25,ORD-10415,Кроссовки спорт,Одежда,Караганда,Петров П.,B2B,2,11545.89,0,23091.78,12936.87,10154.91,CUST-685,Brand_Оде,Склад-Кар,0,completed
2025-09-27,ORD-10416,Гантели 5кг,Спорттовары,Алматы,Смирнова А.,Офлайн-магазин,7,4666.67,0,32666.66,23520.48,9146.17,CUST-584,Brand_Спо,Склад-Алм,0,completed
2025-07-26,ORD-10417,Кроссовки спорт,Одежда,Караганда,Петров П.,Маркетплейс,2,14026.39,0,28052.79,17528.94,10523.85,CUST-507,Brand_Оде,Склад-Кар,0,completed
2025-09-10,ORD-10418,Футболка базовая,Одежда,Астана,Смирнова А.,B2B,3,16483.87,0,49451.62,34509.19,14942.44,CUST-468,Brand_Оде,Склад-Аст,0,completed
2026-05-04,ORD-10419,Эспандер,Спорттовары,Шымкент,Иванов И.,B2B,6,1503.08,10,8116.63,5119.5,2997.14,CUST-651,Brand_Спо,Склад-Шым,0,completed
2025-10-19,ORD-10420,Шоколад горький,Продукты,Шымкент,Лебедева Е.,B2B,8,2154.05,20,13785.92,8898.33,4887.58,CUST-248,Brand_Про,Склад-Шым,0,completed
2025-10-15,ORD-10421,Сыр пармезан,Продукты,Актобе,Лебедева Е.,B2B,2,2278.19,0,4556.37,2448.82,2107.55,CUST-768,Brand_Про,Склад-Акт,0,completed
2025-12-18,ORD-10422,Оливковое масло,Продукты,Караганда,Смирнова А.,B2B,6,1754.21,20,8420.21,4762.44,3657.78,CUST-123,Brand_Про,Склад-Кар,0,completed
2025-09-24,ORD-10423,Куртка зимняя,Одежда,Алматы,Петров П.,Офлайн-магазин,1,8234.16,0,8234.16,6379.15,1855.01,CUST-155,Brand_Оде,Склад-Алм,0,completed
2025-08-04,ORD-10424,Шкаф-купе,Мебель,Алматы,Иванов И.,Маркетплейс,1,46314.84,0,46314.84,35784.5,10530.33,CUST-334,Brand_Меб,Склад-Алм,0,completed
2025-11-25,ORD-10425,Сыр пармезан,Продукты,Астана,Петров П.,Офлайн-магазин,1,293.31,0,293.31,218.27,75.04,CUST-587,Brand_Про,Склад-Аст,0,completed
2026-03-18,ORD-10426,Эспандер,Спорттовары,Актобе,Козлов В.,Офлайн-магазин,3,4442.55,0,13327.64,7764.92,5562.73,CUST-998,Brand_Спо,Склад-Акт,0,completed
2026-05-06,ORD-10427,Шкаф-купе,Мебель,Актобе,Смирнова А.,Маркетплейс,3,36936.34,0,110809.01,48292.96,62516.05,CUST-522,Brand_Меб,Склад-Акт,0,completed
2025-12-02,ORD-10428,Куртка зимняя,Одежда,Алматы,Иванов И.,Офлайн-магазин,2,7336.16,0,14672.32,5917.74,8754.58,CUST-873,Brand_Оде,Склад-Алм,2,returned
2026-03-23,ORD-10429,Кофе зерновой,Продукты,Караганда,Смирнова А.,Офлайн-магазин,1,1508.97,0,1508.97,717.41,791.57,CUST-547,Brand_Про,Склад-Кар,0,completed
2026-02-09,ORD-10430,Джинсы классика,Одежда,Караганда,Козлов В.,Офлайн-магазин,1,4679.93,0,4679.93,2320.42,2359.5,CUST-727,Brand_Оде,Склад-Кар,0,completed
2026-07-12,ORD-10431,Шоколад горький,Продукты,Актобе,Смирнова А.,B2B,2,465.7,0,931.41,480.46,450.95,CUST-732,Brand_Про,Склад-Акт,0,completed
2026-03-10,ORD-10432,Оливковое масло,Продукты,Караганда,Петров П.,Маркетплейс,3,232.56,0,697.68,428.37,269.31,CUST-204,Brand_Про,Склад-Кар,0,completed
2025-12-13,ORD-10433,Чай зеленый,Продукты,Караганда,Иванов И.,Офлайн-магазин,3,411.55,0,1234.66,601.13,633.54,CUST-904,Brand_Про,Склад-Кар,0,completed
2026-04-03,ORD-10434,Сыр пармезан,Продукты,Алматы,Смирнова А.,Онлайн,3,2216.5,0,6649.51,4722.89,1926.62,CUST-581,Brand_Про,Склад-Алм,0,completed
2025-10-22,ORD-10435,Куртка зимняя,Одежда,Караганда,Иванов И.,Онлайн,3,13685.66,0,41056.97,29088.46,11968.51,CUST-855,Brand_Оде,Склад-Кар,0,completed
2025-08-08,ORD-10436,Кроссовки спорт,Одежда,Алматы,Лебедева Е.,Офлайн-магазин,2,10170.39,0,20340.77,10675.73,9665.05,CUST-744,Brand_Оде,Склад-Алм,0,completed
2025-08-12,ORD-10437,Скакалка,Спорттовары,Алматы,Смирнова А.,B2B,4,2540.28,0,10161.14,4276.16,5884.97,CUST-215,Brand_Спо,Склад-Алм,0,completed
2025-11-19,ORD-10438,Диван угловой,Мебель,Алматы,Петров П.,Маркетплейс,1,34279.96,0,34279.96,17045.22,17234.74,CUST-695,Brand_Меб,Склад-Алм,0,cancelled
2026-07-10,ORD-10439,Шкаф-купе,Мебель,Астана,Смирнова А.,Онлайн,1,19192.79,0,19192.79,12943.19,6249.6,CUST-877,Brand_Меб,Склад-Аст,0,completed
2026-06-07,ORD-10440,Смартфон X,Электроника,Шымкент,Петров П.,Онлайн,2,22317.43,0,44634.87,35380.73,9254.13,CUST-874,Brand_Эле,Склад-Шым,0,completed
2026-01-15,ORD-10441,Стол письменный,Мебель,Алматы,Козлов В.,Маркетплейс,2,11790.33,20,18864.52,12877.87,5986.65,CUST-655,Brand_Меб,Склад-Алм,0,completed
2026-07-13,ORD-10442,Стол письменный,Мебель,Актобе,Петров П.,Маркетплейс,3,19206.31,0,57618.93,43045.07,14573.86,CUST-981,Brand_Меб,Склад-Акт,0,completed
2026-05-01,ORD-10443,Футболка базовая,Одежда,Актобе,Петров П.,B2B,2,5791.92,0,11583.84,6737.53,4846.31,CUST-618,Brand_Оде,Склад-Акт,0,completed
2026-02-01,ORD-10444,Футболка базовая,Одежда,Актобе,Смирнова А.,Офлайн-магазин,3,5438.18,0,16314.55,12837.36,3477.2,CUST-294,Brand_Оде,Склад-Акт,0,completed
2026-04-16,ORD-10445,Шкаф-купе,Мебель,Астана,Лебедева Е.,Маркетплейс,2,25757.66,0,51515.31,22882.36,28632.95,CUST-168,Brand_Меб,Склад-Аст,0,completed
2025-08-13,ORD-10446,Джинсы классика,Одежда,Алматы,Петров П.,Онлайн,1,9280.18,0,9280.18,5831.71,3448.47,CUST-773,Brand_Оде,Склад-Алм,0,completed
2026-03-29,ORD-10447,Скакалка,Спорттовары,Актобе,Смирнова А.,Онлайн,4,3171.95,0,12687.79,5434.81,7252.98,CUST-313,Brand_Спо,Склад-Акт,4,returned
2026-06-22,ORD-10448,Стул офисный,Мебель,Караганда,Иванов И.,Маркетплейс,3,37536.63,20,90087.91,65657.02,24430.89,CUST-159,Brand_Меб,Склад-Кар,0,completed
2026-06-02,ORD-10449,Оливковое масло,Продукты,Алматы,Иванов И.,Маркетплейс,4,320.97,5,1219.7,537.27,682.44,CUST-494,Brand_Про,Склад-Алм,0,completed
2025-10-27,ORD-10450,Свитер шерстяной,Одежда,Астана,Лебедева Е.,Офлайн-магазин,3,10085.39,0,30256.16,21132.21,9123.95,CUST-690,Brand_Оде,Склад-Аст,0,completed
2026-01-21,ORD-10451,Кровать двуспальная,Мебель,Алматы,Петров П.,Офлайн-магазин,2,42771.07,0,85542.13,56715.53,28826.61,CUST-714,Brand_Меб,Склад-Алм,0,completed
2026-03-05,ORD-10452,Шоколад горький,Продукты,Актобе,Смирнова А.,Маркетплейс,7,941.09,15,5599.49,3602.52,1996.97,CUST-319,Brand_Про,Склад-Акт,0,completed
2026-01-30,ORD-10453,Эспандер,Спорттовары,Шымкент,Козлов В.,B2B,1,3941.12,15,3349.95,2138.29,1211.66,CUST-409,Brand_Спо,Склад-Шым,0,completed
2025-07-25,ORD-10454,Чай зеленый,Продукты,Астана,Смирнова А.,Онлайн,5,1685.61,10,7585.26,3320.18,4265.08,CUST-259,Brand_Про,Склад-Аст,0,completed
2025-09-30,ORD-10455,Шоколад горький,Продукты,Актобе,Петров П.,Офлайн-магазин,5,666.6,0,3332.98,1866.2,1466.78,CUST-851,Brand_Про,Склад-Акт,5,returned
2025-08-30,ORD-10456,Сыр пармезан,Продукты,Астана,Козлов В.,Онлайн,5,1403.81,0,7019.06,5077.14,1941.92,CUST-898,Brand_Про,Склад-Аст,0,completed
2025-08-19,ORD-10457,Шоколад горький,Продукты,Караганда,Козлов В.,Онлайн,4,1775.92,5,6748.49,4410.51,2337.98,CUST-155,Brand_Про,Склад-Кар,0,completed
2025-12-25,ORD-10458,Коврик для йоги,Спорттовары,Шымкент,Лебедева Е.,Офлайн-магазин,9,3001.11,0,27009.95,12459.12,14550.83,CUST-502,Brand_Спо,Склад-Шым,0,completed
2026-03-07,ORD-10459,Скакалка,Спорттовары,Актобе,Иванов И.,Офлайн-магазин,5,3554.3,10,15994.34,7243.44,8750.89,CUST-685,Brand_Спо,Склад-Акт,0,completed
2025-08-16,ORD-10460,Мяч фитнес,Спорттовары,Шымкент,Иванов И.,B2B,7,5515.74,10,34749.15,24491.66,10257.49,CUST-302,Brand_Спо,Склад-Шым,0,completed
2026-03-28,ORD-10461,Шкаф-купе,Мебель,Астана,Лебедева Е.,Офлайн-магазин,1,18946.58,0,18946.58,10837.94,8108.64,CUST-689,Brand_Меб,Склад-Аст,0,completed
2025-09-05,ORD-10462,Наушники Air,Электроника,Караганда,Смирнова А.,Маркетплейс,2,27870.13,0,55740.27,36909.19,18831.07,CUST-273,Brand_Эле,Склад-Кар,0,completed
2026-01-17,ORD-10463,Мяч фитнес,Спорттовары,Актобе,Петров П.,B2B,4,885.55,0,3542.21,1946.54,1595.66,CUST-973,Brand_Спо,Склад-Акт,0,completed
2025-09-03,ORD-10464,Смартфон X,Электроника,Астана,Лебедева Е.,Офлайн-магазин,1,42227.28,0,42227.28,30475.95,11751.33,CUST-582,Brand_Эле,Склад-Аст,0,completed
2025-08-02,ORD-10465,Чай зеленый,Продукты,Актобе,Петров П.,Офлайн-магазин,9,1289.85,20,9286.95,6029.24,3257.71,CUST-811,Brand_Про,Склад-Акт,0,cancelled
2026-07-14,ORD-10466,Наушники Air,Электроника,Актобе,Лебедева Е.,Онлайн,1,40846.5,0,40846.5,19617.69,21228.81,CUST-377,Brand_Эле,Склад-Акт,0,completed
2025-08-18,ORD-10467,Стул офисный,Мебель,Алматы,Козлов В.,Маркетплейс,3,49967.55,0,149902.64,66430.34,83472.3,CUST-764,Brand_Меб,Склад-Алм,0,completed
2026-02-04,ORD-10468,Кроссовки спорт,Одежда,Актобе,Иванов И.,Маркетплейс,3,8465.73,0,25397.2,12052.67,13344.53,CUST-568,Brand_Оде,Склад-Акт,0,completed
2026-05-05,ORD-10469,Смартфон X,Электроника,Астана,Лебедева Е.,Маркетплейс,2,45915.56,0,91831.11,42499.63,49331.48,CUST-460,Brand_Эле,Склад-Аст,0,completed
2026-01-19,ORD-10470,Чай зеленый,Продукты,Актобе,Смирнова А.,Онлайн,5,1440.26,5,6841.26,5320.14,1521.12,CUST-330,Brand_Про,Склад-Акт,5,returned
2025-10-07,ORD-10471,Сыр пармезан,Продукты,Астана,Иванов И.,B2B,10,974.58,10,8771.19,4972.68,3798.51,CUST-536,Brand_Про,Склад-Аст,0,completed
2025-12-28,ORD-10472,Эспандер,Спорттовары,Караганда,Лебедева Е.,Офлайн-магазин,3,1860.72,0,5582.16,3760.25,1821.91,CUST-241,Brand_Спо,Склад-Кар,0,completed
2025-12-27,ORD-10473,Гантели 5кг,Спорттовары,Караганда,Петров П.,Офлайн-магазин,2,3523.73,0,7047.46,5493.08,1554.38,CUST-425,Brand_Спо,Склад-Кар,0,completed
2025-10-04,ORD-10474,Планшет Z,Электроника,Караганда,Козлов В.,Маркетплейс,3,73438.99,15,187269.42,86290.53,100978.89,CUST-234,Brand_Эле,Склад-Кар,0,completed
2025-10-24,ORD-10475,Смарт-часы,Электроника,Актобе,Смирнова А.,Офлайн-магазин,1,81094.87,0,81094.87,33284.07,47810.79,CUST-898,Brand_Эле,Склад-Акт,0,completed
2026-03-23,ORD-10476,Свитер шерстяной,Одежда,Актобе,Козлов В.,Маркетплейс,2,4245.43,0,8490.86,3863.38,4627.48,CUST-133,Brand_Оде,Склад-Акт,0,completed
2026-02-16,ORD-10477,Планшет Z,Электроника,Караганда,Петров П.,Офлайн-магазин,1,32802.15,0,32802.15,25647.33,7154.82,CUST-731,Brand_Эле,Склад-Кар,0,completed
2026-03-29,ORD-10478,Сыр пармезан,Продукты,Астана,Козлов В.,B2B,1,2339.81,0,2339.81,1707.43,632.38,CUST-503,Brand_Про,Склад-Аст,0,completed
2026-05-31,ORD-10479,Скакалка,Спорттовары,Актобе,Лебедева Е.,Онлайн,2,5298.48,0,10596.95,7744.3,2852.66,CUST-351,Brand_Спо,Склад-Акт,0,completed
2026-04-13,ORD-10480,Мяч фитнес,Спорттовары,Алматы,Лебедева Е.,B2B,1,4667.52,0,4667.52,2687.66,1979.86,CUST-892,Brand_Спо,Склад-Алм,0,completed
2025-12-15,ORD-10481,Стол письменный,Мебель,Караганда,Смирнова А.,Онлайн,3,43608.77,20,104661.04,76607.42,28053.62,CUST-839,Brand_Меб,Склад-Кар,0,completed
2026-04-04,ORD-10482,Ноутбук Pro,Электроника,Актобе,Лебедева Е.,Офлайн-магазин,2,47440.37,0,94880.73,38897.76,55982.97,CUST-829,Brand_Эле,Склад-Акт,0,completed
2025-11-02,ORD-10483,Стул офисный,Мебель,Шымкент,Смирнова А.,Офлайн-магазин,1,11321.76,0,11321.76,6563.9,4757.86,CUST-636,Brand_Меб,Склад-Шым,0,completed
2026-07-19,ORD-10484,Шкаф-купе,Мебель,Актобе,Петров П.,B2B,2,36112.16,0,72224.33,33826.55,38397.78,CUST-992,Brand_Меб,Склад-Акт,0,completed
2026-06-24,ORD-10485,Джинсы классика,Одежда,Астана,Петров П.,Онлайн,2,6754.12,0,13508.23,9556.43,3951.8,CUST-741,Brand_Оде,Склад-Аст,0,completed
2025-10-22,ORD-10486,Ноутбук Pro,Электроника,Астана,Иванов И.,Маркетплейс,2,6173.26,0,12346.52,7401.21,4945.31,CUST-722,Brand_Эле,Склад-Аст,0,completed
2026-03-31,ORD-10487,Джинсы классика,Одежда,Актобе,Козлов В.,B2B,2,6884.15,0,13768.31,8812.28,4956.03,CUST-660,Brand_Оде,Склад-Акт,0,completed
2025-12-11,ORD-10488,Скакалка,Спорттовары,Астана,Иванов И.,Офлайн-магазин,1,2003.18,0,2003.18,830.69,1172.48,CUST-783,Brand_Спо,Склад-Аст,0,completed
2026-05-13,ORD-10489,Эспандер,Спорттовары,Шымкент,Иванов И.,Онлайн,7,1514.72,10,9542.76,6382.55,3160.22,CUST-808,Brand_Спо,Склад-Шым,0,completed
2026-07-15,ORD-10490,Скакалка,Спорттовары,Актобе,Петров П.,B2B,1,3447.25,0,3447.25,1791.6,1655.65,CUST-488,Brand_Спо,Склад-Акт,0,completed
2025-08-25,ORD-10491,Шкаф-купе,Мебель,Алматы,Смирнова А.,B2B,1,13565.85,0,13565.85,6915.43,6650.42,CUST-637,Brand_Меб,Склад-Алм,0,completed
2025-11-06,ORD-10492,Свитер шерстяной,Одежда,Алматы,Иванов И.,Онлайн,3,8993.04,0,26979.13,20869.89,6109.24,CUST-394,Brand_Оде,Склад-Алм,0,cancelled
2026-02-25,ORD-10493,Эспандер,Спорттовары,Шымкент,Лебедева Е.,Маркетплейс,10,1427.47,0,14274.67,8677.32,5597.35,CUST-604,Brand_Спо,Склад-Шым,0,completed
2025-10-22,ORD-10494,Гантели 5кг,Спорттовары,Шымкент,Петров П.,Онлайн,1,1691.59,0,1691.59,1215.74,475.86,CUST-312,Brand_Спо,Склад-Шым,0,completed
2026-06-02,ORD-10495,Кровать двуспальная,Мебель,Алматы,Смирнова А.,Маркетплейс,3,41867.93,0,125603.78,82427.15,43176.64,CUST-360,Brand_Меб,Склад-Алм,0,completed
2025-08-25,ORD-10496,Шоколад горький,Продукты,Актобе,Лебедева Е.,Маркетплейс,1,1586.41,0,1586.41,846.05,740.36,CUST-682,Brand_Про,Склад-Акт,0,completed
2026-06-02,ORD-10497,Ноутбук Pro,Электроника,Астана,Смирнова А.,Маркетплейс,2,91369.15,5,173601.38,114275.0,59326.38,CUST-742,Brand_Эле,Склад-Аст,0,completed
2026-03-14,ORD-10498,Эспандер,Спорттовары,Караганда,Козлов В.,Онлайн,5,4350.51,0,21752.53,14602.02,7150.51,CUST-119,Brand_Спо,Склад-Кар,0,completed
2025-11-05,ORD-10499,Эспандер,Спорттовары,Шымкент,Иванов И.,Офлайн-магазин,1,2410.23,0,2410.23,1325.86,1084.37,CUST-269,Brand_Спо,Склад-Шым,0,completed
2026-05-10,ORD-10500,Мяч фитнес,Спорттовары,Астана,Лебедева Е.,Онлайн,6,3305.17,15,16856.36,9533.08,7323.28,CUST-343,Brand_Спо,Склад-Аст,0,completed
2026-01-28,ORD-10501,Диван угловой,Мебель,Астана,Лебедева Е.,Маркетплейс,1,17231.73,0,17231.73,7150.45,10081.29,CUST-194,Brand_Меб,Склад-Аст,0,completed
2026-03-06,ORD-10502,Коврик для йоги,Спорттовары,Караганда,Лебедева Е.,Офлайн-магазин,6,1770.17,15,9027.89,6411.73,2616.16,CUST-992,Brand_Спо,Склад-Кар,0,completed
2025-09-10,ORD-10503,Гантели 5кг,Спорттовары,Астана,Иванов И.,B2B,9,3881.89,0,34937.02,18320.71,16616.31,CUST-968,Brand_Спо,Склад-Аст,0,completed
2026-05-22,ORD-10504,Планшет Z,Электроника,Караганда,Иванов И.,Онлайн,3,68468.15,5,195134.23,123134.37,71999.86,CUST-314,Brand_Эле,Склад-Кар,0,completed
2026-01-02,ORD-10505,Джинсы классика,Одежда,Шымкент,Смирнова А.,Маркетплейс,2,12995.54,0,25991.08,13231.06,12760.02,CUST-217,Brand_Оде,Склад-Шым,0,completed
2025-07-29,ORD-10506,Скакалка,Спорттовары,Актобе,Иванов И.,Офлайн-магазин,6,4651.12,0,27906.72,14188.36,13718.36,CUST-923,Brand_Спо,Склад-Акт,6,returned
2025-12-14,ORD-10507,Гантели 5кг,Спорттовары,Астана,Иванов И.,Маркетплейс,9,2991.13,0,26920.16,12168.71,14751.45,CUST-791,Brand_Спо,Склад-Аст,0,completed
2025-08-16,ORD-10508,Наушники Air,Электроника,Алматы,Иванов И.,B2B,1,56642.51,20,45314.01,29296.69,16017.32,CUST-937,Brand_Эле,Склад-Алм,0,completed
2025-10-31,ORD-10509,Коврик для йоги,Спорттовары,Караганда,Лебедева Е.,Офлайн-магазин,8,1156.22,0,9249.74,4848.31,4401.43,CUST-884,Brand_Спо,Склад-Кар,0,completed
2026-03-17,ORD-10510,Стол письменный,Мебель,Астана,Петров П.,Маркетплейс,2,27544.34,0,55088.68,42247.82,12840.85,CUST-981,Brand_Меб,Склад-Аст,0,completed
2026-01-04,ORD-10511,Кровать двуспальная,Мебель,Алматы,Иванов И.,B2B,2,10345.76,0,20691.52,15276.69,5414.84,CUST-456,Brand_Меб,Склад-Алм,0,completed
2026-05-27,ORD-10512,Гантели 5кг,Спорттовары,Актобе,Иванов И.,B2B,6,1343.12,0,8058.72,3452.11,4606.61,CUST-572,Brand_Спо,Склад-Акт,0,completed
2026-02-12,ORD-10513,Мяч фитнес,Спорттовары,Астана,Лебедева Е.,Офлайн-магазин,3,4535.31,20,10884.74,4641.51,6243.22,CUST-810,Brand_Спо,Склад-Аст,0,completed
2026-05-20,ORD-10514,Кровать двуспальная,Мебель,Актобе,Смирнова А.,Офлайн-магазин,3,13515.74,0,40547.21,28210.59,12336.62,CUST-956,Brand_Меб,Склад-Акт,0,completed
2026-03-28,ORD-10515,Смарт-часы,Электроника,Актобе,Козлов В.,Маркетплейс,1,83629.62,10,75266.66,39380.59,35886.07,CUST-712,Brand_Эле,Склад-Акт,0,completed
2025-09-15,ORD-10516,Мяч фитнес,Спорттовары,Шымкент,Козлов В.,Онлайн,4,1303.16,5,4952.02,3480.44,1471.59,CUST-563,Brand_Спо,Склад-Шым,0,completed
2026-04-20,ORD-10517,Сыр пармезан,Продукты,Актобе,Лебедева Е.,B2B,4,541.35,0,2165.39,1140.38,1025.01,CUST-795,Brand_Про,Склад-Акт,0,completed
2025-12-24,ORD-10518,Диван угловой,Мебель,Алматы,Лебедева Е.,Онлайн,3,43501.86,0,130505.59,58860.93,71644.66,CUST-478,Brand_Меб,Склад-Алм,0,completed
2026-04-29,ORD-10519,Смартфон X,Электроника,Актобе,Смирнова А.,Онлайн,1,45144.0,0,45144.0,30738.04,14405.96,CUST-425,Brand_Эле,Склад-Акт,0,completed
2026-07-21,ORD-10520,Кровать двуспальная,Мебель,Караганда,Козлов В.,Офлайн-магазин,1,38667.29,0,38667.29,18378.2,20289.08,CUST-468,Brand_Меб,Склад-Кар,0,completed
2026-02-20,ORD-10521,Куртка зимняя,Одежда,Астана,Петров П.,Онлайн,3,2293.18,0,6879.54,4736.81,2142.73,CUST-547,Brand_Оде,Склад-Аст,0,completed
2025-09-29,ORD-10522,Ноутбук Pro,Электроника,Караганда,Козлов В.,B2B,1,80945.71,0,80945.71,46110.72,34835.0,CUST-493,Brand_Эле,Склад-Кар,0,completed
2026-01-19,ORD-10523,Джинсы классика,Одежда,Караганда,Лебедева Е.,Онлайн,2,11065.3,10,19917.54,13640.57,6276.97,CUST-659,Brand_Оде,Склад-Кар,0,completed
2026-05-13,ORD-10524,Кофе зерновой,Продукты,Алматы,Лебедева Е.,B2B,6,1517.6,0,9105.58,5396.09,3709.49,CUST-245,Brand_Про,Склад-Алм,0,completed
2026-04-17,ORD-10525,Сыр пармезан,Продукты,Актобе,Иванов И.,Онлайн,8,575.3,0,4602.38,3062.86,1539.52,CUST-800,Brand_Про,Склад-Акт,0,completed
2026-06-11,ORD-10526,Скакалка,Спорттовары,Шымкент,Лебедева Е.,Онлайн,9,2774.63,20,19977.35,11619.11,8358.25,CUST-687,Brand_Спо,Склад-Шым,9,returned
2026-01-07,ORD-10527,Диван угловой,Мебель,Шымкент,Смирнова А.,Офлайн-магазин,3,5340.56,15,13618.42,9407.45,4210.97,CUST-162,Brand_Меб,Склад-Шым,0,completed
2026-06-09,ORD-10528,Шкаф-купе,Мебель,Астана,Лебедева Е.,Онлайн,2,47207.04,5,89693.37,46167.53,43525.84,CUST-617,Brand_Меб,Склад-Аст,0,completed
2025-08-30,ORD-10529,Шоколад горький,Продукты,Астана,Лебедева Е.,Маркетплейс,5,694.0,0,3470.0,1542.83,1927.17,CUST-705,Brand_Про,Склад-Аст,0,completed
2025-10-07,ORD-10530,Диван угловой,Мебель,Астана,Смирнова А.,Офлайн-магазин,1,36999.96,5,35149.96,18880.42,16269.54,CUST-248,Brand_Меб,Склад-Аст,0,completed
2026-05-22,ORD-10531,Кроссовки спорт,Одежда,Караганда,Козлов В.,Офлайн-магазин,2,9859.42,10,17746.95,8595.61,9151.35,CUST-453,Brand_Оде,Склад-Кар,0,completed
2025-08-18,ORD-10532,Кофе зерновой,Продукты,Алматы,Петров П.,B2B,8,1009.29,0,8074.29,5639.57,2434.72,CUST-645,Brand_Про,Склад-Алм,0,completed
2025-11-18,ORD-10533,Кровать двуспальная,Мебель,Караганда,Смирнова А.,Офлайн-магазин,2,33189.84,0,66379.68,51171.37,15208.31,CUST-794,Brand_Меб,Склад-Кар,0,completed
2025-12-30,ORD-10534,Коврик для йоги,Спорттовары,Алматы,Лебедева Е.,Маркетплейс,10,3773.85,15,32077.76,17129.1,14948.65,CUST-200,Brand_Спо,Склад-Алм,0,completed
2025-11-29,ORD-10535,Мяч фитнес,Спорттовары,Караганда,Петров П.,Офлайн-магазин,6,4781.56,0,28689.34,22873.61,5815.73,CUST-110,Brand_Спо,Склад-Кар,0,completed
2026-07-01,ORD-10536,Смартфон X,Электроника,Алматы,Козлов В.,Онлайн,1,67493.11,0,67493.11,36487.22,31005.89,CUST-357,Brand_Эле,Склад-Алм,0,completed
2025-10-28,ORD-10537,Смартфон X,Электроника,Актобе,Иванов И.,Онлайн,3,79687.03,10,215154.99,167862.98,47292.02,CUST-825,Brand_Эле,Склад-Акт,0,completed
2025-09-21,ORD-10538,Смарт-часы,Электроника,Астана,Козлов В.,Офлайн-магазин,3,21493.09,0,64479.27,33389.13,31090.13,CUST-177,Brand_Эле,Склад-Аст,0,completed
2026-06-14,ORD-10539,Диван угловой,Мебель,Караганда,Смирнова А.,Маркетплейс,1,12828.62,0,12828.62,5451.59,7377.03,CUST-161,Brand_Меб,Склад-Кар,0,completed
2025-12-01,ORD-10540,Чай зеленый,Продукты,Караганда,Иванов И.,B2B,10,660.98,0,6609.77,4350.51,2259.26,CUST-653,Brand_Про,Склад-Кар,0,completed
2026-02-27,ORD-10541,Свитер шерстяной,Одежда,Алматы,Козлов В.,Маркетплейс,1,2387.88,0,2387.88,1500.87,887.01,CUST-556,Brand_Оде,Склад-Алм,0,completed
2025-07-31,ORD-10542,Стол письменный,Мебель,Алматы,Иванов И.,B2B,1,21545.03,20,17236.03,10856.22,6379.81,CUST-889,Brand_Меб,Склад-Алм,0,completed
2026-03-30,ORD-10543,Кровать двуспальная,Мебель,Караганда,Иванов И.,Офлайн-магазин,2,3679.61,20,5887.37,2640.38,3247.0,CUST-467,Brand_Меб,Склад-Кар,0,completed
2026-01-08,ORD-10544,Сыр пармезан,Продукты,Алматы,Иванов И.,Маркетплейс,6,974.17,0,5845.02,3412.65,2432.37,CUST-763,Brand_Про,Склад-Алм,0,completed
2025-11-02,ORD-10545,Свитер шерстяной,Одежда,Алматы,Козлов В.,Офлайн-магазин,3,5426.15,0,16278.45,7206.59,9071.86,CUST-598,Brand_Оде,Склад-Алм,0,completed
2025-09-03,ORD-10546,Стол письменный,Мебель,Астана,Иванов И.,Офлайн-магазин,3,4931.03,10,13313.78,7930.93,5382.86,CUST-653,Brand_Меб,Склад-Аст,0,completed
2026-06-16,ORD-10547,Сыр пармезан,Продукты,Актобе,Козлов В.,Онлайн,6,269.42,0,1616.5,1155.98,460.52,CUST-221,Brand_Про,Склад-Акт,0,completed
2025-11-07,ORD-10548,Мяч фитнес,Спорттовары,Актобе,Петров П.,Офлайн-магазин,1,1130.45,20,904.36,598.27,306.1,CUST-733,Brand_Спо,Склад-Акт,0,completed
2025-08-14,ORD-10549,Джинсы классика,Одежда,Алматы,Петров П.,Онлайн,1,5670.49,0,5670.49,2655.36,3015.14,CUST-937,Brand_Оде,Склад-Алм,0,completed
2025-09-14,ORD-10550,Наушники Air,Электроника,Актобе,Лебедева Е.,Офлайн-магазин,1,13385.91,0,13385.91,9699.55,3686.37,CUST-794,Brand_Эле,Склад-Акт,0,cancelled
2026-02-12,ORD-10551,Кофе зерновой,Продукты,Актобе,Лебедева Е.,Офлайн-магазин,4,844.64,10,3040.71,1624.35,1416.36,CUST-244,Brand_Про,Склад-Акт,0,completed
2026-02-19,ORD-10552,Куртка зимняя,Одежда,Актобе,Петров П.,B2B,3,5573.84,0,16721.52,7357.25,9364.27,CUST-727,Brand_Оде,Склад-Акт,0,completed
2026-01-30,ORD-10553,Футболка базовая,Одежда,Караганда,Иванов И.,Онлайн,1,1146.44,15,974.48,552.03,422.45,CUST-891,Brand_Оде,Склад-Кар,0,completed
2026-03-22,ORD-10554,Джинсы классика,Одежда,Астана,Смирнова А.,B2B,1,8011.64,5,7611.06,4859.73,2751.33,CUST-726,Brand_Оде,Склад-Аст,0,completed
2025-09-05,ORD-10555,Шоколад горький,Продукты,Караганда,Иванов И.,Офлайн-магазин,2,568.58,5,1080.29,699.56,380.73,CUST-652,Brand_Про,Склад-Кар,0,completed
2026-04-07,ORD-10556,Кроссовки спорт,Одежда,Астана,Смирнова А.,Онлайн,1,3969.52,20,3175.62,1902.21,1273.4,CUST-144,Brand_Оде,Склад-Аст,0,completed
2025-08-18,ORD-10557,Шоколад горький,Продукты,Астана,Козлов В.,Маркетплейс,10,845.76,20,6766.09,2823.67,3942.42,CUST-650,Brand_Про,Склад-Аст,0,completed
2025-10-20,ORD-10558,Футболка базовая,Одежда,Караганда,Лебедева Е.,Онлайн,1,2245.2,15,1908.42,1083.27,825.15,CUST-433,Brand_Оде,Склад-Кар,0,completed
2025-11-16,ORD-10559,Планшет Z,Электроника,Астана,Иванов И.,Офлайн-магазин,1,56591.87,0,56591.87,27631.83,28960.03,CUST-596,Brand_Эле,Склад-Аст,0,completed
2025-08-18,ORD-10560,Стол письменный,Мебель,Астана,Лебедева Е.,B2B,2,15094.07,0,30188.14,17602.59,12585.55,CUST-467,Brand_Меб,Склад-Аст,0,completed
2025-12-07,ORD-10561,Куртка зимняя,Одежда,Астана,Иванов И.,Онлайн,1,6758.6,0,6758.6,3961.99,2796.62,CUST-878,Brand_Оде,Склад-Аст,0,completed
2026-01-13,ORD-10562,Куртка зимняя,Одежда,Актобе,Петров П.,Офлайн-магазин,3,11383.15,5,32441.99,18319.29,14122.7,CUST-982,Brand_Оде,Склад-Акт,0,completed
2025-11-09,ORD-10563,Мяч фитнес,Спорттовары,Караганда,Смирнова А.,Онлайн,4,3876.36,0,15505.45,8895.47,6609.98,CUST-705,Brand_Спо,Склад-Кар,0,completed
2025-10-06,ORD-10564,Коврик для йоги,Спорттовары,Караганда,Иванов И.,Онлайн,9,4878.13,0,43903.16,26888.43,17014.73,CUST-917,Brand_Спо,Склад-Кар,0,completed
2026-07-13,ORD-10565,Наушники Air,Электроника,Караганда,Петров П.,Онлайн,1,75010.77,0,75010.77,42204.6,32806.17,CUST-467,Brand_Эле,Склад-Кар,0,completed
2025-12-20,ORD-10566,Футболка базовая,Одежда,Алматы,Козлов В.,Маркетплейс,3,2906.08,0,8718.25,5476.39,3241.86,CUST-565,Brand_Оде,Склад-Алм,0,completed
2026-03-16,ORD-10567,Кроссовки спорт,Одежда,Астана,Смирнова А.,B2B,3,11268.67,0,33806.0,22005.07,11800.93,CUST-807,Brand_Оде,Склад-Аст,0,completed
2026-01-08,ORD-10568,Коврик для йоги,Спорттовары,Шымкент,Козлов В.,Маркетплейс,10,4018.27,5,38173.54,24743.41,13430.14,CUST-156,Brand_Спо,Склад-Шым,0,completed
2026-04-11,ORD-10569,Кофе зерновой,Продукты,Алматы,Козлов В.,Маркетплейс,10,1112.47,0,11124.7,6080.47,5044.24,CUST-821,Brand_Про,Склад-Алм,0,completed
2025-08-25,ORD-10570,Гантели 5кг,Спорттовары,Астана,Смирнова А.,Офлайн-магазин,2,4929.06,0,9858.12,6850.92,3007.2,CUST-992,Brand_Спо,Склад-Аст,0,completed
2026-07-16,ORD-10571,Джинсы классика,Одежда,Шымкент,Смирнова А.,Маркетплейс,3,10800.7,0,32402.11,13666.69,18735.42,CUST-563,Brand_Оде,Склад-Шым,0,completed
2026-03-27,ORD-10572,Скакалка,Спорттовары,Алматы,Козлов В.,Маркетплейс,10,4339.37,0,43393.75,29044.42,14349.33,CUST-167,Brand_Спо,Склад-Алм,0,completed
2025-10-26,ORD-10573,Стул офисный,Мебель,Алматы,Козлов В.,Офлайн-магазин,1,21418.21,0,21418.21,10931.37,10486.85,CUST-608,Brand_Меб,Склад-Алм,0,completed
2025-10-07,ORD-10574,Свитер шерстяной,Одежда,Алматы,Смирнова А.,B2B,3,13190.22,20,31656.52,17052.74,14603.78,CUST-760,Brand_Оде,Склад-Алм,0,completed
2025-08-01,ORD-10575,Чай зеленый,Продукты,Алматы,Иванов И.,Офлайн-магазин,9,1486.89,0,13382.05,7556.53,5825.52,CUST-761,Brand_Про,Склад-Алм,0,completed
2026-01-05,ORD-10576,Шкаф-купе,Мебель,Актобе,Лебедева Е.,B2B,2,33792.88,0,67585.76,51318.73,16267.03,CUST-908,Brand_Меб,Склад-Акт,0,completed
2025-12-02,ORD-10577,Кроссовки спорт,Одежда,Шымкент,Смирнова А.,Онлайн,2,3694.41,0,7388.81,5781.64,1607.17,CUST-264,Brand_Оде,Склад-Шым,0,completed
2026-07-21,ORD-10578,Эспандер,Спорттовары,Астана,Петров П.,Офлайн-магазин,4,1550.9,0,6203.59,4947.42,1256.17,CUST-551,Brand_Спо,Склад-Аст,0,completed
2025-12-02,ORD-10579,Чай зеленый,Продукты,Астана,Лебедева Е.,Онлайн,6,1741.77,10,9405.55,5165.21,4240.34,CUST-266,Brand_Про,Склад-Аст,0,completed
2026-04-21,ORD-10580,Кофе зерновой,Продукты,Алматы,Козлов В.,B2B,3,1833.02,15,4674.19,2161.44,2512.74,CUST-659,Brand_Про,Склад-Алм,0,cancelled
2026-04-07,ORD-10581,Шоколад горький,Продукты,Караганда,Смирнова А.,Офлайн-магазин,10,1760.71,20,14085.69,7542.52,6543.17,CUST-590,Brand_Про,Склад-Кар,0,completed
2025-08-11,ORD-10582,Свитер шерстяной,Одежда,Алматы,Смирнова А.,Онлайн,3,8059.65,20,19343.16,10502.51,8840.65,CUST-722,Brand_Оде,Склад-Алм,0,completed
2026-06-15,ORD-10583,Свитер шерстяной,Одежда,Актобе,Петров П.,Маркетплейс,1,5161.05,0,5161.05,3818.05,1343.01,CUST-189,Brand_Оде,Склад-Акт,0,completed
2026-04-10,ORD-10584,Стол письменный,Мебель,Караганда,Смирнова А.,Онлайн,2,47546.26,0,95092.52,65270.13,29822.39,CUST-495,Brand_Меб,Склад-Кар,0,completed
2026-01-28,ORD-10585,Планшет Z,Электроника,Шымкент,Смирнова А.,Маркетплейс,3,64975.77,0,194927.3,134722.32,60204.99,CUST-525,Brand_Эле,Склад-Шым,0,completed
2026-03-05,ORD-10586,Чай зеленый,Продукты,Караганда,Козлов В.,Офлайн-магазин,10,1823.22,0,18232.16,8340.41,9891.75,CUST-988,Brand_Про,Склад-Кар,0,completed
2026-04-16,ORD-10587,Кофе зерновой,Продукты,Актобе,Козлов В.,Онлайн,7,194.9,0,1364.29,694.88,669.41,CUST-573,Brand_Про,Склад-Акт,0,completed
2026-07-20,ORD-10588,Гантели 5кг,Спорттовары,Астана,Петров П.,B2B,9,3109.39,0,27984.5,20404.05,7580.45,CUST-699,Brand_Спо,Склад-Аст,0,completed
2025-12-24,ORD-10589,Шкаф-купе,Мебель,Караганда,Петров П.,Онлайн,1,2889.48,0,2889.48,2260.76,628.72,CUST-583,Brand_Меб,Склад-Кар,0,completed
2025-09-23,ORD-10590,Сыр пармезан,Продукты,Астана,Козлов В.,Офлайн-магазин,2,259.85,20,415.75,331.66,84.09,CUST-863,Brand_Про,Склад-Аст,0,completed
2026-01-23,ORD-10591,Мяч фитнес,Спорттовары,Актобе,Козлов В.,Маркетплейс,2,4188.88,0,8377.76,5807.32,2570.44,CUST-365,Brand_Спо,Склад-Акт,0,completed
2025-10-13,ORD-10592,Коврик для йоги,Спорттовары,Астана,Смирнова А.,B2B,6,1686.07,0,10116.41,5149.94,4966.47,CUST-464,Brand_Спо,Склад-Аст,0,completed
2025-08-15,ORD-10593,Шоколад горький,Продукты,Актобе,Иванов И.,Офлайн-магазин,3,1828.02,10,4935.67,3047.7,1887.97,CUST-946,Brand_Про,Склад-Акт,0,completed
2026-07-07,ORD-10594,Шоколад горький,Продукты,Шымкент,Иванов И.,Маркетплейс,3,2081.68,0,6245.04,3792.41,2452.63,CUST-596,Brand_Про,Склад-Шым,0,completed
2026-02-17,ORD-10595,Чай зеленый,Продукты,Алматы,Петров П.,Офлайн-магазин,4,1167.27,5,4435.62,2514.72,1920.9,CUST-219,Brand_Про,Склад-Алм,4,returned
2025-09-27,ORD-10596,Наушники Air,Электроника,Шымкент,Смирнова А.,Маркетплейс,2,22593.35,15,38408.7,18009.18,20399.52,CUST-862,Brand_Эле,Склад-Шым,0,completed
2025-09-20,ORD-10597,Джинсы классика,Одежда,Астана,Петров П.,Маркетплейс,1,2754.18,0,2754.18,1188.27,1565.91,CUST-902,Brand_Оде,Склад-Аст,0,completed
2025-09-17,ORD-10598,Смартфон X,Электроника,Караганда,Козлов В.,Онлайн,1,29370.42,0,29370.42,19499.48,9870.94,CUST-580,Brand_Эле,Склад-Кар,0,completed
2025-09-20,ORD-10599,Кофе зерновой,Продукты,Алматы,Смирнова А.,Онлайн,2,1810.84,10,3259.51,2069.92,1189.59,CUST-786,Brand_Про,Склад-Алм,0,completed
2026-01-17,ORD-10600,Смартфон X,Электроника,Астана,Смирнова А.,Маркетплейс,1,55035.98,10,49532.38,29816.7,19715.69,CUST-939,Brand_Эле,Склад-Аст,0,completed
2026-05-14,ORD-10601,Смарт-часы,Электроника,Астана,Петров П.,Маркетплейс,3,24976.75,0,74930.26,51712.35,23217.91,CUST-616,Brand_Эле,Склад-Аст,3,returned
2026-07-19,ORD-10602,Диван угловой,Мебель,Актобе,Петров П.,B2B,1,51239.32,0,51239.32,27768.07,23471.25,CUST-319,Brand_Меб,Склад-Акт,0,completed
2026-04-11,ORD-10603,Кроссовки спорт,Одежда,Алматы,Смирнова А.,Онлайн,1,9803.32,0,9803.32,5865.59,3937.74,CUST-395,Brand_Оде,Склад-Алм,0,completed
2026-05-03,ORD-10604,Смартфон X,Электроника,Шымкент,Козлов В.,Онлайн,2,57725.84,0,115451.67,80177.69,35273.98,CUST-961,Brand_Эле,Склад-Шым,0,completed
2026-03-06,ORD-10605,Свитер шерстяной,Одежда,Караганда,Смирнова А.,B2B,1,4861.17,20,3888.94,3016.39,872.55,CUST-113,Brand_Оде,Склад-Кар,0,completed
2026-07-02,ORD-10606,Стул офисный,Мебель,Караганда,Козлов В.,Онлайн,1,9976.3,0,9976.3,6764.08,3212.22,CUST-859,Brand_Меб,Склад-Кар,0,cancelled
2025-10-16,ORD-10607,Планшет Z,Электроника,Астана,Смирнова А.,Офлайн-магазин,2,72653.61,0,145307.21,106836.21,38471.01,CUST-385,Brand_Эле,Склад-Аст,0,completed
2026-07-22,ORD-10608,Скакалка,Спорттовары,Шымкент,Козлов В.,Маркетплейс,10,3614.9,20,28919.17,17483.54,11435.63,CUST-565,Brand_Спо,Склад-Шым,0,completed
2025-09-15,ORD-10609,Планшет Z,Электроника,Караганда,Козлов В.,Офлайн-магазин,1,100430.59,0,100430.59,69811.25,30619.35,CUST-610,Brand_Эле,Склад-Кар,0,completed
2026-07-04,ORD-10610,Ноутбук Pro,Электроника,Караганда,Лебедева Е.,Маркетплейс,2,26656.16,0,53312.31,23379.23,29933.08,CUST-869,Brand_Эле,Склад-Кар,0,completed
2026-04-14,ORD-10611,Кровать двуспальная,Мебель,Астана,Смирнова А.,B2B,3,34933.74,0,104801.21,56325.02,48476.19,CUST-659,Brand_Меб,Склад-Аст,0,completed
2025-07-31,ORD-10612,Наушники Air,Электроника,Алматы,Козлов В.,B2B,2,47523.27,0,95046.53,39386.57,55659.97,CUST-775,Brand_Эле,Склад-Алм,0,completed
2025-12-24,ORD-10613,Кроссовки спорт,Одежда,Караганда,Петров П.,Маркетплейс,2,11293.7,0,22587.41,10023.22,12564.18,CUST-775,Brand_Оде,Склад-Кар,0,completed
2026-05-01,ORD-10614,Скакалка,Спорттовары,Караганда,Козлов В.,Офлайн-магазин,1,5787.27,0,5787.27,3460.08,2327.2,CUST-731,Brand_Спо,Склад-Кар,0,cancelled
2026-07-03,ORD-10615,Шоколад горький,Продукты,Шымкент,Иванов И.,Онлайн,1,1427.21,0,1427.21,780.06,647.15,CUST-697,Brand_Про,Склад-Шым,0,completed
2025-08-04,ORD-10616,Сыр пармезан,Продукты,Алматы,Козлов В.,Маркетплейс,7,941.18,0,6588.29,4377.89,2210.4,CUST-763,Brand_Про,Склад-Алм,0,completed
2025-12-28,ORD-10617,Коврик для йоги,Спорттовары,Алматы,Смирнова А.,Онлайн,3,3501.96,0,10505.89,5572.81,4933.07,CUST-984,Brand_Спо,Склад-Алм,0,completed
2026-02-23,ORD-10618,Скакалка,Спорттовары,Караганда,Смирнова А.,Онлайн,10,4556.09,0,45560.95,23992.66,21568.29,CUST-430,Brand_Спо,Склад-Кар,0,completed
2026-05-11,ORD-10619,Наушники Air,Электроника,Алматы,Петров П.,Маркетплейс,3,71676.58,15,182775.29,85292.25,97483.04,CUST-546,Brand_Эле,Склад-Алм,0,completed
2025-11-02,ORD-10620,Стул офисный,Мебель,Актобе,Петров П.,Маркетплейс,1,18766.25,0,18766.25,11811.63,6954.62,CUST-739,Brand_Меб,Склад-Акт,0,completed
2025-09-07,ORD-10621,Коврик для йоги,Спорттовары,Актобе,Смирнова А.,Маркетплейс,10,1100.55,20,8804.41,5025.93,3778.48,CUST-178,Brand_Спо,Склад-Акт,0,completed
2026-06-20,ORD-10622,Оливковое масло,Продукты,Шымкент,Козлов В.,Маркетплейс,7,723.62,0,5065.31,3292.38,1772.93,CUST-881,Brand_Про,Склад-Шым,0,completed
2026-04-28,ORD-10623,Футболка базовая,Одежда,Актобе,Петров П.,B2B,3,5092.96,20,12223.1,6199.24,6023.86,CUST-928,Brand_Оде,Склад-Акт,0,completed
2026-06-01,ORD-10624,Шкаф-купе,Мебель,Алматы,Лебедева Е.,Офлайн-магазин,2,31154.37,0,62308.74,28673.8,33634.94,CUST-407,Brand_Меб,Склад-Алм,0,completed
2026-03-01,ORD-10625,Диван угловой,Мебель,Алматы,Петров П.,B2B,2,19445.37,0,38890.73,19545.65,19345.08,CUST-515,Brand_Меб,Склад-Алм,0,completed
2025-11-21,ORD-10626,Ноутбук Pro,Электроника,Астана,Иванов И.,Офлайн-магазин,2,41180.21,0,82360.42,65601.49,16758.93,CUST-137,Brand_Эле,Склад-Аст,0,completed
2025-11-02,ORD-10627,Куртка зимняя,Одежда,Астана,Иванов И.,Маркетплейс,2,13761.69,0,27523.38,12946.84,14576.55,CUST-839,Brand_Оде,Склад-Аст,0,completed
2026-03-27,ORD-10628,Смартфон X,Электроника,Алматы,Смирнова А.,Маркетплейс,2,13407.3,5,25473.87,14233.73,11240.14,CUST-962,Brand_Эле,Склад-Алм,0,completed
2025-10-01,ORD-10629,Футболка базовая,Одежда,Актобе,Лебедева Е.,Онлайн,3,10596.06,15,27019.96,16173.62,10846.34,CUST-714,Brand_Оде,Склад-Акт,0,completed
2025-09-22,ORD-10630,Шоколад горький,Продукты,Актобе,Козлов В.,Офлайн-магазин,4,885.58,0,3542.33,1665.12,1877.22,CUST-550,Brand_Про,Склад-Акт,0,cancelled
2026-02-16,ORD-10631,Оливковое масло,Продукты,Алматы,Козлов В.,Маркетплейс,2,1881.62,0,3763.25,2143.22,1620.03,CUST-384,Brand_Про,Склад-Алм,0,completed
2025-10-04,ORD-10632,Сыр пармезан,Продукты,Шымкент,Смирнова А.,Онлайн,10,1496.97,0,14969.67,10415.6,4554.07,CUST-155,Brand_Про,Склад-Шым,0,completed
2026-07-10,ORD-10633,Куртка зимняя,Одежда,Актобе,Козлов В.,Маркетплейс,3,10978.45,0,32935.36,23874.85,9060.51,CUST-987,Brand_Оде,Склад-Акт,0,completed
2025-11-20,ORD-10634,Кровать двуспальная,Мебель,Алматы,Козлов В.,Маркетплейс,1,20419.6,10,18377.64,9537.43,8840.21,CUST-264,Brand_Меб,Склад-Алм,0,completed
2026-03-03,ORD-10635,Сыр пармезан,Продукты,Алматы,Смирнова А.,Онлайн,8,1573.06,0,12584.48,7112.55,5471.92,CUST-834,Brand_Про,Склад-Алм,0,completed
2026-02-23,ORD-10636,Ноутбук Pro,Электроника,Шымкент,Лебедева Е.,Онлайн,2,55325.88,0,110651.77,80263.61,30388.16,CUST-564,Brand_Эле,Склад-Шым,0,completed
2026-07-12,ORD-10637,Смартфон X,Электроника,Астана,Козлов В.,Офлайн-магазин,2,5442.61,0,10885.23,5684.47,5200.75,CUST-213,Brand_Эле,Склад-Аст,0,completed
2025-10-10,ORD-10638,Свитер шерстяной,Одежда,Астана,Лебедева Е.,B2B,2,12181.86,0,24363.72,18258.23,6105.49,CUST-277,Brand_Оде,Склад-Аст,0,completed
2026-07-08,ORD-10639,Эспандер,Спорттовары,Шымкент,Петров П.,Онлайн,6,3390.57,0,20343.4,15268.86,5074.54,CUST-684,Brand_Спо,Склад-Шым,6,returned
2025-11-13,ORD-10640,Смартфон X,Электроника,Актобе,Лебедева Е.,Офлайн-магазин,2,16102.52,0,32205.03,21915.67,10289.36,CUST-510,Brand_Эле,Склад-Акт,0,completed
2026-06-03,ORD-10641,Шкаф-купе,Мебель,Шымкент,Петров П.,Онлайн,1,31637.05,5,30055.2,12191.77,17863.43,CUST-891,Brand_Меб,Склад-Шым,0,completed
2026-03-11,ORD-10642,Стул офисный,Мебель,Астана,Петров П.,Офлайн-магазин,2,19914.27,20,31862.82,14404.54,17458.29,CUST-714,Brand_Меб,Склад-Аст,0,completed
2025-11-09,ORD-10643,Чай зеленый,Продукты,Караганда,Петров П.,B2B,3,1548.13,0,4644.38,3671.16,973.22,CUST-561,Brand_Про,Склад-Кар,0,completed
2025-11-26,ORD-10644,Оливковое масло,Продукты,Караганда,Иванов И.,Онлайн,3,1131.49,20,2715.59,1832.32,883.27,CUST-825,Brand_Про,Склад-Кар,0,completed
2026-02-23,ORD-10645,Эспандер,Спорттовары,Алматы,Иванов И.,Онлайн,6,900.75,20,4323.58,3300.15,1023.43,CUST-786,Brand_Спо,Склад-Алм,0,cancelled
2026-05-24,ORD-10646,Смартфон X,Электроника,Шымкент,Лебедева Е.,B2B,2,32608.4,0,65216.8,29536.38,35680.42,CUST-142,Brand_Эле,Склад-Шым,0,completed
2026-05-15,ORD-10647,Куртка зимняя,Одежда,Астана,Лебедева Е.,B2B,2,6521.4,0,13042.8,6872.6,6170.2,CUST-245,Brand_Оде,Склад-Аст,0,completed
2025-12-02,ORD-10648,Планшет Z,Электроника,Алматы,Петров П.,B2B,3,40864.98,0,122594.93,70128.52,52466.41,CUST-369,Brand_Эле,Склад-Алм,3,returned
2026-05-31,ORD-10649,Оливковое масло,Продукты,Шымкент,Козлов В.,Офлайн-магазин,8,904.9,10,6515.27,4054.26,2461.01,CUST-751,Brand_Про,Склад-Шым,8,returned
2026-03-04,ORD-10650,Ноутбук Pro,Электроника,Астана,Иванов И.,Офлайн-магазин,1,34366.71,0,34366.71,15995.02,18371.69,CUST-218,Brand_Эле,Склад-Аст,0,completed
2026-04-01,ORD-10651,Наушники Air,Электроника,Шымкент,Лебедева Е.,B2B,2,72321.56,0,144643.12,99500.81,45142.31,CUST-457,Brand_Эле,Склад-Шым,0,completed
2025-09-07,ORD-10652,Куртка зимняя,Одежда,Астана,Петров П.,Маркетплейс,3,9952.98,0,29858.94,18913.22,10945.72,CUST-638,Brand_Оде,Склад-Аст,0,cancelled
2026-05-10,ORD-10653,Кроссовки спорт,Одежда,Алматы,Петров П.,B2B,1,10752.21,5,10214.6,5247.37,4967.23,CUST-224,Brand_Оде,Склад-Алм,0,cancelled
2026-02-08,ORD-10654,Оливковое масло,Продукты,Алматы,Смирнова А.,Офлайн-магазин,2,325.65,0,651.3,444.89,206.41,CUST-743,Brand_Про,Склад-Алм,0,completed
2025-12-06,ORD-10655,Коврик для йоги,Спорттовары,Шымкент,Иванов И.,B2B,10,3179.72,0,31797.19,23698.81,8098.38,CUST-389,Brand_Спо,Склад-Шым,0,completed
2026-01-03,ORD-10656,Смартфон X,Электроника,Актобе,Лебедева Е.,B2B,2,17153.86,0,34307.72,17017.73,17289.99,CUST-508,Brand_Эле,Склад-Акт,0,completed
2025-09-05,ORD-10657,Ноутбук Pro,Электроника,Астана,Козлов В.,B2B,3,42244.84,10,114061.06,51126.82,62934.24,CUST-542,Brand_Эле,Склад-Аст,0,completed
2025-12-27,ORD-10658,Гантели 5кг,Спорттовары,Шымкент,Иванов И.,Маркетплейс,4,4792.08,0,19168.32,14456.08,4712.24,CUST-676,Brand_Спо,Склад-Шым,0,completed
2026-05-25,ORD-10659,Стул офисный,Мебель,Караганда,Смирнова А.,Офлайн-магазин,3,30995.0,0,92985.0,38698.06,54286.95,CUST-574,Brand_Меб,Склад-Кар,0,completed
2026-07-03,ORD-10660,Джинсы классика,Одежда,Караганда,Лебедева Е.,Онлайн,2,5431.46,0,10862.91,8287.13,2575.78,CUST-252,Brand_Оде,Склад-Кар,0,completed
2025-09-25,ORD-10661,Чай зеленый,Продукты,Актобе,Козлов В.,Маркетплейс,1,1289.41,0,1289.41,988.87,300.53,CUST-622,Brand_Про,Склад-Акт,0,completed
2026-02-24,ORD-10662,Стул офисный,Мебель,Караганда,Лебедева Е.,Маркетплейс,2,26208.88,0,52417.75,37083.39,15334.36,CUST-858,Brand_Меб,Склад-Кар,0,completed
2026-06-25,ORD-10663,Стол письменный,Мебель,Астана,Козлов В.,Онлайн,2,7998.37,15,13597.23,7146.41,6450.82,CUST-875,Brand_Меб,Склад-Аст,0,completed
2026-06-30,ORD-10664,Шкаф-купе,Мебель,Шымкент,Смирнова А.,Офлайн-магазин,1,15632.14,0,15632.14,12394.32,3237.81,CUST-789,Brand_Меб,Склад-Шым,0,completed
2025-09-14,ORD-10665,Шкаф-купе,Мебель,Алматы,Иванов И.,B2B,1,10759.31,0,10759.31,6357.11,4402.19,CUST-989,Brand_Меб,Склад-Алм,0,completed
2026-06-23,ORD-10666,Мяч фитнес,Спорттовары,Шымкент,Лебедева Е.,Маркетплейс,5,3639.77,0,18198.83,8263.1,9935.73,CUST-935,Brand_Спо,Склад-Шым,0,completed
2025-07-30,ORD-10667,Футболка базовая,Одежда,Астана,Козлов В.,Офлайн-магазин,1,13396.4,0,13396.4,8713.34,4683.06,CUST-295,Brand_Оде,Склад-Аст,0,completed
2025-09-04,ORD-10668,Сыр пармезан,Продукты,Астана,Козлов В.,B2B,2,179.32,0,358.63,165.32,193.31,CUST-596,Brand_Про,Склад-Аст,0,completed
2026-03-20,ORD-10669,Наушники Air,Электроника,Актобе,Петров П.,Офлайн-магазин,3,48407.77,20,116178.65,48837.89,67340.76,CUST-745,Brand_Эле,Склад-Акт,0,completed
2026-07-22,ORD-10670,Кровать двуспальная,Мебель,Караганда,Лебедева Е.,Маркетплейс,2,6101.0,0,12202.0,7386.39,4815.61,CUST-794,Brand_Меб,Склад-Кар,0,completed
2026-03-28,ORD-10671,Футболка базовая,Одежда,Актобе,Иванов И.,B2B,2,8277.76,0,16555.52,8395.96,8159.56,CUST-584,Brand_Оде,Склад-Акт,0,completed
2025-09-19,ORD-10672,Шкаф-купе,Мебель,Шымкент,Козлов В.,B2B,1,4213.49,0,4213.49,2009.33,2204.16,CUST-337,Brand_Меб,Склад-Шым,0,completed
2026-04-07,ORD-10673,Свитер шерстяной,Одежда,Шымкент,Лебедева Е.,B2B,2,3031.07,20,4849.71,3801.79,1047.92,CUST-789,Brand_Оде,Склад-Шым,0,completed
2026-06-21,ORD-10674,Сыр пармезан,Продукты,Астана,Лебедева Е.,Офлайн-магазин,2,668.5,0,1336.99,603.84,733.15,CUST-720,Brand_Про,Склад-Аст,0,completed
2026-03-30,ORD-10675,Наушники Air,Электроника,Караганда,Смирнова А.,Офлайн-магазин,3,29925.98,0,89777.95,36562.27,53215.68,CUST-465,Brand_Эле,Склад-Кар,0,completed
2026-07-03,ORD-10676,Джинсы классика,Одежда,Актобе,Иванов И.,Онлайн,2,5807.46,0,11614.92,5699.16,5915.76,CUST-598,Brand_Оде,Склад-Акт,0,completed
2025-12-01,ORD-10677,Шоколад горький,Продукты,Алматы,Лебедева Е.,Маркетплейс,9,598.19,0,5383.72,2377.75,3005.96,CUST-548,Brand_Про,Склад-Алм,0,completed
2026-03-13,ORD-10678,Смартфон X,Электроника,Актобе,Лебедева Е.,Онлайн,1,86090.03,0,86090.03,40188.42,45901.61,CUST-310,Brand_Эле,Склад-Акт,0,completed
2026-01-23,ORD-10679,Куртка зимняя,Одежда,Караганда,Лебедева Е.,B2B,1,14655.28,0,14655.28,7994.38,6660.9,CUST-225,Brand_Оде,Склад-Кар,0,completed
2025-11-02,ORD-10680,Кровать двуспальная,Мебель,Алматы,Петров П.,B2B,2,27198.74,0,54397.48,23613.59,30783.88,CUST-872,Brand_Меб,Склад-Алм,0,completed
2026-02-19,ORD-10681,Чай зеленый,Продукты,Астана,Лебедева Е.,B2B,4,1607.42,0,6429.66,3674.74,2754.92,CUST-569,Brand_Про,Склад-Аст,4,returned
2026-04-12,ORD-10682,Кофе зерновой,Продукты,Караганда,Петров П.,Онлайн,9,1581.46,5,13521.46,7238.33,6283.13,CUST-890,Brand_Про,Склад-Кар,0,completed
2025-10-14,ORD-10683,Стул офисный,Мебель,Караганда,Иванов И.,Офлайн-магазин,1,42643.5,15,36246.98,20578.21,15668.77,CUST-817,Brand_Меб,Склад-Кар,0,completed
2026-05-01,ORD-10684,Шоколад горький,Продукты,Шымкент,Иванов И.,Маркетплейс,10,1123.57,20,8988.54,5199.65,3788.89,CUST-657,Brand_Про,Склад-Шым,0,completed
2026-06-06,ORD-10685,Мяч фитнес,Спорттовары,Шымкент,Козлов В.,Офлайн-магазин,2,3181.76,0,6363.52,3396.83,2966.69,CUST-857,Brand_Спо,Склад-Шым,0,completed
2025-09-24,ORD-10686,Скакалка,Спорттовары,Шымкент,Петров П.,Онлайн,9,4578.26,0,41204.37,22097.23,19107.14,CUST-123,Brand_Спо,Склад-Шым,0,completed
2025-08-05,ORD-10687,Скакалка,Спорттовары,Шымкент,Петров П.,Маркетплейс,9,3814.46,0,34330.13,14555.23,19774.9,CUST-742,Brand_Спо,Склад-Шым,0,completed
2026-04-07,ORD-10688,Кофе зерновой,Продукты,Алматы,Иванов И.,B2B,10,867.59,20,6940.7,3717.39,3223.32,CUST-863,Brand_Про,Склад-Алм,0,completed
2026-05-15,ORD-10689,Скакалка,Спорттовары,Актобе,Петров П.,Маркетплейс,5,3082.1,0,15410.51,11188.52,4221.99,CUST-243,Brand_Спо,Склад-Акт,0,completed
2026-07-22,ORD-10690,Шкаф-купе,Мебель,Астана,Иванов И.,Маркетплейс,3,35515.98,0,106547.95,75800.32,30747.63,CUST-250,Brand_Меб,Склад-Аст,0,completed
2026-07-21,ORD-10691,Кровать двуспальная,Мебель,Алматы,Иванов И.,Онлайн,1,34420.95,0,34420.95,19911.34,14509.61,CUST-638,Brand_Меб,Склад-Алм,0,completed
2026-02-13,ORD-10692,Скакалка,Спорттовары,Актобе,Козлов В.,Маркетплейс,7,4090.22,20,22905.26,15866.17,7039.09,CUST-266,Brand_Спо,Склад-Акт,0,completed
2025-10-03,ORD-10693,Гантели 5кг,Спорттовары,Караганда,Козлов В.,Офлайн-магазин,9,4993.74,0,44943.62,21800.22,23143.4,CUST-864,Brand_Спо,Склад-Кар,0,completed
2025-10-10,ORD-10694,Эспандер,Спорттовары,Алматы,Лебедева Е.,B2B,2,1486.21,0,2972.42,1533.28,1439.14,CUST-220,Brand_Спо,Склад-Алм,0,completed
2026-01-28,ORD-10695,Шоколад горький,Продукты,Шымкент,Смирнова А.,B2B,3,249.04,0,747.13,475.06,272.07,CUST-412,Brand_Про,Склад-Шым,0,completed
2025-12-14,ORD-10696,Джинсы классика,Одежда,Караганда,Иванов И.,Онлайн,2,10295.15,0,20590.31,8604.13,11986.18,CUST-417,Brand_Оде,Склад-Кар,0,completed
2026-05-07,ORD-10697,Диван угловой,Мебель,Караганда,Козлов В.,Офлайн-магазин,3,10566.91,0,31700.72,22338.59,9362.12,CUST-252,Brand_Меб,Склад-Кар,0,completed
2026-01-04,ORD-10698,Смарт-часы,Электроника,Актобе,Козлов В.,B2B,2,38797.77,0,77595.55,32460.38,45135.17,CUST-553,Brand_Эле,Склад-Акт,0,completed
2025-12-11,ORD-10699,Ноутбук Pro,Электроника,Алматы,Лебедева Е.,Маркетплейс,3,77084.83,0,231254.5,144242.94,87011.56,CUST-733,Brand_Эле,Склад-Алм,0,completed
2026-04-25,ORD-10700,Коврик для йоги,Спорттовары,Актобе,Лебедева Е.,Офлайн-магазин,9,4168.11,5,35637.31,23638.29,11999.02,CUST-119,Brand_Спо,Склад-Акт,0,completed
2025-12-09,ORD-10701,Джинсы классика,Одежда,Актобе,Козлов В.,Онлайн,3,15711.69,0,47135.07,26429.54,20705.54,CUST-982,Brand_Оде,Склад-Акт,0,completed
2025-08-02,ORD-10702,Сыр пармезан,Продукты,Астана,Козлов В.,Онлайн,9,1821.95,0,16397.54,8245.85,8151.69,CUST-201,Brand_Про,Склад-Аст,0,completed
2026-04-25,ORD-10703,Куртка зимняя,Одежда,Астана,Петров П.,Маркетплейс,1,11673.32,0,11673.32,9115.3,2558.02,CUST-160,Brand_Оде,Склад-Аст,0,completed
2026-06-01,ORD-10704,Чай зеленый,Продукты,Алматы,Иванов И.,Маркетплейс,2,842.65,0,1685.3,952.41,732.89,CUST-484,Brand_Про,Склад-Алм,0,completed
2025-09-21,ORD-10705,Ноутбук Pro,Электроника,Астана,Лебедева Е.,Офлайн-магазин,3,73833.74,20,177200.97,138171.19,39029.79,CUST-425,Brand_Эле,Склад-Аст,0,completed
2026-03-16,ORD-10706,Мяч фитнес,Спорттовары,Алматы,Козлов В.,Онлайн,4,3346.57,5,12716.97,6455.95,6261.02,CUST-791,Brand_Спо,Склад-Алм,0,cancelled
2025-09-11,ORD-10707,Свитер шерстяной,Одежда,Астана,Смирнова А.,B2B,1,9763.53,10,8787.18,6266.6,2520.58,CUST-653,Brand_Оде,Склад-Аст,0,completed
2025-10-16,ORD-10708,Свитер шерстяной,Одежда,Караганда,Лебедева Е.,B2B,1,1333.4,15,1133.39,749.43,383.97,CUST-161,Brand_Оде,Склад-Кар,0,completed
2026-03-25,ORD-10709,Оливковое масло,Продукты,Шымкент,Козлов В.,Маркетплейс,4,2251.57,0,9006.27,5440.97,3565.3,CUST-856,Brand_Про,Склад-Шым,0,completed
2026-04-21,ORD-10710,Коврик для йоги,Спорттовары,Шымкент,Иванов И.,B2B,3,1538.8,15,3923.94,2948.1,975.84,CUST-616,Brand_Спо,Склад-Шым,0,completed
2025-12-31,ORD-10711,Шоколад горький,Продукты,Караганда,Смирнова А.,Офлайн-магазин,6,1540.95,0,9245.71,5398.75,3846.96,CUST-116,Brand_Про,Склад-Кар,0,completed
2026-07-11,ORD-10712,Футболка базовая,Одежда,Актобе,Козлов В.,Онлайн,3,1093.01,0,3279.02,2040.59,1238.43,CUST-600,Brand_Оде,Склад-Акт,0,completed
2026-02-08,ORD-10713,Коврик для йоги,Спорттовары,Алматы,Лебедева Е.,Онлайн,2,4311.48,0,8622.96,6252.62,2370.34,CUST-466,Brand_Спо,Склад-Алм,0,completed
2026-02-05,ORD-10714,Футболка базовая,Одежда,Алматы,Козлов В.,Маркетплейс,2,4145.34,0,8290.68,5780.74,2509.94,CUST-796,Brand_Оде,Склад-Алм,0,completed
2026-07-20,ORD-10715,Чай зеленый,Продукты,Алматы,Лебедева Е.,Маркетплейс,4,2059.66,0,8238.65,4922.79,3315.86,CUST-387,Brand_Про,Склад-Алм,0,completed
2026-03-31,ORD-10716,Гантели 5кг,Спорттовары,Алматы,Петров П.,B2B,5,1424.08,0,7120.42,4255.19,2865.22,CUST-775,Brand_Спо,Склад-Алм,0,completed
2026-05-07,ORD-10717,Скакалка,Спорттовары,Астана,Иванов И.,Офлайн-магазин,3,1047.51,0,3142.53,1973.39,1169.14,CUST-635,Brand_Спо,Склад-Аст,0,completed
2025-12-09,ORD-10718,Футболка базовая,Одежда,Актобе,Лебедева Е.,Маркетплейс,3,11710.14,5,33373.89,25869.98,7503.92,CUST-765,Brand_Оде,Склад-Акт,0,completed
2025-08-17,ORD-10719,Сыр пармезан,Продукты,Караганда,Смирнова А.,Онлайн,9,1582.93,0,14246.41,7758.43,6487.97,CUST-838,Brand_Про,Склад-Кар,0,completed
2025-11-13,ORD-10720,Планшет Z,Электроника,Караганда,Лебедева Е.,B2B,1,47879.74,0,47879.74,25562.15,22317.59,CUST-927,Brand_Эле,Склад-Кар,0,completed
2025-08-03,ORD-10721,Кроссовки спорт,Одежда,Алматы,Петров П.,Офлайн-магазин,2,3062.26,0,6124.53,3983.38,2141.15,CUST-591,Brand_Оде,Склад-Алм,0,completed
2026-02-28,ORD-10722,Смарт-часы,Электроника,Шымкент,Смирнова А.,Офлайн-магазин,2,16554.38,0,33108.76,17756.92,15351.85,CUST-441,Brand_Эле,Склад-Шым,0,completed
2026-04-14,ORD-10723,Футболка базовая,Одежда,Актобе,Лебедева Е.,B2B,1,14522.74,0,14522.74,9172.18,5350.56,CUST-162,Brand_Оде,Склад-Акт,0,completed
2025-08-08,ORD-10724,Диван угловой,Мебель,Алматы,Петров П.,Онлайн,1,32507.1,0,32507.1,21145.03,11362.07,CUST-793,Brand_Меб,Склад-Алм,0,completed
2025-08-19,ORD-10725,Коврик для йоги,Спорттовары,Шымкент,Козлов В.,B2B,10,1261.36,10,11352.22,8466.86,2885.36,CUST-738,Brand_Спо,Склад-Шым,0,completed
2025-07-27,ORD-10726,Кровать двуспальная,Мебель,Караганда,Козлов В.,Онлайн,3,25303.56,5,72115.14,41944.38,30170.76,CUST-297,Brand_Меб,Склад-Кар,0,completed
2025-09-15,ORD-10727,Смартфон X,Электроника,Актобе,Иванов И.,Офлайн-магазин,1,82917.24,0,82917.24,41667.11,41250.13,CUST-842,Brand_Эле,Склад-Акт,0,completed
2026-06-04,ORD-10728,Стол письменный,Мебель,Астана,Петров П.,Онлайн,1,6588.11,0,6588.11,3783.81,2804.3,CUST-872,Brand_Меб,Склад-Аст,0,cancelled
2026-01-21,ORD-10729,Оливковое масло,Продукты,Актобе,Петров П.,Офлайн-магазин,5,1070.64,0,5353.19,2764.53,2588.67,CUST-630,Brand_Про,Склад-Акт,0,cancelled
2026-05-18,ORD-10730,Футболка базовая,Одежда,Астана,Лебедева Е.,Онлайн,2,8070.01,0,16140.02,7749.61,8390.41,CUST-904,Brand_Оде,Склад-Аст,2,returned
2025-08-26,ORD-10731,Чай зеленый,Продукты,Караганда,Козлов В.,Маркетплейс,10,1753.8,0,17538.04,9369.95,8168.09,CUST-436,Brand_Про,Склад-Кар,0,completed
2025-10-13,ORD-10732,Наушники Air,Электроника,Алматы,Козлов В.,Офлайн-магазин,3,5707.89,0,17123.66,8426.72,8696.94,CUST-344,Brand_Эле,Склад-Алм,0,completed
2026-03-25,ORD-10733,Сыр пармезан,Продукты,Астана,Козлов В.,Офлайн-магазин,1,1569.04,0,1569.04,673.89,895.15,CUST-217,Brand_Про,Склад-Аст,0,completed
2025-10-02,ORD-10734,Сыр пармезан,Продукты,Астана,Лебедева Е.,Маркетплейс,1,318.74,0,318.74,163.72,155.02,CUST-368,Brand_Про,Склад-Аст,0,completed
2025-10-19,ORD-10735,Оливковое масло,Продукты,Астана,Петров П.,Офлайн-магазин,3,255.53,5,728.26,297.42,430.84,CUST-488,Brand_Про,Склад-Аст,0,completed
2026-06-22,ORD-10736,Планшет Z,Электроника,Астана,Смирнова А.,B2B,2,37409.89,10,67337.81,52285.43,15052.38,CUST-738,Brand_Эле,Склад-Аст,0,cancelled
2026-03-01,ORD-10737,Смартфон X,Электроника,Астана,Петров П.,Офлайн-магазин,3,33084.26,0,99252.77,54559.46,44693.31,CUST-751,Brand_Эле,Склад-Аст,0,completed
2025-11-24,ORD-10738,Смарт-часы,Электроника,Актобе,Петров П.,Маркетплейс,2,28547.75,0,57095.5,37213.91,19881.59,CUST-229,Brand_Эле,Склад-Акт,0,completed
2026-04-08,ORD-10739,Мяч фитнес,Спорттовары,Астана,Иванов И.,B2B,3,1135.58,0,3406.74,2386.5,1020.24,CUST-621,Brand_Спо,Склад-Аст,0,completed
2026-01-29,ORD-10740,Шкаф-купе,Мебель,Караганда,Петров П.,Маркетплейс,2,40545.14,0,81090.29,48112.39,32977.89,CUST-585,Brand_Меб,Склад-Кар,0,cancelled
2025-12-06,ORD-10741,Мяч фитнес,Спорттовары,Актобе,Иванов И.,Офлайн-магазин,4,2003.95,0,8015.81,3957.84,4057.97,CUST-535,Brand_Спо,Склад-Акт,0,completed
2026-01-31,ORD-10742,Гантели 5кг,Спорттовары,Шымкент,Смирнова А.,Онлайн,2,1500.03,0,3000.06,1822.62,1177.44,CUST-142,Brand_Спо,Склад-Шым,0,completed
2026-03-17,ORD-10743,Скакалка,Спорттовары,Шымкент,Козлов В.,B2B,7,4341.3,0,30389.08,21934.89,8454.19,CUST-491,Brand_Спо,Склад-Шым,0,completed
2025-08-03,ORD-10744,Кроссовки спорт,Одежда,Астана,Смирнова А.,Онлайн,1,7239.3,0,7239.3,4348.69,2890.61,CUST-180,Brand_Оде,Склад-Аст,0,completed
2025-12-10,ORD-10745,Футболка базовая,Одежда,Алматы,Иванов И.,Маркетплейс,3,1508.92,0,4526.76,2166.77,2359.99,CUST-409,Brand_Оде,Склад-Алм,0,completed
2026-07-06,ORD-10746,Чай зеленый,Продукты,Актобе,Петров П.,Маркетплейс,5,221.05,0,1105.26,595.35,509.91,CUST-515,Brand_Про,Склад-Акт,0,cancelled
2026-05-14,ORD-10747,Наушники Air,Электроника,Актобе,Петров П.,B2B,1,32198.08,10,28978.27,17090.67,11887.6,CUST-904,Brand_Эле,Склад-Акт,0,completed
2026-04-30,ORD-10748,Кровать двуспальная,Мебель,Шымкент,Иванов И.,Маркетплейс,2,14373.77,20,22998.03,11127.22,11870.8,CUST-671,Brand_Меб,Склад-Шым,0,completed
2025-08-06,ORD-10749,Чай зеленый,Продукты,Актобе,Петров П.,Маркетплейс,1,1470.32,0,1470.32,975.62,494.71,CUST-330,Brand_Про,Склад-Акт,0,completed
2026-02-21,ORD-10750,Кровать двуспальная,Мебель,Актобе,Смирнова А.,Маркетплейс,1,37637.72,0,37637.72,15540.0,22097.72,CUST-438,Brand_Меб,Склад-Акт,0,completed
2026-05-08,ORD-10751,Скакалка,Спорттовары,Актобе,Козлов В.,B2B,7,1878.41,0,13148.9,7292.03,5856.87,CUST-436,Brand_Спо,Склад-Акт,0,completed
2026-05-09,ORD-10752,Диван угловой,Мебель,Алматы,Петров П.,Онлайн,3,42620.05,0,127860.14,93413.33,34446.81,CUST-127,Brand_Меб,Склад-Алм,0,completed
2025-10-25,ORD-10753,Футболка базовая,Одежда,Караганда,Смирнова А.,Офлайн-магазин,2,5325.64,0,10651.29,4558.66,6092.63,CUST-630,Brand_Оде,Склад-Кар,0,completed
2025-07-27,ORD-10754,Куртка зимняя,Одежда,Караганда,Козлов В.,Офлайн-магазин,1,2546.84,0,2546.84,1505.95,1040.89,CUST-986,Brand_Оде,Склад-Кар,0,completed
2025-11-04,ORD-10755,Джинсы классика,Одежда,Шымкент,Козлов В.,B2B,3,4548.92,0,13646.76,7152.62,6494.15,CUST-833,Brand_Оде,Склад-Шым,0,completed
2026-07-07,ORD-10756,Диван угловой,Мебель,Астана,Иванов И.,Офлайн-магазин,1,33800.03,10,30420.02,18566.64,11853.39,CUST-602,Brand_Меб,Склад-Аст,1,returned
2026-03-14,ORD-10757,Шкаф-купе,Мебель,Алматы,Иванов И.,Маркетплейс,2,46193.32,0,92386.65,68094.11,24292.53,CUST-500,Brand_Меб,Склад-Алм,0,completed
2026-05-31,ORD-10758,Кроссовки спорт,Одежда,Астана,Петров П.,B2B,2,7771.31,10,13988.36,9503.81,4484.54,CUST-815,Brand_Оде,Склад-Аст,0,completed
2025-08-13,ORD-10759,Джинсы классика,Одежда,Шымкент,Лебедева Е.,Маркетплейс,1,12756.91,0,12756.91,8789.05,3967.86,CUST-605,Brand_Оде,Склад-Шым,0,completed
2026-02-17,ORD-10760,Коврик для йоги,Спорттовары,Шымкент,Иванов И.,Онлайн,6,4365.36,0,26192.19,12203.87,13988.31,CUST-145,Brand_Спо,Склад-Шым,0,completed
2026-03-15,ORD-10761,Смартфон X,Электроника,Караганда,Козлов В.,Маркетплейс,1,58041.63,0,58041.63,23465.94,34575.69,CUST-239,Brand_Эле,Склад-Кар,0,completed
2026-01-05,ORD-10762,Кровать двуспальная,Мебель,Караганда,Иванов И.,Онлайн,3,48910.23,0,146730.68,114451.01,32279.67,CUST-940,Brand_Меб,Склад-Кар,0,completed
2025-12-11,ORD-10763,Джинсы классика,Одежда,Алматы,Лебедева Е.,Онлайн,2,3865.51,0,7731.02,5385.26,2345.76,CUST-787,Brand_Оде,Склад-Алм,0,completed
2025-07-27,ORD-10764,Чай зеленый,Продукты,Караганда,Смирнова А.,Офлайн-магазин,1,716.9,10,645.21,372.17,273.04,CUST-750,Brand_Про,Склад-Кар,0,completed
2026-04-15,ORD-10765,Наушники Air,Электроника,Шымкент,Козлов В.,Онлайн,1,77542.02,0,77542.02,42722.41,34819.61,CUST-355,Brand_Эле,Склад-Шым,0,completed
2026-01-29,ORD-10766,Джинсы классика,Одежда,Алматы,Иванов И.,B2B,1,1451.9,0,1451.9,692.36,759.55,CUST-325,Brand_Оде,Склад-Алм,0,completed
2025-09-09,ORD-10767,Джинсы классика,Одежда,Алматы,Козлов В.,Онлайн,2,16906.4,0,33812.8,22002.48,11810.32,CUST-654,Brand_Оде,Склад-Алм,0,completed
2026-02-09,ORD-10768,Стул офисный,Мебель,Астана,Петров П.,Онлайн,2,24714.81,0,49429.63,27722.89,21706.73,CUST-498,Brand_Меб,Склад-Аст,0,completed
2025-11-07,ORD-10769,Стол письменный,Мебель,Алматы,Смирнова А.,Маркетплейс,1,6944.54,20,5555.63,2892.34,2663.29,CUST-204,Brand_Меб,Склад-Алм,0,completed
2026-07-21,ORD-10770,Скакалка,Спорттовары,Астана,Смирнова А.,Онлайн,7,3380.44,0,23663.06,18668.89,4994.17,CUST-440,Brand_Спо,Склад-Аст,0,completed
2025-10-19,ORD-10771,Сыр пармезан,Продукты,Алматы,Смирнова А.,Онлайн,10,1364.67,0,13646.67,8248.19,5398.48,CUST-615,Brand_Про,Склад-Алм,0,completed
2026-05-18,ORD-10772,Ноутбук Pro,Электроника,Алматы,Лебедева Е.,Онлайн,1,48357.25,10,43521.53,28197.88,15323.65,CUST-483,Brand_Эле,Склад-Алм,0,completed
2026-04-03,ORD-10773,Чай зеленый,Продукты,Астана,Козлов В.,Офлайн-магазин,1,1661.24,0,1661.24,1146.46,514.78,CUST-554,Brand_Про,Склад-Аст,0,cancelled
2026-01-06,ORD-10774,Куртка зимняя,Одежда,Шымкент,Иванов И.,B2B,2,12339.36,10,22210.84,16408.79,5802.05,CUST-348,Brand_Оде,Склад-Шым,0,completed
2025-11-04,ORD-10775,Коврик для йоги,Спорттовары,Астана,Петров П.,B2B,6,4021.85,0,24131.07,15731.36,8399.71,CUST-603,Brand_Спо,Склад-Аст,0,completed
2025-08-26,ORD-10776,Футболка базовая,Одежда,Астана,Петров П.,Офлайн-магазин,1,2321.0,0,2321.0,1700.1,620.89,CUST-341,Brand_Оде,Склад-Аст,1,returned
2026-04-07,ORD-10777,Наушники Air,Электроника,Караганда,Смирнова А.,Офлайн-магазин,1,97125.94,0,97125.94,45704.96,51420.98,CUST-392,Brand_Эле,Склад-Кар,0,completed
2026-05-13,ORD-10778,Стол письменный,Мебель,Шымкент,Козлов В.,Онлайн,2,26367.27,0,52734.54,31022.96,21711.58,CUST-724,Brand_Меб,Склад-Шым,0,completed
2026-02-28,ORD-10779,Кроссовки спорт,Одежда,Алматы,Козлов В.,B2B,1,15922.51,15,13534.13,8635.77,4898.36,CUST-844,Brand_Оде,Склад-Алм,0,completed
2025-10-19,ORD-10780,Сыр пармезан,Продукты,Караганда,Смирнова А.,B2B,7,793.86,0,5557.02,3291.64,2265.39,CUST-832,Brand_Про,Склад-Кар,0,completed
2026-03-19,ORD-10781,Джинсы классика,Одежда,Астана,Иванов И.,Онлайн,3,7974.08,20,19137.8,10752.04,8385.76,CUST-504,Brand_Оде,Склад-Аст,0,completed
2026-01-29,ORD-10782,Кровать двуспальная,Мебель,Шымкент,Лебедева Е.,Онлайн,1,30922.61,5,29376.48,16272.52,13103.95,CUST-298,Brand_Меб,Склад-Шым,0,completed
2026-03-02,ORD-10783,Шоколад горький,Продукты,Актобе,Козлов В.,Маркетплейс,1,1725.28,0,1725.28,1329.51,395.77,CUST-348,Brand_Про,Склад-Акт,0,completed
2026-03-23,ORD-10784,Планшет Z,Электроника,Алматы,Петров П.,Маркетплейс,2,89077.11,10,160338.8,80444.42,79894.39,CUST-778,Brand_Эле,Склад-Алм,0,completed
2025-10-12,ORD-10785,Смартфон X,Электроника,Алматы,Козлов В.,B2B,3,108087.48,5,308049.31,187113.71,120935.59,CUST-533,Brand_Эле,Склад-Алм,0,completed
2025-10-14,ORD-10786,Диван угловой,Мебель,Шымкент,Лебедева Е.,B2B,2,44862.19,5,85238.16,37820.99,47417.17,CUST-916,Brand_Меб,Склад-Шым,0,completed
2026-01-14,ORD-10787,Куртка зимняя,Одежда,Астана,Козлов В.,Маркетплейс,1,1155.74,5,1097.95,481.72,616.23,CUST-527,Brand_Оде,Склад-Аст,0,completed
2026-04-16,ORD-10788,Диван угловой,Мебель,Караганда,Петров П.,Офлайн-магазин,1,27359.67,10,24623.71,14640.97,9982.73,CUST-212,Brand_Меб,Склад-Кар,0,completed
2026-03-09,ORD-10789,Гантели 5кг,Спорттовары,Астана,Петров П.,Онлайн,4,1664.47,0,6657.89,5066.05,1591.84,CUST-741,Brand_Спо,Склад-Аст,0,completed
2026-06-06,ORD-10790,Ноутбук Pro,Электроника,Алматы,Смирнова А.,Онлайн,1,56850.81,0,56850.81,30520.97,26329.84,CUST-589,Brand_Эле,Склад-Алм,0,completed
2026-03-27,ORD-10791,Смартфон X,Электроника,Алматы,Смирнова А.,Онлайн,3,94119.98,5,268241.96,117687.6,150554.35,CUST-107,Brand_Эле,Склад-Алм,0,completed
2026-01-30,ORD-10792,Скакалка,Спорттовары,Шымкент,Козлов В.,B2B,10,3348.53,0,33485.35,18360.49,15124.86,CUST-422,Brand_Спо,Склад-Шым,0,completed
2025-11-21,ORD-10793,Сыр пармезан,Продукты,Караганда,Лебедева Е.,Онлайн,6,810.39,5,4619.22,2691.93,1927.29,CUST-842,Brand_Про,Склад-Кар,0,completed
2025-10-01,ORD-10794,Смарт-часы,Электроника,Алматы,Лебедева Е.,Маркетплейс,1,86205.16,0,86205.16,55804.1,30401.05,CUST-586,Brand_Эле,Склад-Алм,0,completed
2026-04-11,ORD-10795,Стол письменный,Мебель,Алматы,Смирнова А.,Онлайн,2,49225.22,15,83682.87,56165.58,27517.29,CUST-596,Brand_Меб,Склад-Алм,0,completed
2026-02-11,ORD-10796,Коврик для йоги,Спорттовары,Шымкент,Козлов В.,B2B,7,1316.77,0,9217.4,4406.2,4811.2,CUST-632,Brand_Спо,Склад-Шым,0,completed
2026-05-10,ORD-10797,Коврик для йоги,Спорттовары,Астана,Козлов В.,Онлайн,9,3170.27,20,22825.94,10664.76,12161.18,CUST-218,Brand_Спо,Склад-Аст,0,completed
2026-03-25,ORD-10798,Гантели 5кг,Спорттовары,Астана,Петров П.,Офлайн-магазин,2,1235.49,0,2470.98,1695.85,775.13,CUST-434,Brand_Спо,Склад-Аст,0,completed
2026-02-03,ORD-10799,Чай зеленый,Продукты,Шымкент,Козлов В.,Онлайн,3,1566.65,20,3759.95,1640.0,2119.95,CUST-992,Brand_Про,Склад-Шым,0,completed
2025-11-13,ORD-10800,Скакалка,Спорттовары,Алматы,Смирнова А.,B2B,9,3966.22,20,28556.8,20657.39,7899.41,CUST-218,Brand_Спо,Склад-Алм,0,completed
2025-12-17,ORD-10801,Смартфон X,Электроника,Алматы,Смирнова А.,Офлайн-магазин,3,19174.66,0,57523.98,42644.38,14879.61,CUST-690,Brand_Эле,Склад-Алм,0,cancelled
2025-07-22,ORD-10802,Кофе зерновой,Продукты,Актобе,Лебедева Е.,Офлайн-магазин,7,1952.59,15,11617.91,8231.43,3386.48,CUST-915,Brand_Про,Склад-Акт,0,completed
2025-09-24,ORD-10803,Скакалка,Спорттовары,Актобе,Петров П.,Онлайн,1,3565.2,0,3565.2,2082.94,1482.26,CUST-403,Brand_Спо,Склад-Акт,0,completed
2025-11-11,ORD-10804,Кровать двуспальная,Мебель,Астана,Лебедева Е.,Маркетплейс,3,12013.32,0,36039.95,25967.38,10072.56,CUST-713,Brand_Меб,Склад-Аст,0,completed
2026-01-01,ORD-10805,Оливковое масло,Продукты,Алматы,Смирнова А.,B2B,4,1445.87,0,5783.49,3942.35,1841.14,CUST-929,Brand_Про,Склад-Алм,0,completed
2026-01-08,ORD-10806,Джинсы классика,Одежда,Астана,Иванов И.,Офлайн-магазин,3,9186.63,0,27559.89,21875.83,5684.07,CUST-968,Brand_Оде,Склад-Аст,0,completed
2025-10-11,ORD-10807,Смарт-часы,Электроника,Караганда,Смирнова А.,B2B,2,89359.8,20,142975.68,79555.28,63420.4,CUST-389,Brand_Эле,Склад-Кар,0,completed
2025-12-13,ORD-10808,Свитер шерстяной,Одежда,Караганда,Иванов И.,Офлайн-магазин,3,7088.88,5,20203.29,14948.9,5254.39,CUST-568,Brand_Оде,Склад-Кар,0,completed
2026-06-22,ORD-10809,Свитер шерстяной,Одежда,Астана,Козлов В.,B2B,1,5252.9,0,5252.9,3791.25,1461.65,CUST-766,Brand_Оде,Склад-Аст,0,completed
2025-07-26,ORD-10810,Оливковое масло,Продукты,Алматы,Петров П.,B2B,3,1053.93,5,3003.7,1628.71,1374.99,CUST-153,Brand_Про,Склад-Алм,0,completed
2025-09-20,ORD-10811,Эспандер,Спорттовары,Актобе,Козлов В.,Офлайн-магазин,4,3641.51,0,14566.03,7229.73,7336.29,CUST-804,Brand_Спо,Склад-Акт,0,completed
2026-05-23,ORD-10812,Кроссовки спорт,Одежда,Алматы,Козлов В.,B2B,3,6306.14,0,18918.42,10347.04,8571.38,CUST-184,Brand_Оде,Склад-Алм,0,completed
2025-09-22,ORD-10813,Шкаф-купе,Мебель,Астана,Иванов И.,B2B,3,21349.55,10,57643.78,31910.67,25733.11,CUST-819,Brand_Меб,Склад-Аст,0,cancelled
2026-03-01,ORD-10814,Оливковое масло,Продукты,Астана,Иванов И.,Маркетплейс,9,364.05,0,3276.46,2375.91,900.54,CUST-669,Brand_Про,Склад-Аст,0,completed
2026-04-22,ORD-10815,Мяч фитнес,Спорттовары,Алматы,Лебедева Е.,Онлайн,2,1872.33,0,3744.65,2395.23,1349.42,CUST-668,Brand_Спо,Склад-Алм,0,completed
2026-03-07,ORD-10816,Кофе зерновой,Продукты,Алматы,Петров П.,Офлайн-магазин,3,1577.02,0,4731.06,2378.32,2352.73,CUST-186,Brand_Про,Склад-Алм,0,completed
2025-09-23,ORD-10817,Эспандер,Спорттовары,Шымкент,Лебедева Е.,Офлайн-магазин,1,4317.74,0,4317.74,1806.83,2510.91,CUST-901,Brand_Спо,Склад-Шым,1,returned
2025-12-19,ORD-10818,Мяч фитнес,Спорттовары,Астана,Лебедева Е.,B2B,9,3088.2,15,23624.76,15178.17,8446.59,CUST-804,Brand_Спо,Склад-Аст,0,completed
2025-09-10,ORD-10819,Ноутбук Pro,Электроника,Алматы,Петров П.,Офлайн-магазин,1,49001.27,10,44101.14,28079.78,16021.36,CUST-846,Brand_Эле,Склад-Алм,0,completed
2026-06-05,ORD-10820,Стул офисный,Мебель,Актобе,Смирнова А.,Маркетплейс,3,26570.56,20,63769.34,37140.99,26628.35,CUST-792,Brand_Меб,Склад-Акт,3,returned
2026-02-24,ORD-10821,Свитер шерстяной,Одежда,Астана,Иванов И.,Маркетплейс,3,12975.85,0,38927.55,26695.66,12231.89,CUST-763,Brand_Оде,Склад-Аст,0,completed
2026-04-09,ORD-10822,Гантели 5кг,Спорттовары,Караганда,Петров П.,Маркетплейс,7,4983.51,0,34884.59,22376.48,12508.12,CUST-227,Brand_Спо,Склад-Кар,0,completed
2026-04-20,ORD-10823,Смарт-часы,Электроника,Караганда,Иванов И.,Маркетплейс,1,85683.04,0,85683.04,45703.93,39979.11,CUST-989,Brand_Эле,Склад-Кар,0,completed
2025-11-14,ORD-10824,Кофе зерновой,Продукты,Алматы,Козлов В.,Офлайн-магазин,2,931.56,5,1769.97,832.4,937.57,CUST-413,Brand_Про,Склад-Алм,0,completed
2026-05-19,ORD-10825,Стул офисный,Мебель,Актобе,Смирнова А.,Маркетплейс,2,44834.27,0,89668.55,68025.08,21643.47,CUST-869,Brand_Меб,Склад-Акт,0,completed
2026-02-06,ORD-10826,Куртка зимняя,Одежда,Актобе,Лебедева Е.,B2B,3,10203.92,0,30611.76,12361.0,18250.76,CUST-259,Brand_Оде,Склад-Акт,0,completed
2026-06-23,ORD-10827,Джинсы классика,Одежда,Караганда,Лебедева Е.,Маркетплейс,3,1768.43,0,5305.3,2907.63,2397.68,CUST-794,Brand_Оде,Склад-Кар,0,completed
2026-05-29,ORD-10828,Кровать двуспальная,Мебель,Астана,Козлов В.,Маркетплейс,3,32297.38,0,96892.15,75677.27,21214.87,CUST-835,Brand_Меб,Склад-Аст,0,completed
2025-11-16,ORD-10829,Кофе зерновой,Продукты,Шымкент,Козлов В.,Маркетплейс,2,1876.59,0,3753.17,1616.41,2136.77,CUST-195,Brand_Про,Склад-Шым,0,completed
2025-10-14,ORD-10830,Коврик для йоги,Спорттовары,Алматы,Смирнова А.,B2B,7,508.08,0,3556.57,2749.14,807.42,CUST-609,Brand_Спо,Склад-Алм,0,completed
2026-04-11,ORD-10831,Коврик для йоги,Спорттовары,Караганда,Иванов И.,Офлайн-магазин,7,507.65,15,3020.5,1503.28,1517.23,CUST-943,Brand_Спо,Склад-Кар,0,completed
2026-04-18,ORD-10832,Коврик для йоги,Спорттовары,Актобе,Козлов В.,Офлайн-магазин,4,4307.22,0,17228.87,9421.1,7807.77,CUST-461,Brand_Спо,Склад-Акт,0,completed
2025-08-17,ORD-10833,Кровать двуспальная,Мебель,Караганда,Петров П.,Маркетплейс,2,9619.95,10,17315.92,12687.21,4628.71,CUST-978,Brand_Меб,Склад-Кар,0,completed
2025-09-20,ORD-10834,Шоколад горький,Продукты,Караганда,Смирнова А.,Маркетплейс,1,633.79,20,507.04,246.92,260.12,CUST-758,Brand_Про,Склад-Кар,0,completed
2026-04-11,ORD-10835,Наушники Air,Электроника,Актобе,Козлов В.,Онлайн,1,52837.2,0,52837.2,28078.78,24758.42,CUST-105,Brand_Эле,Склад-Акт,0,completed
2026-01-17,ORD-10836,Кроссовки спорт,Одежда,Шымкент,Иванов И.,Онлайн,2,9307.39,0,18614.79,11385.52,7229.26,CUST-520,Brand_Оде,Склад-Шым,0,completed
2025-09-23,ORD-10837,Стул офисный,Мебель,Астана,Смирнова А.,Офлайн-магазин,2,30467.87,0,60935.74,33258.62,27677.12,CUST-649,Brand_Меб,Склад-Аст,0,completed
2025-12-06,ORD-10838,Наушники Air,Электроника,Караганда,Петров П.,Офлайн-магазин,3,56420.97,0,169262.92,92027.35,77235.57,CUST-303,Brand_Эле,Склад-Кар,0,completed
2025-09-16,ORD-10839,Куртка зимняя,Одежда,Алматы,Петров П.,B2B,3,7728.99,0,23186.97,9567.93,13619.04,CUST-590,Brand_Оде,Склад-Алм,0,completed
2026-06-27,ORD-10840,Кофе зерновой,Продукты,Караганда,Козлов В.,B2B,3,1828.91,0,5486.73,3872.3,1614.43,CUST-613,Brand_Про,Склад-Кар,0,completed
2026-02-06,ORD-10841,Футболка базовая,Одежда,Алматы,Иванов И.,Офлайн-магазин,2,3787.43,0,7574.85,5355.07,2219.78,CUST-794,Brand_Оде,Склад-Алм,0,completed
2026-01-13,ORD-10842,Шкаф-купе,Мебель,Алматы,Козлов В.,B2B,2,19503.38,0,39006.76,27474.8,11531.96,CUST-256,Brand_Меб,Склад-Алм,0,completed
2026-04-09,ORD-10843,Джинсы классика,Одежда,Шымкент,Иванов И.,Маркетплейс,1,12961.4,0,12961.4,7409.56,5551.84,CUST-901,Brand_Оде,Склад-Шым,0,completed
2025-09-12,ORD-10844,Скакалка,Спорттовары,Астана,Петров П.,Офлайн-магазин,2,2418.6,0,4837.2,2009.11,2828.08,CUST-249,Brand_Спо,Склад-Аст,0,cancelled
2026-02-25,ORD-10845,Смарт-часы,Электроника,Астана,Иванов И.,Онлайн,2,57554.24,0,115108.49,78281.08,36827.4,CUST-327,Brand_Эле,Склад-Аст,0,cancelled
2026-01-10,ORD-10846,Кровать двуспальная,Мебель,Алматы,Лебедева Е.,B2B,1,46502.93,0,46502.93,23609.46,22893.46,CUST-459,Brand_Меб,Склад-Алм,0,completed
2026-07-21,ORD-10847,Стол письменный,Мебель,Шымкент,Иванов И.,Офлайн-магазин,1,7073.36,0,7073.36,4936.51,2136.85,CUST-583,Brand_Меб,Склад-Шым,0,completed
2025-12-12,ORD-10848,Коврик для йоги,Спорттовары,Караганда,Петров П.,Маркетплейс,6,4235.49,0,25412.92,11298.87,14114.04,CUST-799,Brand_Спо,Склад-Кар,0,completed
2026-04-30,ORD-10849,Куртка зимняя,Одежда,Шымкент,Смирнова А.,Маркетплейс,3,4642.65,0,13927.96,8826.58,5101.38,CUST-208,Brand_Оде,Склад-Шым,0,completed
2025-09-26,ORD-10850,Коврик для йоги,Спорттовары,Алматы,Лебедева Е.,Офлайн-магазин,8,1950.39,5,14822.94,11513.38,3309.56,CUST-408,Brand_Спо,Склад-Алм,0,completed
2026-03-21,ORD-10851,Свитер шерстяной,Одежда,Астана,Иванов И.,Офлайн-магазин,2,3910.03,0,7820.06,3917.93,3902.13,CUST-973,Brand_Оде,Склад-Аст,0,completed
2026-05-04,ORD-10852,Шоколад горький,Продукты,Караганда,Иванов И.,B2B,8,316.46,0,2531.65,1955.78,575.87,CUST-122,Brand_Про,Склад-Кар,0,completed
2025-10-15,ORD-10853,Эспандер,Спорттовары,Астана,Смирнова А.,Онлайн,4,1116.66,20,3573.32,2136.88,1436.44,CUST-625,Brand_Спо,Склад-Аст,0,completed
2025-08-29,ORD-10854,Кроссовки спорт,Одежда,Актобе,Козлов В.,B2B,3,8641.9,0,25925.69,12279.09,13646.59,CUST-323,Brand_Оде,Склад-Акт,0,completed
2026-05-21,ORD-10855,Смарт-часы,Электроника,Караганда,Лебедева Е.,Маркетплейс,1,42212.88,0,42212.88,21419.06,20793.82,CUST-329,Brand_Эле,Склад-Кар,0,completed
2025-08-14,ORD-10856,Гантели 5кг,Спорттовары,Шымкент,Иванов И.,Офлайн-магазин,3,2544.02,0,7632.06,5466.45,2165.61,CUST-354,Brand_Спо,Склад-Шым,0,completed
2025-11-06,ORD-10857,Коврик для йоги,Спорттовары,Алматы,Смирнова А.,Маркетплейс,2,3306.87,15,5621.68,3872.4,1749.29,CUST-726,Brand_Спо,Склад-Алм,0,completed
2025-12-19,ORD-10858,Кофе зерновой,Продукты,Алматы,Смирнова А.,Офлайн-магазин,5,1602.34,0,8011.71,6318.37,1693.34,CUST-988,Brand_Про,Склад-Алм,0,completed
2026-05-16,ORD-10859,Наушники Air,Электроника,Шымкент,Лебедева Е.,Офлайн-магазин,1,66942.81,0,66942.81,32237.48,34705.33,CUST-978,Brand_Эле,Склад-Шым,0,completed
2026-02-09,ORD-10860,Кроссовки спорт,Одежда,Астана,Козлов В.,Маркетплейс,2,3499.6,0,6999.21,3307.86,3691.34,CUST-983,Brand_Оде,Склад-Аст,0,completed
2025-10-20,ORD-10861,Свитер шерстяной,Одежда,Караганда,Петров П.,Маркетплейс,2,1140.28,0,2280.57,1074.36,1206.21,CUST-722,Brand_Оде,Склад-Кар,0,completed
2025-10-26,ORD-10862,Ноутбук Pro,Электроника,Алматы,Козлов В.,Офлайн-магазин,3,74643.07,5,212732.76,146726.63,66006.13,CUST-868,Brand_Эле,Склад-Алм,0,completed
2025-07-28,ORD-10863,Коврик для йоги,Спорттовары,Караганда,Козлов В.,Онлайн,1,1652.6,5,1569.97,711.0,858.98,CUST-374,Brand_Спо,Склад-Кар,0,completed
2025-10-03,ORD-10864,Коврик для йоги,Спорттовары,Алматы,Иванов И.,Маркетплейс,4,1122.71,0,4490.84,3160.96,1329.88,CUST-935,Brand_Спо,Склад-Алм,0,completed
2025-10-13,ORD-10865,Шоколад горький,Продукты,Караганда,Петров П.,Офлайн-магазин,9,301.83,0,2716.44,1768.38,948.05,CUST-944,Brand_Про,Склад-Кар,0,completed
2025-08-13,ORD-10866,Смарт-часы,Электроника,Шымкент,Иванов И.,B2B,1,24264.36,5,23051.14,11310.5,11740.64,CUST-461,Brand_Эле,Склад-Шым,0,completed
2026-06-22,ORD-10867,Чай зеленый,Продукты,Караганда,Иванов И.,B2B,2,565.29,0,1130.59,884.78,245.81,CUST-178,Brand_Про,Склад-Кар,0,completed
2026-06-02,ORD-10868,Кофе зерновой,Продукты,Шымкент,Иванов И.,Онлайн,3,1532.7,0,4598.1,2814.92,1783.18,CUST-795,Brand_Про,Склад-Шым,0,completed
2026-02-24,ORD-10869,Куртка зимняя,Одежда,Актобе,Смирнова А.,Маркетплейс,2,3245.16,15,5516.77,4265.3,1251.46,CUST-828,Brand_Оде,Склад-Акт,0,completed
2025-08-30,ORD-10870,Ноутбук Pro,Электроника,Астана,Смирнова А.,Офлайн-магазин,2,55201.63,20,88322.6,64109.84,24212.77,CUST-537,Brand_Эле,Склад-Аст,0,completed
2025-12-11,ORD-10871,Футболка базовая,Одежда,Шымкент,Петров П.,Офлайн-магазин,2,12491.31,0,24982.62,14931.68,10050.94,CUST-523,Brand_Оде,Склад-Шым,0,completed
2026-05-26,ORD-10872,Чай зеленый,Продукты,Астана,Козлов В.,B2B,8,1142.24,0,9137.92,5455.71,3682.21,CUST-335,Brand_Про,Склад-Аст,0,completed
2026-02-03,ORD-10873,Смарт-часы,Электроника,Караганда,Лебедева Е.,Офлайн-магазин,1,90053.65,0,90053.65,36124.7,53928.95,CUST-117,Brand_Эле,Склад-Кар,0,cancelled
2026-01-23,ORD-10874,Мяч фитнес,Спорттовары,Астана,Иванов И.,Онлайн,6,3349.87,10,18089.28,9368.05,8721.22,CUST-973,Brand_Спо,Склад-Аст,0,completed
2026-04-30,ORD-10875,Стол письменный,Мебель,Астана,Петров П.,Онлайн,1,14188.85,10,12769.97,7036.05,5733.92,CUST-534,Brand_Меб,Склад-Аст,0,completed
2026-01-28,ORD-10876,Смартфон X,Электроника,Актобе,Иванов И.,B2B,1,78558.75,0,78558.75,42900.75,35658.0,CUST-178,Brand_Эле,Склад-Акт,0,completed
2025-07-28,ORD-10877,Мяч фитнес,Спорттовары,Астана,Петров П.,B2B,9,1683.86,0,15154.72,7877.47,7277.25,CUST-445,Brand_Спо,Склад-Аст,0,completed
2026-03-06,ORD-10878,Планшет Z,Электроника,Алматы,Петров П.,Онлайн,1,89060.5,0,89060.5,41807.85,47252.64,CUST-505,Brand_Эле,Склад-Алм,0,completed
2026-02-23,ORD-10879,Шкаф-купе,Мебель,Шымкент,Лебедева Е.,Маркетплейс,1,55369.12,0,55369.12,25620.41,29748.71,CUST-634,Brand_Меб,Склад-Шым,0,cancelled
2026-01-31,ORD-10880,Джинсы классика,Одежда,Караганда,Лебедева Е.,Онлайн,2,5744.85,0,11489.7,8024.39,3465.31,CUST-961,Brand_Оде,Склад-Кар,0,completed
2025-08-30,ORD-10881,Кровать двуспальная,Мебель,Шымкент,Козлов В.,B2B,1,13068.35,20,10454.68,4996.21,5458.47,CUST-179,Brand_Меб,Склад-Шым,0,completed
2026-01-23,ORD-10882,Эспандер,Спорттовары,Алматы,Петров П.,Маркетплейс,9,1743.29,0,15689.57,7605.74,8083.83,CUST-416,Brand_Спо,Склад-Алм,0,completed
2025-10-26,ORD-10883,Гантели 5кг,Спорттовары,Алматы,Петров П.,Маркетплейс,10,1320.88,0,13208.82,8262.06,4946.76,CUST-146,Brand_Спо,Склад-Алм,0,completed
2025-08-15,ORD-10884,Кофе зерновой,Продукты,Шымкент,Иванов И.,Маркетплейс,5,1857.58,10,8359.11,4395.13,3963.98,CUST-464,Brand_Про,Склад-Шым,0,completed
2025-09-26,ORD-10885,Планшет Z,Электроника,Караганда,Лебедева Е.,Онлайн,1,83899.57,0,83899.57,60275.77,23623.79,CUST-989,Brand_Эле,Склад-Кар,0,completed
2025-08-10,ORD-10886,Чай зеленый,Продукты,Астана,Козлов В.,Онлайн,2,1567.48,10,2821.46,2126.71,694.75,CUST-769,Brand_Про,Склад-Аст,0,completed
2025-10-02,ORD-10887,Свитер шерстяной,Одежда,Актобе,Лебедева Е.,Маркетплейс,1,8031.67,0,8031.67,4370.25,3661.43,CUST-541,Brand_Оде,Склад-Акт,0,completed
2025-08-11,ORD-10888,Стол письменный,Мебель,Астана,Лебедева Е.,Онлайн,3,13754.08,0,41262.25,24716.46,16545.79,CUST-246,Brand_Меб,Склад-Аст,0,completed
2025-12-27,ORD-10889,Коврик для йоги,Спорттовары,Караганда,Иванов И.,B2B,3,3409.26,10,9205.01,3932.97,5272.03,CUST-461,Brand_Спо,Склад-Кар,0,completed
2025-09-05,ORD-10890,Ноутбук Pro,Электроника,Караганда,Смирнова А.,B2B,2,41720.53,0,83441.07,38064.05,45377.01,CUST-682,Brand_Эле,Склад-Кар,0,completed
2026-03-28,ORD-10891,Планшет Z,Электроника,Шымкент,Козлов В.,B2B,3,90596.87,0,271790.61,148586.0,123204.61,CUST-421,Brand_Эле,Склад-Шым,0,completed
2026-01-29,ORD-10892,Наушники Air,Электроника,Актобе,Козлов В.,Маркетплейс,1,104539.13,0,104539.13,68739.36,35799.77,CUST-350,Brand_Эле,Склад-Акт,0,completed
2026-07-15,ORD-10893,Коврик для йоги,Спорттовары,Астана,Иванов И.,Маркетплейс,3,3996.37,0,11989.12,8890.31,3098.81,CUST-995,Brand_Спо,Склад-Аст,0,completed
2026-03-15,ORD-10894,Планшет Z,Электроника,Караганда,Козлов В.,B2B,1,21969.84,0,21969.84,9740.1,12229.75,CUST-506,Brand_Эле,Склад-Кар,0,cancelled
2026-02-28,ORD-10895,Кроссовки спорт,Одежда,Шымкент,Иванов И.,Маркетплейс,3,7038.8,0,21116.39,14378.5,6737.9,CUST-385,Brand_Оде,Склад-Шым,0,completed
2026-03-11,ORD-10896,Смарт-часы,Электроника,Астана,Козлов В.,Офлайн-магазин,1,87428.09,0,87428.09,36066.65,51361.44,CUST-489,Brand_Эле,Склад-Аст,0,completed
2025-08-22,ORD-10897,Сыр пармезан,Продукты,Караганда,Петров П.,Онлайн,1,642.29,20,513.83,260.99,252.84,CUST-185,Brand_Про,Склад-Кар,0,completed
2025-10-02,ORD-10898,Планшет Z,Электроника,Караганда,Иванов И.,Маркетплейс,2,110216.02,10,198388.83,132495.52,65893.31,CUST-950,Brand_Эле,Склад-Кар,0,completed
2025-08-18,ORD-10899,Наушники Air,Электроника,Шымкент,Смирнова А.,Офлайн-магазин,2,28495.97,20,45593.55,26909.3,18684.25,CUST-264,Brand_Эле,Склад-Шым,0,completed
2026-07-13,ORD-10900,Диван угловой,Мебель,Актобе,Козлов В.,Онлайн,3,41224.81,0,123674.42,85222.74,38451.68,CUST-248,Brand_Меб,Склад-Акт,0,completed
2026-01-03,ORD-10901,Кофе зерновой,Продукты,Астана,Козлов В.,Офлайн-магазин,6,1173.93,0,7043.6,5550.29,1493.31,CUST-633,Brand_Про,Склад-Аст,0,completed
2025-07-23,ORD-10902,Стол письменный,Мебель,Караганда,Лебедева Е.,Онлайн,1,5406.5,10,4865.85,2764.14,2101.7,CUST-270,Brand_Меб,Склад-Кар,0,completed
2026-05-25,ORD-10903,Стол письменный,Мебель,Шымкент,Петров П.,Офлайн-магазин,3,53617.76,15,136725.29,99195.8,37529.49,CUST-414,Brand_Меб,Склад-Шым,0,completed
2026-04-05,ORD-10904,Наушники Air,Электроника,Караганда,Козлов В.,B2B,2,52077.54,20,83324.06,50766.68,32557.38,CUST-216,Brand_Эле,Склад-Кар,0,completed
2025-10-20,ORD-10905,Кровать двуспальная,Мебель,Шымкент,Петров П.,Офлайн-магазин,2,38749.11,0,77498.21,57196.52,20301.69,CUST-547,Brand_Меб,Склад-Шым,0,completed
2026-06-11,ORD-10906,Оливковое масло,Продукты,Алматы,Иванов И.,Онлайн,1,330.92,0,330.92,186.81,144.11,CUST-869,Brand_Про,Склад-Алм,0,completed
2026-06-06,ORD-10907,Коврик для йоги,Спорттовары,Караганда,Лебедева Е.,Онлайн,7,3088.47,0,21619.31,15365.97,6253.34,CUST-217,Brand_Спо,Склад-Кар,0,completed
2025-10-30,ORD-10908,Стул офисный,Мебель,Шымкент,Козлов В.,B2B,3,48182.53,20,115638.06,46607.0,69031.06,CUST-329,Brand_Меб,Склад-Шым,0,completed
2026-04-07,ORD-10909,Шоколад горький,Продукты,Шымкент,Смирнова А.,B2B,4,1919.36,0,7677.45,5862.68,1814.77,CUST-126,Brand_Про,Склад-Шым,0,completed
2025-10-08,ORD-10910,Оливковое масло,Продукты,Актобе,Смирнова А.,Маркетплейс,10,532.1,10,4788.93,2980.13,1808.8,CUST-731,Brand_Про,Склад-Акт,0,completed
2026-06-16,ORD-10911,Стул офисный,Мебель,Актобе,Козлов В.,Офлайн-магазин,2,45677.56,10,82219.6,46145.56,36074.05,CUST-262,Brand_Меб,Склад-Акт,0,completed
2026-03-02,ORD-10912,Футболка базовая,Одежда,Астана,Лебедева Е.,Онлайн,3,11627.93,15,29651.21,21791.72,7859.49,CUST-430,Brand_Оде,Склад-Аст,0,completed
2025-11-03,ORD-10913,Смартфон X,Электроника,Алматы,Козлов В.,Онлайн,3,101221.67,0,303665.02,196544.11,107120.92,CUST-180,Brand_Эле,Склад-Алм,0,completed
2026-05-10,ORD-10914,Стул офисный,Мебель,Астана,Козлов В.,Маркетплейс,1,15080.9,0,15080.9,7370.07,7710.83,CUST-960,Brand_Меб,Склад-Аст,0,completed
2025-11-24,ORD-10915,Диван угловой,Мебель,Алматы,Смирнова А.,Онлайн,3,12768.6,0,38305.8,30411.71,7894.09,CUST-213,Brand_Меб,Склад-Алм,0,completed
2026-03-14,ORD-10916,Коврик для йоги,Спорттовары,Алматы,Петров П.,Маркетплейс,3,2806.85,0,8420.55,5032.95,3387.6,CUST-958,Brand_Спо,Склад-Алм,0,completed
2025-11-05,ORD-10917,Стул офисный,Мебель,Караганда,Иванов И.,B2B,2,7966.95,5,15137.2,7328.2,7809.0,CUST-421,Brand_Меб,Склад-Кар,0,completed
2026-06-11,ORD-10918,Стол письменный,Мебель,Астана,Смирнова А.,Онлайн,3,14052.34,0,42157.02,27092.71,15064.31,CUST-451,Brand_Меб,Склад-Аст,0,completed
2026-01-15,ORD-10919,Шкаф-купе,Мебель,Актобе,Лебедева Е.,Онлайн,3,13639.69,5,38873.12,18547.85,20325.27,CUST-123,Brand_Меб,Склад-Акт,0,completed
2026-04-13,ORD-10920,Гантели 5кг,Спорттовары,Астана,Смирнова А.,Онлайн,1,2521.47,0,2521.47,1230.23,1291.23,CUST-229,Brand_Спо,Склад-Аст,0,completed
2025-12-06,ORD-10921,Сыр пармезан,Продукты,Астана,Иванов И.,Маркетплейс,9,1480.62,0,13325.62,7819.71,5505.91,CUST-546,Brand_Про,Склад-Аст,0,completed
2026-04-10,ORD-10922,Стол письменный,Мебель,Шымкент,Петров П.,Офлайн-магазин,3,48664.6,0,145993.8,81337.58,64656.22,CUST-884,Brand_Меб,Склад-Шым,0,completed
2026-05-18,ORD-10923,Чай зеленый,Продукты,Астана,Козлов В.,B2B,7,1035.08,0,7245.54,3685.58,3559.95,CUST-210,Brand_Про,Склад-Аст,0,completed
2026-05-28,ORD-10924,Кровать двуспальная,Мебель,Астана,Лебедева Е.,Маркетплейс,3,30794.21,20,73906.12,34506.74,39399.38,CUST-623,Brand_Меб,Склад-Аст,0,completed
2025-11-28,ORD-10925,Мяч фитнес,Спорттовары,Шымкент,Лебедева Е.,Маркетплейс,1,3188.98,0,3188.98,2307.6,881.38,CUST-290,Brand_Спо,Склад-Шым,0,completed
2026-01-21,ORD-10926,Футболка базовая,Одежда,Астана,Смирнова А.,Маркетплейс,2,3187.31,0,6374.62,3362.2,3012.42,CUST-436,Brand_Оде,Склад-Аст,0,completed
2025-11-08,ORD-10927,Шкаф-купе,Мебель,Шымкент,Петров П.,Онлайн,2,29336.38,0,58672.76,35843.48,22829.28,CUST-384,Brand_Меб,Склад-Шым,0,completed
2026-05-29,ORD-10928,Смарт-часы,Электроника,Караганда,Козлов В.,Маркетплейс,1,54309.39,0,54309.39,39161.96,15147.43,CUST-381,Brand_Эле,Склад-Кар,0,completed
2026-02-22,ORD-10929,Смартфон X,Электроника,Караганда,Петров П.,Маркетплейс,2,81942.66,0,163885.32,66948.38,96936.94,CUST-902,Brand_Эле,Склад-Кар,0,completed
2026-05-12,ORD-10930,Наушники Air,Электроника,Шымкент,Петров П.,B2B,3,9303.13,5,26513.92,14183.78,12330.14,CUST-581,Brand_Эле,Склад-Шым,0,completed
2025-09-08,ORD-10931,Диван угловой,Мебель,Шымкент,Смирнова А.,Маркетплейс,1,34735.75,0,34735.75,18245.64,16490.11,CUST-502,Brand_Меб,Склад-Шым,0,completed
2025-12-21,ORD-10932,Кровать двуспальная,Мебель,Алматы,Смирнова А.,Онлайн,1,4206.72,0,4206.72,1700.18,2506.54,CUST-430,Brand_Меб,Склад-Алм,0,completed
2026-07-09,ORD-10933,Стол письменный,Мебель,Астана,Иванов И.,Офлайн-магазин,3,21198.96,5,60417.05,30442.65,29974.4,CUST-213,Brand_Меб,Склад-Аст,0,completed
2025-08-15,ORD-10934,Кофе зерновой,Продукты,Шымкент,Смирнова А.,B2B,3,785.09,20,1884.21,844.05,1040.16,CUST-251,Brand_Про,Склад-Шым,0,completed
2026-05-17,ORD-10935,Кровать двуспальная,Мебель,Алматы,Лебедева Е.,Офлайн-магазин,2,38820.0,0,77640.01,61377.51,16262.49,CUST-848,Brand_Меб,Склад-Алм,0,completed
2026-03-26,ORD-10936,Футболка базовая,Одежда,Шымкент,Смирнова А.,Онлайн,3,6090.3,10,16443.8,10915.27,5528.53,CUST-310,Brand_Оде,Склад-Шым,0,completed
2026-07-12,ORD-10937,Смартфон X,Электроника,Караганда,Иванов И.,Офлайн-магазин,3,7196.02,0,21588.05,15703.24,5884.8,CUST-207,Brand_Эле,Склад-Кар,0,completed
2026-01-12,ORD-10938,Свитер шерстяной,Одежда,Актобе,Лебедева Е.,Маркетплейс,2,13787.13,10,24816.84,18342.69,6474.15,CUST-233,Brand_Оде,Склад-Акт,0,completed
2025-11-11,ORD-10939,Сыр пармезан,Продукты,Караганда,Лебедева Е.,Офлайн-магазин,7,1695.64,0,11869.45,6066.89,5802.55,CUST-414,Brand_Про,Склад-Кар,0,completed
2026-05-13,ORD-10940,Ноутбук Pro,Электроника,Караганда,Иванов И.,Онлайн,1,31853.92,10,28668.53,14526.42,14142.11,CUST-643,Brand_Эле,Склад-Кар,0,completed
2026-03-10,ORD-10941,Шоколад горький,Продукты,Алматы,Лебедева Е.,Онлайн,7,1005.7,0,7039.92,3933.7,3106.21,CUST-441,Brand_Про,Склад-Алм,0,completed
2025-08-18,ORD-10942,Диван угловой,Мебель,Шымкент,Иванов И.,Онлайн,2,48466.94,20,77547.1,37034.37,40512.72,CUST-280,Brand_Меб,Склад-Шым,0,completed
2026-05-22,ORD-10943,Оливковое масло,Продукты,Актобе,Козлов В.,B2B,1,418.8,0,418.8,328.17,90.63,CUST-154,Brand_Про,Склад-Акт,0,completed
2025-08-09,ORD-10944,Эспандер,Спорттовары,Астана,Иванов И.,Онлайн,4,3264.93,20,10447.79,5816.94,4630.84,CUST-851,Brand_Спо,Склад-Аст,0,completed
2026-07-11,ORD-10945,Сыр пармезан,Продукты,Астана,Петров П.,Офлайн-магазин,5,813.52,15,3457.44,2397.92,1059.52,CUST-615,Brand_Про,Склад-Аст,0,completed
2026-07-15,ORD-10946,Мяч фитнес,Спорттовары,Шымкент,Петров П.,Офлайн-магазин,2,2610.99,0,5221.97,2782.59,2439.38,CUST-113,Brand_Спо,Склад-Шым,0,completed
2026-06-28,ORD-10947,Кровать двуспальная,Мебель,Шымкент,Иванов И.,Офлайн-магазин,1,18886.12,0,18886.12,13297.8,5588.32,CUST-460,Brand_Меб,Склад-Шым,0,completed
2026-03-21,ORD-10948,Коврик для йоги,Спорттовары,Караганда,Петров П.,B2B,1,1389.64,15,1181.19,867.16,314.03,CUST-271,Brand_Спо,Склад-Кар,0,completed
2025-10-05,ORD-10949,Смартфон X,Электроника,Шымкент,Смирнова А.,B2B,3,70998.63,0,212995.9,131692.39,81303.51,CUST-359,Brand_Эле,Склад-Шым,0,completed
2026-01-24,ORD-10950,Стул офисный,Мебель,Шымкент,Смирнова А.,Маркетплейс,3,36044.97,20,86507.93,38505.06,48002.87,CUST-845,Brand_Меб,Склад-Шым,0,completed
2026-06-14,ORD-10951,Ноутбук Pro,Электроника,Караганда,Петров П.,Офлайн-магазин,2,53642.28,0,107284.56,67700.17,39584.39,CUST-541,Brand_Эле,Склад-Кар,0,completed
2026-01-22,ORD-10952,Футболка базовая,Одежда,Астана,Козлов В.,Онлайн,3,4800.28,0,14400.84,10940.15,3460.69,CUST-997,Brand_Оде,Склад-Аст,0,completed
2026-04-17,ORD-10953,Куртка зимняя,Одежда,Шымкент,Смирнова А.,B2B,2,12189.9,15,20722.83,10853.15,9869.67,CUST-632,Brand_Оде,Склад-Шым,0,completed
2026-07-16,ORD-10954,Оливковое масло,Продукты,Алматы,Козлов В.,B2B,6,1348.83,0,8092.96,6375.54,1717.42,CUST-801,Brand_Про,Склад-Алм,0,completed
2025-10-05,ORD-10955,Стол письменный,Мебель,Актобе,Смирнова А.,Офлайн-магазин,2,25457.5,0,50914.99,36654.42,14260.57,CUST-141,Brand_Меб,Склад-Акт,0,completed
2025-11-10,ORD-10956,Оливковое масло,Продукты,Алматы,Иванов И.,B2B,1,854.31,0,854.31,567.35,286.96,CUST-357,Brand_Про,Склад-Алм,0,completed
2025-09-30,ORD-10957,Шоколад горький,Продукты,Актобе,Лебедева Е.,Офлайн-магазин,5,393.17,0,1965.87,1362.78,603.09,CUST-182,Brand_Про,Склад-Акт,0,completed
2025-12-17,ORD-10958,Футболка базовая,Одежда,Караганда,Смирнова А.,Офлайн-магазин,3,15113.71,0,45341.13,25800.25,19540.88,CUST-200,Brand_Оде,Склад-Кар,0,cancelled
2025-12-02,ORD-10959,Оливковое масло,Продукты,Шымкент,Петров П.,B2B,6,1661.19,10,8970.4,6040.03,2930.38,CUST-238,Brand_Про,Склад-Шым,0,completed
2026-02-20,ORD-10960,Гантели 5кг,Спорттовары,Шымкент,Смирнова А.,Онлайн,10,3123.64,20,24989.11,15451.57,9537.54,CUST-996,Brand_Спо,Склад-Шым,0,completed
2026-03-02,ORD-10961,Ноутбук Pro,Электроника,Актобе,Козлов В.,Маркетплейс,3,80477.77,20,193146.64,104623.2,88523.44,CUST-520,Brand_Эле,Склад-Акт,0,completed
2026-03-15,ORD-10962,Смарт-часы,Электроника,Алматы,Козлов В.,Онлайн,3,23886.37,10,64493.2,40768.02,23725.18,CUST-735,Brand_Эле,Склад-Алм,0,completed
2026-04-26,ORD-10963,Эспандер,Спорттовары,Алматы,Козлов В.,Офлайн-магазин,1,4069.42,0,4069.42,2869.75,1199.67,CUST-959,Brand_Спо,Склад-Алм,0,completed
2025-08-18,ORD-10964,Смартфон X,Электроника,Шымкент,Иванов И.,Маркетплейс,1,82157.08,20,65725.67,44446.14,21279.53,CUST-224,Brand_Эле,Склад-Шым,0,completed
2026-05-17,ORD-10965,Коврик для йоги,Спорттовары,Астана,Лебедева Е.,Офлайн-магазин,3,5213.26,0,15639.78,10482.91,5156.87,CUST-408,Brand_Спо,Склад-Аст,0,completed
2026-06-08,ORD-10966,Кофе зерновой,Продукты,Караганда,Лебедева Е.,Офлайн-магазин,2,404.64,0,809.29,519.17,290.12,CUST-199,Brand_Про,Склад-Кар,0,completed
2025-11-25,ORD-10967,Футболка базовая,Одежда,Караганда,Иванов И.,B2B,1,8733.88,15,7423.79,4170.86,3252.94,CUST-939,Brand_Оде,Склад-Кар,0,cancelled
2025-11-19,ORD-10968,Эспандер,Спорттовары,Актобе,Козлов В.,Онлайн,3,4024.77,0,12074.32,5722.3,6352.02,CUST-773,Brand_Спо,Склад-Акт,0,completed
2025-11-22,ORD-10969,Свитер шерстяной,Одежда,Актобе,Петров П.,B2B,2,7601.76,0,15203.52,6689.67,8513.85,CUST-476,Brand_Оде,Склад-Акт,0,completed
2026-06-28,ORD-10970,Сыр пармезан,Продукты,Караганда,Иванов И.,B2B,7,1066.49,0,7465.43,3832.52,3632.91,CUST-498,Brand_Про,Склад-Кар,0,completed
2025-07-27,ORD-10971,Эспандер,Спорттовары,Алматы,Лебедева Е.,B2B,6,791.18,20,3797.66,2859.52,938.14,CUST-109,Brand_Спо,Склад-Алм,0,completed
2025-10-11,ORD-10972,Оливковое масло,Продукты,Актобе,Петров П.,Маркетплейс,9,1784.37,0,16059.33,6826.92,9232.41,CUST-460,Brand_Про,Склад-Акт,0,completed
2026-06-22,ORD-10973,Эспандер,Спорттовары,Караганда,Петров П.,Маркетплейс,7,2786.45,0,19505.17,14350.54,5154.63,CUST-583,Brand_Спо,Склад-Кар,0,completed
2026-05-28,ORD-10974,Свитер шерстяной,Одежда,Актобе,Лебедева Е.,Маркетплейс,3,2980.79,0,8942.37,6993.63,1948.74,CUST-732,Brand_Оде,Склад-Акт,0,completed
2026-02-13,ORD-10975,Смартфон X,Электроника,Алматы,Петров П.,Офлайн-магазин,3,14317.39,0,42952.18,33231.83,9720.36,CUST-878,Brand_Эле,Склад-Алм,0,completed
2025-11-17,ORD-10976,Футболка базовая,Одежда,Астана,Козлов В.,B2B,1,1961.1,0,1961.1,874.24,1086.86,CUST-174,Brand_Оде,Склад-Аст,0,completed
2026-03-05,ORD-10977,Оливковое масло,Продукты,Алматы,Петров П.,Маркетплейс,8,318.2,0,2545.58,2025.13,520.45,CUST-304,Brand_Про,Склад-Алм,0,completed
2025-10-30,ORD-10978,Сыр пармезан,Продукты,Караганда,Смирнова А.,Офлайн-магазин,3,515.07,0,1545.2,944.75,600.44,CUST-188,Brand_Про,Склад-Кар,0,completed
2026-05-16,ORD-10979,Смартфон X,Электроника,Астана,Иванов И.,Офлайн-магазин,2,6118.37,5,11624.91,6234.26,5390.65,CUST-845,Brand_Эле,Склад-Аст,0,completed
2026-06-15,ORD-10980,Мяч фитнес,Спорттовары,Астана,Петров П.,B2B,6,4963.63,0,29781.75,22631.22,7150.53,CUST-920,Brand_Спо,Склад-Аст,0,completed
2025-08-25,ORD-10981,Кровать двуспальная,Мебель,Караганда,Иванов И.,Онлайн,3,11817.26,0,35451.77,15853.0,19598.77,CUST-715,Brand_Меб,Склад-Кар,0,completed
2026-04-24,ORD-10982,Кофе зерновой,Продукты,Астана,Смирнова А.,Маркетплейс,6,902.4,0,5414.39,4053.16,1361.24,CUST-176,Brand_Про,Склад-Аст,0,cancelled
2026-04-21,ORD-10983,Гантели 5кг,Спорттовары,Актобе,Лебедева Е.,Маркетплейс,10,3752.01,0,37520.13,25476.44,12043.69,CUST-582,Brand_Спо,Склад-Акт,0,completed
2025-12-03,ORD-10984,Смартфон X,Электроника,Шымкент,Козлов В.,Маркетплейс,2,31269.73,5,59412.49,27075.19,32337.3,CUST-851,Brand_Эле,Склад-Шым,0,completed
2026-01-06,ORD-10985,Ноутбук Pro,Электроника,Караганда,Иванов И.,Онлайн,1,44499.95,5,42274.95,31917.9,10357.05,CUST-232,Brand_Эле,Склад-Кар,0,completed
2025-12-07,ORD-10986,Смартфон X,Электроника,Алматы,Козлов В.,Офлайн-магазин,2,103806.67,0,207613.33,108242.81,99370.52,CUST-333,Brand_Эле,Склад-Алм,0,completed
2025-08-01,ORD-10987,Смартфон X,Электроника,Астана,Лебедева Е.,B2B,3,102663.81,20,246393.14,103696.07,142697.07,CUST-812,Brand_Эле,Склад-Аст,0,completed
2025-09-24,ORD-10988,Кровать двуспальная,Мебель,Актобе,Петров П.,Онлайн,1,31000.52,15,26350.44,14248.1,12102.35,CUST-159,Brand_Меб,Склад-Акт,0,completed
2025-11-20,ORD-10989,Футболка базовая,Одежда,Актобе,Иванов И.,Офлайн-магазин,3,7787.88,5,22195.46,17675.92,4519.54,CUST-837,Brand_Оде,Склад-Акт,0,completed
2025-11-26,ORD-10990,Смартфон X,Электроника,Алматы,Петров П.,B2B,2,29267.43,0,58534.87,31601.04,26933.82,CUST-350,Brand_Эле,Склад-Алм,0,completed
2025-12-18,ORD-10991,Свитер шерстяной,Одежда,Караганда,Козлов В.,Онлайн,1,9356.53,0,9356.53,7254.57,2101.96,CUST-822,Brand_Оде,Склад-Кар,0,completed
2026-01-20,ORD-10992,Кроссовки спорт,Одежда,Шымкент,Смирнова А.,Маркетплейс,1,11419.58,0,11419.58,5789.89,5629.69,CUST-615,Brand_Оде,Склад-Шым,0,completed
2025-09-13,ORD-10993,Планшет Z,Электроника,Караганда,Лебедева Е.,B2B,1,38829.1,0,38829.1,17661.52,21167.58,CUST-336,Brand_Эле,Склад-Кар,0,cancelled
2025-12-25,ORD-10994,Гантели 5кг,Спорттовары,Алматы,Смирнова А.,Офлайн-магазин,4,713.57,0,2854.29,1883.72,970.56,CUST-216,Brand_Спо,Склад-Алм,0,completed
2025-08-01,ORD-10995,Стул офисный,Мебель,Шымкент,Смирнова А.,B2B,1,22049.27,0,22049.27,16356.8,5692.47,CUST-119,Brand_Меб,Склад-Шым,0,completed
2026-02-02,ORD-10996,Кровать двуспальная,Мебель,Алматы,Петров П.,Офлайн-магазин,1,32867.17,0,32867.17,20147.47,12719.7,CUST-132,Brand_Меб,Склад-Алм,0,completed
2026-04-25,ORD-10997,Кофе зерновой,Продукты,Актобе,Смирнова А.,Маркетплейс,10,1978.13,0,19781.33,8128.9,11652.43,CUST-736,Brand_Про,Склад-Акт,0,completed
2026-03-01,ORD-10998,Стул офисный,Мебель,Алматы,Лебедева Е.,B2B,2,44721.84,20,71554.95,40752.97,30801.97,CUST-887,Brand_Меб,Склад-Алм,0,completed
2026-04-13,ORD-10999,Чай зеленый,Продукты,Караганда,Козлов В.,Офлайн-магазин,1,496.91,0,496.91,334.44,162.47,CUST-355,Brand_Про,Склад-Кар,0,completed
2026-04-25,ORD-11000,Шоколад горький,Продукты,Актобе,Козлов В.,Онлайн,5,1664.31,0,8321.53,5522.93,2798.6,CUST-929,Brand_Про,Склад-Акт,0,completed
2026-05-29,ORD-11001,Смартфон X,Электроника,Шымкент,Лебедева Е.,Маркетплейс,1,43338.02,0,43338.02,17634.53,25703.49,CUST-137,Brand_Эле,Склад-Шым,0,completed
2026-01-21,ORD-11002,Шкаф-купе,Мебель,Астана,Козлов В.,Онлайн,1,41226.38,0,41226.38,26555.2,14671.17,CUST-165,Brand_Меб,Склад-Аст,0,completed
2026-03-04,ORD-11003,Куртка зимняя,Одежда,Шымкент,Смирнова А.,B2B,1,2884.48,0,2884.48,1323.29,1561.2,CUST-150,Brand_Оде,Склад-Шым,0,completed
2025-11-18,ORD-11004,Смартфон X,Электроника,Астана,Лебедева Е.,B2B,2,86663.1,0,173326.2,119065.23,54260.97,CUST-831,Brand_Эле,Склад-Аст,0,completed
2025-12-01,ORD-11005,Кофе зерновой,Продукты,Шымкент,Лебедева Е.,Онлайн,4,1485.23,0,5940.92,2560.49,3380.43,CUST-623,Brand_Про,Склад-Шым,0,completed
2025-08-30,ORD-11006,Джинсы классика,Одежда,Шымкент,Лебедева Е.,Маркетплейс,3,15889.55,0,47668.65,31306.61,16362.03,CUST-246,Brand_Оде,Склад-Шым,0,completed
2025-08-03,ORD-11007,Оливковое масло,Продукты,Шымкент,Смирнова А.,B2B,6,1632.5,0,9794.99,7732.17,2062.82,CUST-264,Brand_Про,Склад-Шым,0,completed
2026-01-26,ORD-11008,Планшет Z,Электроника,Астана,Лебедева Е.,Онлайн,3,20910.17,0,62730.52,32948.72,29781.8,CUST-859,Brand_Эле,Склад-Аст,0,completed
2026-04-08,ORD-11009,Эспандер,Спорттовары,Астана,Козлов В.,Онлайн,7,1636.46,5,10882.44,8510.85,2371.59,CUST-329,Brand_Спо,Склад-Аст,0,cancelled
2026-05-07,ORD-11010,Скакалка,Спорттовары,Актобе,Козлов В.,Онлайн,1,5458.38,0,5458.38,3622.61,1835.77,CUST-424,Brand_Спо,Склад-Акт,0,completed
2025-12-06,ORD-11011,Свитер шерстяной,Одежда,Шымкент,Петров П.,Маркетплейс,2,5080.44,0,10160.89,5343.88,4817.01,CUST-809,Brand_Оде,Склад-Шым,0,cancelled
2025-11-22,ORD-11012,Кровать двуспальная,Мебель,Шымкент,Иванов И.,Маркетплейс,3,47975.01,0,143925.03,78427.46,65497.58,CUST-335,Brand_Меб,Склад-Шым,0,completed
2026-03-08,ORD-11013,Стол письменный,Мебель,Актобе,Петров П.,Офлайн-магазин,3,27665.22,0,82995.65,37784.27,45211.38,CUST-393,Brand_Меб,Склад-Акт,0,completed
2026-01-12,ORD-11014,Кофе зерновой,Продукты,Алматы,Козлов В.,B2B,3,1448.22,0,4344.65,2837.28,1507.37,CUST-284,Brand_Про,Склад-Алм,0,completed
2026-03-11,ORD-11015,Ноутбук Pro,Электроника,Алматы,Козлов В.,Маркетплейс,3,79226.55,5,225795.66,101734.31,124061.36,CUST-541,Brand_Эле,Склад-Алм,0,completed
2025-08-03,ORD-11016,Футболка базовая,Одежда,Астана,Лебедева Е.,B2B,2,7403.14,0,14806.28,10050.08,4756.2,CUST-400,Brand_Оде,Склад-Аст,0,completed
2025-09-20,ORD-11017,Шоколад горький,Продукты,Актобе,Лебедева Е.,Онлайн,1,1597.76,0,1597.76,1227.54,370.22,CUST-518,Brand_Про,Склад-Акт,1,returned
2026-06-09,ORD-11018,Кровать двуспальная,Мебель,Шымкент,Козлов В.,Офлайн-магазин,3,14540.77,5,41441.21,19100.36,22340.85,CUST-707,Brand_Меб,Склад-Шым,0,completed
2026-01-27,ORD-11019,Кровать двуспальная,Мебель,Шымкент,Козлов В.,Офлайн-магазин,3,37877.25,0,113631.75,88394.96,25236.79,CUST-404,Brand_Меб,Склад-Шым,0,completed
2026-03-31,ORD-11020,Кофе зерновой,Продукты,Актобе,Лебедева Е.,B2B,6,824.99,0,4949.94,3479.41,1470.53,CUST-142,Brand_Про,Склад-Акт,0,cancelled
2025-11-06,ORD-11021,Шкаф-купе,Мебель,Шымкент,Лебедева Е.,Маркетплейс,2,8971.95,0,17943.9,8028.47,9915.44,CUST-549,Brand_Меб,Склад-Шым,0,completed
2025-11-13,ORD-11022,Куртка зимняя,Одежда,Шымкент,Лебедева Е.,Онлайн,3,4783.32,0,14349.97,6290.89,8059.08,CUST-620,Brand_Оде,Склад-Шым,0,completed
2025-10-16,ORD-11023,Смарт-часы,Электроника,Алматы,Лебедева Е.,Офлайн-магазин,2,7131.16,5,13549.2,7422.47,6126.73,CUST-684,Brand_Эле,Склад-Алм,0,completed
2026-02-25,ORD-11024,Шкаф-купе,Мебель,Астана,Козлов В.,Маркетплейс,3,11942.16,5,34035.15,19664.22,14370.93,CUST-369,Brand_Меб,Склад-Аст,0,completed
2025-09-04,ORD-11025,Куртка зимняя,Одежда,Алматы,Смирнова А.,Онлайн,1,13769.69,15,11704.23,5415.44,6288.79,CUST-564,Brand_Оде,Склад-Алм,0,completed
2026-06-09,ORD-11026,Коврик для йоги,Спорттовары,Шымкент,Иванов И.,B2B,9,1327.02,0,11943.22,8797.04,3146.17,CUST-998,Brand_Спо,Склад-Шым,0,completed
2026-06-07,ORD-11027,Смартфон X,Электроника,Астана,Петров П.,B2B,3,34269.46,0,102808.39,60456.08,42352.31,CUST-291,Brand_Эле,Склад-Аст,0,completed
2026-04-02,ORD-11028,Чай зеленый,Продукты,Астана,Иванов И.,Офлайн-магазин,7,218.64,0,1530.47,953.63,576.84,CUST-282,Brand_Про,Склад-Аст,0,completed
2025-08-10,ORD-11029,Диван угловой,Мебель,Актобе,Козлов В.,Офлайн-магазин,2,40211.61,0,80423.21,53302.6,27120.61,CUST-407,Brand_Меб,Склад-Акт,0,completed
2025-11-17,ORD-11030,Сыр пармезан,Продукты,Караганда,Козлов В.,Маркетплейс,8,1278.23,0,10225.86,4985.84,5240.01,CUST-873,Brand_Про,Склад-Кар,0,cancelled
2025-12-16,ORD-11031,Кровать двуспальная,Мебель,Шымкент,Петров П.,B2B,1,8822.97,0,8822.97,4654.67,4168.3,CUST-813,Brand_Меб,Склад-Шым,0,completed
2026-02-10,ORD-11032,Кроссовки спорт,Одежда,Караганда,Лебедева Е.,B2B,1,12748.41,0,12748.41,6465.6,6282.8,CUST-971,Brand_Оде,Склад-Кар,0,completed
2026-02-16,ORD-11033,Смарт-часы,Электроника,Шымкент,Смирнова А.,Маркетплейс,2,62711.98,20,100339.17,56136.94,44202.24,CUST-374,Brand_Эле,Склад-Шым,2,returned
2026-03-27,ORD-11034,Куртка зимняя,Одежда,Алматы,Смирнова А.,B2B,1,7341.27,0,7341.27,3425.54,3915.73,CUST-740,Brand_Оде,Склад-Алм,0,completed
2025-09-16,ORD-11035,Скакалка,Спорттовары,Шымкент,Петров П.,Онлайн,7,777.77,0,5444.4,3712.5,1731.91,CUST-885,Brand_Спо,Склад-Шым,7,returned
2026-05-01,ORD-11036,Смартфон X,Электроника,Актобе,Петров П.,Маркетплейс,1,65969.08,20,52775.26,39258.95,13516.32,CUST-920,Brand_Эле,Склад-Акт,0,completed
2025-10-12,ORD-11037,Шоколад горький,Продукты,Караганда,Петров П.,Офлайн-магазин,1,193.76,5,184.07,110.55,73.52,CUST-143,Brand_Про,Склад-Кар,0,completed
2025-10-10,ORD-11038,Шоколад горький,Продукты,Алматы,Петров П.,Офлайн-магазин,5,275.04,20,1100.15,728.42,371.73,CUST-858,Brand_Про,Склад-Алм,0,completed
2025-12-07,ORD-11039,Смартфон X,Электроника,Алматы,Лебедева Е.,B2B,1,8441.09,10,7596.98,3329.17,4267.81,CUST-500,Brand_Эле,Склад-Алм,0,completed
2025-10-29,ORD-11040,Эспандер,Спорттовары,Шымкент,Козлов В.,Онлайн,5,3475.97,0,17379.84,7644.9,9734.94,CUST-690,Brand_Спо,Склад-Шым,0,cancelled
2026-03-20,ORD-11041,Диван угловой,Мебель,Караганда,Иванов И.,Офлайн-магазин,3,28269.37,0,84808.12,43571.8,41236.32,CUST-618,Brand_Меб,Склад-Кар,0,completed
2025-11-24,ORD-11042,Стул офисный,Мебель,Караганда,Козлов В.,Маркетплейс,3,43007.44,0,129022.32,63172.47,65849.85,CUST-506,Brand_Меб,Склад-Кар,0,cancelled
2025-11-17,ORD-11043,Диван угловой,Мебель,Караганда,Лебедева Е.,Онлайн,2,44953.22,0,89906.45,65080.79,24825.66,CUST-197,Brand_Меб,Склад-Кар,0,cancelled
2026-05-05,ORD-11044,Джинсы классика,Одежда,Караганда,Лебедева Е.,Офлайн-магазин,1,2333.02,0,2333.02,1715.3,617.72,CUST-959,Brand_Оде,Склад-Кар,0,completed
2026-05-08,ORD-11045,Футболка базовая,Одежда,Караганда,Смирнова А.,B2B,3,6641.21,0,19923.63,9169.75,10753.88,CUST-678,Brand_Оде,Склад-Кар,0,completed
2026-05-24,ORD-11046,Стул офисный,Мебель,Шымкент,Петров П.,B2B,2,41283.08,0,82566.15,54560.0,28006.15,CUST-825,Brand_Меб,Склад-Шым,0,completed
2026-03-26,ORD-11047,Скакалка,Спорттовары,Алматы,Иванов И.,B2B,7,955.24,0,6686.66,2711.1,3975.55,CUST-224,Brand_Спо,Склад-Алм,0,completed
2025-10-15,ORD-11048,Кроссовки спорт,Одежда,Алматы,Иванов И.,B2B,1,10458.57,0,10458.57,6378.01,4080.56,CUST-995,Brand_Оде,Склад-Алм,0,completed
2026-04-28,ORD-11049,Кровать двуспальная,Мебель,Алматы,Смирнова А.,Онлайн,2,35891.67,15,61015.84,37158.16,23857.68,CUST-480,Brand_Меб,Склад-Алм,0,completed
2026-05-06,ORD-11050,Джинсы классика,Одежда,Шымкент,Лебедева Е.,Офлайн-магазин,3,13267.64,15,33832.48,20561.76,13270.73,CUST-573,Brand_Оде,Склад-Шым,0,completed
2025-11-06,ORD-11051,Чай зеленый,Продукты,Астана,Лебедева Е.,B2B,6,228.71,0,1372.25,631.42,740.82,CUST-105,Brand_Про,Склад-Аст,0,completed
2025-12-28,ORD-11052,Джинсы классика,Одежда,Алматы,Лебедева Е.,B2B,1,6740.32,0,6740.32,3959.78,2780.53,CUST-458,Brand_Оде,Склад-Алм,0,completed
2026-06-12,ORD-11053,Гантели 5кг,Спорттовары,Шымкент,Иванов И.,Офлайн-магазин,5,2820.66,20,11282.64,7150.79,4131.84,CUST-739,Brand_Спо,Склад-Шым,0,completed
2026-02-13,ORD-11054,Оливковое масло,Продукты,Актобе,Петров П.,Онлайн,3,1335.24,0,4005.73,1949.09,2056.63,CUST-677,Brand_Про,Склад-Акт,0,completed
2025-09-12,ORD-11055,Свитер шерстяной,Одежда,Актобе,Козлов В.,Маркетплейс,3,9730.43,0,29191.29,22963.72,6227.57,CUST-730,Brand_Оде,Склад-Акт,0,completed
2026-06-29,ORD-11056,Стол письменный,Мебель,Астана,Иванов И.,Офлайн-магазин,1,17140.09,10,15426.08,7054.86,8371.22,CUST-100,Brand_Меб,Склад-Аст,0,completed
2026-01-03,ORD-11057,Смартфон X,Электроника,Астана,Лебедева Е.,B2B,3,67883.27,0,203649.8,106106.3,97543.5,CUST-346,Brand_Эле,Склад-Аст,0,completed
2026-05-04,ORD-11058,Кровать двуспальная,Мебель,Караганда,Козлов В.,Маркетплейс,3,24704.71,0,74114.13,31963.93,42150.2,CUST-319,Brand_Меб,Склад-Кар,0,completed
2025-10-15,ORD-11059,Чай зеленый,Продукты,Караганда,Лебедева Е.,B2B,5,1158.42,0,5792.08,3609.4,2182.67,CUST-456,Brand_Про,Склад-Кар,0,completed
2025-10-21,ORD-11060,Планшет Z,Электроника,Караганда,Смирнова А.,B2B,3,35568.15,0,106704.45,85273.93,21430.52,CUST-491,Brand_Эле,Склад-Кар,3,returned
2026-01-29,ORD-11061,Футболка базовая,Одежда,Астана,Козлов В.,Маркетплейс,1,6878.27,0,6878.27,3605.29,3272.98,CUST-477,Brand_Оде,Склад-Аст,0,completed
2025-11-28,ORD-11062,Коврик для йоги,Спорттовары,Актобе,Смирнова А.,Онлайн,8,3068.14,0,24545.12,19594.25,4950.87,CUST-380,Brand_Спо,Склад-Акт,0,completed
2026-06-07,ORD-11063,Смарт-часы,Электроника,Алматы,Козлов В.,B2B,1,57214.05,0,57214.05,42909.09,14304.96,CUST-926,Brand_Эле,Склад-Алм,0,completed
2025-09-13,ORD-11064,Планшет Z,Электроника,Алматы,Лебедева Е.,Офлайн-магазин,3,93955.6,0,281866.8,208687.76,73179.03,CUST-954,Brand_Эле,Склад-Алм,0,completed
2025-09-21,ORD-11065,Наушники Air,Электроника,Алматы,Смирнова А.,Онлайн,2,67769.35,10,121984.83,80759.09,41225.74,CUST-440,Brand_Эле,Склад-Алм,0,completed
2026-07-01,ORD-11066,Чай зеленый,Продукты,Актобе,Смирнова А.,Онлайн,7,1358.03,0,9506.21,6341.49,3164.72,CUST-297,Brand_Про,Склад-Акт,0,completed
2026-04-04,ORD-11067,Куртка зимняя,Одежда,Алматы,Петров П.,B2B,2,1929.71,0,3859.41,2606.98,1252.43,CUST-750,Brand_Оде,Склад-Алм,0,completed
2025-07-23,ORD-11068,Шоколад горький,Продукты,Актобе,Смирнова А.,Онлайн,8,856.95,0,6855.63,4651.66,2203.97,CUST-574,Brand_Про,Склад-Акт,0,completed
2025-09-05,ORD-11069,Смартфон X,Электроника,Астана,Иванов И.,Офлайн-магазин,3,48230.23,0,144690.68,59040.01,85650.67,CUST-110,Brand_Эле,Склад-Аст,0,completed
2025-11-10,ORD-11070,Сыр пармезан,Продукты,Алматы,Петров П.,Маркетплейс,4,1905.02,10,6858.07,3594.96,3263.11,CUST-393,Brand_Про,Склад-Алм,0,completed
2025-10-21,ORD-11071,Чай зеленый,Продукты,Актобе,Смирнова А.,B2B,4,693.58,0,2774.32,1330.81,1443.51,CUST-365,Brand_Про,Склад-Акт,0,cancelled
2026-07-14,ORD-11072,Диван угловой,Мебель,Алматы,Козлов В.,Маркетплейс,2,41239.39,0,82478.79,54166.32,28312.46,CUST-746,Brand_Меб,Склад-Алм,0,completed
2026-07-08,ORD-11073,Футболка базовая,Одежда,Актобе,Козлов В.,Офлайн-магазин,3,8554.0,0,25662.0,17472.61,8189.39,CUST-930,Brand_Оде,Склад-Акт,0,completed
2026-07-06,ORD-11074,Чай зеленый,Продукты,Шымкент,Лебедева Е.,Маркетплейс,9,423.36,15,3238.68,1578.21,1660.46,CUST-218,Brand_Про,Склад-Шым,0,completed
2026-04-12,ORD-11075,Кроссовки спорт,Одежда,Астана,Козлов В.,Маркетплейс,3,6748.48,0,20245.45,12863.07,7382.37,CUST-818,Brand_Оде,Склад-Аст,0,completed
2025-09-13,ORD-11076,Кофе зерновой,Продукты,Астана,Козлов В.,B2B,6,747.24,0,4483.46,1973.09,2510.36,CUST-413,Brand_Про,Склад-Аст,6,returned
2025-10-13,ORD-11077,Шкаф-купе,Мебель,Астана,Иванов И.,B2B,2,41551.55,0,83103.1,56327.23,26775.87,CUST-584,Brand_Меб,Склад-Аст,0,completed
2025-11-23,ORD-11078,Шоколад горький,Продукты,Актобе,Смирнова А.,B2B,7,1827.47,0,12792.3,10084.25,2708.05,CUST-881,Brand_Про,Склад-Акт,0,completed
2026-04-07,ORD-11079,Наушники Air,Электроника,Караганда,Смирнова А.,B2B,1,89769.31,0,89769.31,41882.22,47887.09,CUST-711,Brand_Эле,Склад-Кар,0,completed
2026-07-14,ORD-11080,Гантели 5кг,Спорттовары,Актобе,Петров П.,Офлайн-магазин,1,3116.42,15,2648.96,1899.69,749.27,CUST-454,Brand_Спо,Склад-Акт,0,completed
2026-03-13,ORD-11081,Стол письменный,Мебель,Караганда,Иванов И.,Офлайн-магазин,1,15569.54,0,15569.54,6728.38,8841.16,CUST-308,Brand_Меб,Склад-Кар,0,completed
2026-03-02,ORD-11082,Ноутбук Pro,Электроника,Астана,Лебедева Е.,Маркетплейс,2,5466.34,0,10932.68,4810.0,6122.68,CUST-503,Brand_Эле,Склад-Аст,0,completed
2026-07-14,ORD-11083,Кроссовки спорт,Одежда,Караганда,Козлов В.,Офлайн-магазин,1,16304.82,0,16304.82,8598.23,7706.59,CUST-509,Brand_Оде,Склад-Кар,1,returned
2026-01-05,ORD-11084,Сыр пармезан,Продукты,Актобе,Козлов В.,Онлайн,8,944.76,0,7558.05,5956.42,1601.62,CUST-723,Brand_Про,Склад-Акт,0,completed
2025-10-21,ORD-11085,Куртка зимняя,Одежда,Шымкент,Смирнова А.,Онлайн,3,11476.17,5,32707.1,21528.82,11178.28,CUST-292,Brand_Оде,Склад-Шым,0,completed
2025-08-13,ORD-11086,Куртка зимняя,Одежда,Караганда,Иванов И.,Маркетплейс,3,8043.28,0,24129.85,11106.95,13022.9,CUST-791,Brand_Оде,Склад-Кар,0,completed
2026-03-25,ORD-11087,Планшет Z,Электроника,Караганда,Петров П.,Офлайн-магазин,3,58559.73,0,175679.19,77750.73,97928.46,CUST-454,Brand_Эле,Склад-Кар,0,completed
2026-07-08,ORD-11088,Наушники Air,Электроника,Алматы,Петров П.,Маркетплейс,3,21307.37,0,63922.11,43116.71,20805.4,CUST-769,Brand_Эле,Склад-Алм,0,completed
2026-06-30,ORD-11089,Кровать двуспальная,Мебель,Алматы,Смирнова А.,B2B,3,19558.28,0,58674.85,37637.24,21037.61,CUST-561,Brand_Меб,Склад-Алм,0,completed
2026-04-05,ORD-11090,Сыр пармезан,Продукты,Шымкент,Лебедева Е.,Маркетплейс,3,424.94,20,1019.85,762.97,256.87,CUST-107,Brand_Про,Склад-Шым,0,completed
2026-01-10,ORD-11091,Эспандер,Спорттовары,Астана,Лебедева Е.,B2B,1,4046.88,0,4046.88,1683.25,2363.63,CUST-571,Brand_Спо,Склад-Аст,0,completed
2026-01-25,ORD-11092,Смарт-часы,Электроника,Шымкент,Смирнова А.,B2B,3,52813.19,0,158439.58,115291.37,43148.21,CUST-283,Brand_Эле,Склад-Шым,0,completed
2025-12-19,ORD-11093,Сыр пармезан,Продукты,Алматы,Козлов В.,Маркетплейс,1,813.2,0,813.2,441.49,371.72,CUST-856,Brand_Про,Склад-Алм,0,completed
2026-02-09,ORD-11094,Джинсы классика,Одежда,Алматы,Лебедева Е.,Онлайн,3,3289.55,0,9868.66,5895.34,3973.32,CUST-453,Brand_Оде,Склад-Алм,0,completed
2026-03-13,ORD-11095,Гантели 5кг,Спорттовары,Актобе,Лебедева Е.,B2B,2,825.28,0,1650.57,685.51,965.06,CUST-841,Brand_Спо,Склад-Акт,0,completed
2026-06-13,ORD-11096,Наушники Air,Электроника,Актобе,Иванов И.,Маркетплейс,3,89153.59,0,267460.77,149857.16,117603.62,CUST-864,Brand_Эле,Склад-Акт,0,completed
2025-11-30,ORD-11097,Наушники Air,Электроника,Алматы,Петров П.,Маркетплейс,3,35800.85,0,107402.55,79660.2,27742.35,CUST-918,Brand_Эле,Склад-Алм,0,completed
2025-08-16,ORD-11098,Оливковое масло,Продукты,Караганда,Петров П.,B2B,3,831.82,0,2495.47,1668.41,827.06,CUST-285,Brand_Про,Склад-Кар,0,completed
2026-07-04,ORD-11099,Шоколад горький,Продукты,Алматы,Козлов В.,Офлайн-магазин,7,246.25,0,1723.72,878.94,844.78,CUST-909,Brand_Про,Склад-Алм,0,completed
2026-06-12,ORD-11100,Кофе зерновой,Продукты,Астана,Петров П.,Онлайн,6,1816.87,0,10901.23,7026.44,3874.79,CUST-723,Brand_Про,Склад-Аст,0,completed
2026-03-14,ORD-11101,Мяч фитнес,Спорттовары,Актобе,Смирнова А.,B2B,9,3122.81,0,28105.26,15071.12,13034.14,CUST-555,Brand_Спо,Склад-Акт,0,completed
2025-10-07,ORD-11102,Кровать двуспальная,Мебель,Астана,Лебедева Е.,Офлайн-магазин,2,56941.08,0,113882.16,47022.7,66859.46,CUST-180,Brand_Меб,Склад-Аст,0,completed
2026-06-10,ORD-11103,Шкаф-купе,Мебель,Шымкент,Иванов И.,Офлайн-магазин,2,37180.65,0,74361.3,52078.42,22282.88,CUST-578,Brand_Меб,Склад-Шым,0,completed
2025-08-06,ORD-11104,Свитер шерстяной,Одежда,Актобе,Петров П.,Маркетплейс,2,11391.44,0,22782.88,16084.17,6698.71,CUST-390,Brand_Оде,Склад-Акт,0,completed
2026-05-02,ORD-11105,Стол письменный,Мебель,Караганда,Лебедева Е.,Офлайн-магазин,3,24909.06,5,70990.83,31150.2,39840.62,CUST-213,Brand_Меб,Склад-Кар,0,completed
2026-05-10,ORD-11106,Чай зеленый,Продукты,Астана,Козлов В.,B2B,4,976.38,0,3905.5,2498.35,1407.15,CUST-471,Brand_Про,Склад-Аст,0,completed
2026-06-09,ORD-11107,Планшет Z,Электроника,Актобе,Лебедева Е.,B2B,2,30869.29,0,61738.59,36151.99,25586.6,CUST-560,Brand_Эле,Склад-Акт,0,completed
2025-10-10,ORD-11108,Кроссовки спорт,Одежда,Шымкент,Иванов И.,Маркетплейс,2,12656.97,0,25313.95,17044.91,8269.04,CUST-694,Brand_Оде,Склад-Шым,0,completed
2026-06-21,ORD-11109,Кровать двуспальная,Мебель,Караганда,Петров П.,Онлайн,1,51895.14,0,51895.14,33626.39,18268.74,CUST-713,Brand_Меб,Склад-Кар,0,cancelled
2026-05-10,ORD-11110,Стул офисный,Мебель,Шымкент,Лебедева Е.,Офлайн-магазин,3,13643.78,0,40931.34,27577.29,13354.05,CUST-123,Brand_Меб,Склад-Шым,0,cancelled
2026-05-25,ORD-11111,Шкаф-купе,Мебель,Актобе,Петров П.,Офлайн-магазин,2,33717.53,10,60691.55,28530.15,32161.4,CUST-304,Brand_Меб,Склад-Акт,2,returned
2026-01-03,ORD-11112,Куртка зимняя,Одежда,Алматы,Иванов И.,Офлайн-магазин,2,11373.35,0,22746.7,15319.19,7427.52,CUST-347,Brand_Оде,Склад-Алм,0,completed
2025-10-20,ORD-11113,Шкаф-купе,Мебель,Алматы,Лебедева Е.,Маркетплейс,1,14103.05,0,14103.05,11070.75,3032.3,CUST-133,Brand_Меб,Склад-Алм,0,completed
2026-07-06,ORD-11114,Шкаф-купе,Мебель,Караганда,Козлов В.,Онлайн,2,30790.28,5,58501.53,40150.65,18350.88,CUST-646,Brand_Меб,Склад-Кар,0,completed
2026-07-22,ORD-11115,Наушники Air,Электроника,Караганда,Иванов И.,Маркетплейс,3,59306.23,15,151230.9,84654.79,66576.11,CUST-744,Brand_Эле,Склад-Кар,3,returned
2026-06-19,ORD-11116,Кровать двуспальная,Мебель,Алматы,Иванов И.,Офлайн-магазин,3,25058.62,5,71417.07,49191.91,22225.16,CUST-772,Brand_Меб,Склад-Алм,0,completed
2026-01-11,ORD-11117,Джинсы классика,Одежда,Караганда,Петров П.,Маркетплейс,2,2576.07,0,5152.14,2213.5,2938.64,CUST-603,Brand_Оде,Склад-Кар,0,completed
2025-11-24,ORD-11118,Шоколад горький,Продукты,Шымкент,Козлов В.,Маркетплейс,8,1848.44,0,14787.51,9276.1,5511.42,CUST-879,Brand_Про,Склад-Шым,0,completed
2025-10-01,ORD-11119,Свитер шерстяной,Одежда,Шымкент,Иванов И.,Офлайн-магазин,3,7819.44,0,23458.33,12115.93,11342.4,CUST-262,Brand_Оде,Склад-Шым,3,returned
2026-05-08,ORD-11120,Сыр пармезан,Продукты,Караганда,Смирнова А.,Офлайн-магазин,3,1913.48,0,5740.45,2967.43,2773.02,CUST-752,Brand_Про,Склад-Кар,0,completed
2025-11-15,ORD-11121,Ноутбук Pro,Электроника,Актобе,Смирнова А.,Офлайн-магазин,1,91259.32,0,91259.32,62828.0,28431.32,CUST-629,Brand_Эле,Склад-Акт,0,completed
2026-02-14,ORD-11122,Шкаф-купе,Мебель,Астана,Смирнова А.,Офлайн-магазин,3,44127.33,0,132381.98,72776.33,59605.64,CUST-596,Brand_Меб,Склад-Аст,0,completed
2026-06-18,ORD-11123,Свитер шерстяной,Одежда,Караганда,Петров П.,B2B,1,6397.41,0,6397.41,2724.66,3672.75,CUST-311,Brand_Оде,Склад-Кар,0,completed
2025-11-13,ORD-11124,Куртка зимняя,Одежда,Актобе,Иванов И.,Офлайн-магазин,2,7957.27,0,15914.53,12175.91,3738.63,CUST-960,Brand_Оде,Склад-Акт,2,returned
2026-04-16,ORD-11125,Джинсы классика,Одежда,Шымкент,Иванов И.,B2B,1,9970.99,5,9472.44,4817.58,4654.86,CUST-966,Brand_Оде,Склад-Шым,0,cancelled
2026-04-23,ORD-11126,Смартфон X,Электроника,Караганда,Лебедева Е.,Офлайн-магазин,2,38193.93,10,68749.07,46466.1,22282.98,CUST-350,Brand_Эле,Склад-Кар,0,completed
2025-11-15,ORD-11127,Стол письменный,Мебель,Алматы,Лебедева Е.,Маркетплейс,2,36219.2,0,72438.4,34481.09,37957.31,CUST-165,Brand_Меб,Склад-Алм,0,completed
2025-09-27,ORD-11128,Эспандер,Спорттовары,Алматы,Петров П.,Офлайн-магазин,10,2481.98,20,19855.83,11629.73,8226.1,CUST-900,Brand_Спо,Склад-Алм,0,completed
2025-08-17,ORD-11129,Кофе зерновой,Продукты,Астана,Козлов В.,Онлайн,2,1141.33,0,2282.66,1004.26,1278.4,CUST-712,Brand_Про,Склад-Аст,0,completed
2026-03-28,ORD-11130,Оливковое масло,Продукты,Алматы,Лебедева Е.,B2B,2,2026.08,20,3241.73,2304.74,937.0,CUST-925,Brand_Про,Склад-Алм,0,completed
2026-06-12,ORD-11131,Мяч фитнес,Спорттовары,Алматы,Смирнова А.,B2B,8,2831.64,0,22653.09,12039.11,10613.97,CUST-390,Brand_Спо,Склад-Алм,0,completed
2026-06-17,ORD-11132,Шоколад горький,Продукты,Актобе,Петров П.,Маркетплейс,9,886.13,0,7975.14,5186.78,2788.36,CUST-874,Brand_Про,Склад-Акт,0,completed
2025-10-23,ORD-11133,Стул офисный,Мебель,Шымкент,Лебедева Е.,B2B,1,37100.64,0,37100.64,26125.35,10975.29,CUST-196,Brand_Меб,Склад-Шым,0,completed
2026-03-05,ORD-11134,Оливковое масло,Продукты,Астана,Петров П.,Онлайн,4,1718.98,0,6875.92,4130.45,2745.47,CUST-643,Brand_Про,Склад-Аст,0,completed
2026-03-20,ORD-11135,Планшет Z,Электроника,Актобе,Петров П.,Офлайн-магазин,1,52009.24,0,52009.24,29046.95,22962.29,CUST-261,Brand_Эле,Склад-Акт,0,completed
2026-05-30,ORD-11136,Куртка зимняя,Одежда,Актобе,Козлов В.,B2B,3,15413.5,0,46240.49,35750.25,10490.24,CUST-976,Brand_Оде,Склад-Акт,0,completed
2025-12-24,ORD-11137,Чай зеленый,Продукты,Шымкент,Смирнова А.,Маркетплейс,6,1665.0,0,9990.0,5695.49,4294.51,CUST-527,Brand_Про,Склад-Шым,0,completed
2025-07-24,ORD-11138,Стул офисный,Мебель,Караганда,Смирнова А.,Офлайн-магазин,2,34909.96,0,69819.91,47598.72,22221.19,CUST-833,Brand_Меб,Склад-Кар,0,completed
2025-11-30,ORD-11139,Шоколад горький,Продукты,Алматы,Смирнова А.,B2B,7,1946.54,0,13625.8,8502.35,5123.45,CUST-320,Brand_Про,Склад-Алм,0,completed
2026-06-03,ORD-11140,Мяч фитнес,Спорттовары,Шымкент,Иванов И.,Онлайн,3,2416.88,0,7250.63,4291.45,2959.18,CUST-581,Brand_Спо,Склад-Шым,0,completed
2025-08-14,ORD-11141,Кровать двуспальная,Мебель,Астана,Смирнова А.,B2B,1,7834.45,0,7834.45,4207.7,3626.75,CUST-548,Brand_Меб,Склад-Аст,0,completed
2025-12-14,ORD-11142,Наушники Air,Электроника,Астана,Иванов И.,Маркетплейс,1,58345.16,15,49593.39,31225.74,18367.64,CUST-548,Brand_Эле,Склад-Аст,0,completed
2025-11-24,ORD-11143,Оливковое масло,Продукты,Актобе,Смирнова А.,Маркетплейс,1,1632.24,0,1632.24,1155.57,476.68,CUST-816,Brand_Про,Склад-Акт,0,completed
2026-07-21,ORD-11144,Шоколад горький,Продукты,Караганда,Петров П.,Офлайн-магазин,8,842.17,0,6737.34,3671.05,3066.29,CUST-820,Brand_Про,Склад-Кар,0,completed
2025-12-01,ORD-11145,Оливковое масло,Продукты,Алматы,Петров П.,Онлайн,7,1517.36,0,10621.52,7673.26,2948.26,CUST-951,Brand_Про,Склад-Алм,0,completed
2026-04-18,ORD-11146,Смарт-часы,Электроника,Шымкент,Иванов И.,B2B,3,8195.88,15,20899.49,14965.18,5934.31,CUST-688,Brand_Эле,Склад-Шым,0,completed
2026-01-08,ORD-11147,Смартфон X,Электроника,Актобе,Иванов И.,Онлайн,1,63941.96,5,60744.87,38243.15,22501.71,CUST-765,Brand_Эле,Склад-Акт,0,completed
2025-10-27,ORD-11148,Наушники Air,Электроника,Шымкент,Козлов В.,B2B,3,28927.13,0,86781.39,41018.92,45762.47,CUST-564,Brand_Эле,Склад-Шым,0,completed
2026-04-18,ORD-11149,Стул офисный,Мебель,Караганда,Лебедева Е.,Маркетплейс,3,3126.68,5,8911.03,3594.85,5316.19,CUST-254,Brand_Меб,Склад-Кар,0,completed
2025-12-01,ORD-11150,Свитер шерстяной,Одежда,Шымкент,Лебедева Е.,B2B,3,10547.28,0,31641.83,23054.55,8587.28,CUST-832,Brand_Оде,Склад-Шым,3,returned
2026-05-13,ORD-11151,Джинсы классика,Одежда,Астана,Петров П.,Маркетплейс,1,3119.03,0,3119.03,1998.57,1120.45,CUST-898,Brand_Оде,Склад-Аст,0,completed
2025-09-25,ORD-11152,Эспандер,Спорттовары,Алматы,Смирнова А.,Маркетплейс,4,2232.61,0,8930.43,4155.47,4774.96,CUST-338,Brand_Спо,Склад-Алм,0,cancelled
2025-11-10,ORD-11153,Кофе зерновой,Продукты,Астана,Козлов В.,Онлайн,7,1655.55,0,11588.88,8657.05,2931.83,CUST-313,Brand_Про,Склад-Аст,0,completed
2026-02-01,ORD-11154,Наушники Air,Электроника,Караганда,Козлов В.,Офлайн-магазин,2,37198.57,0,74397.13,33468.27,40928.86,CUST-618,Brand_Эле,Склад-Кар,0,cancelled
2026-05-14,ORD-11155,Коврик для йоги,Спорттовары,Астана,Петров П.,Онлайн,10,4961.02,0,49610.24,39596.06,10014.17,CUST-315,Brand_Спо,Склад-Аст,0,completed
2025-09-06,ORD-11156,Эспандер,Спорттовары,Караганда,Смирнова А.,Онлайн,1,3951.02,0,3951.02,2850.12,1100.89,CUST-978,Brand_Спо,Склад-Кар,0,completed
2025-09-11,ORD-11157,Шоколад горький,Продукты,Шымкент,Иванов И.,B2B,5,2372.07,0,11860.36,8070.8,3789.56,CUST-929,Brand_Про,Склад-Шым,0,completed
2026-02-06,ORD-11158,Стул офисный,Мебель,Шымкент,Смирнова А.,Онлайн,1,13423.01,0,13423.01,5419.0,8004.01,CUST-243,Brand_Меб,Склад-Шым,0,completed
2026-07-12,ORD-11159,Стул офисный,Мебель,Алматы,Лебедева Е.,Офлайн-магазин,2,44811.51,0,89623.02,50722.2,38900.82,CUST-276,Brand_Меб,Склад-Алм,0,completed
2025-10-19,ORD-11160,Гантели 5кг,Спорттовары,Астана,Смирнова А.,Онлайн,1,1372.61,0,1372.61,717.09,655.52,CUST-961,Brand_Спо,Склад-Аст,0,completed
2025-12-04,ORD-11161,Эспандер,Спорттовары,Алматы,Иванов И.,Маркетплейс,8,900.93,0,7207.41,5396.99,1810.42,CUST-147,Brand_Спо,Склад-Алм,8,returned
2026-04-24,ORD-11162,Шкаф-купе,Мебель,Актобе,Петров П.,Офлайн-магазин,1,8232.43,0,8232.43,4026.32,4206.11,CUST-167,Brand_Меб,Склад-Акт,0,completed
2025-09-17,ORD-11163,Кровать двуспальная,Мебель,Караганда,Лебедева Е.,B2B,3,9865.11,5,28115.57,14748.65,13366.92,CUST-363,Brand_Меб,Склад-Кар,0,completed
2025-09-25,ORD-11164,Оливковое масло,Продукты,Шымкент,Лебедева Е.,Онлайн,8,1298.46,10,9348.9,4210.12,5138.78,CUST-924,Brand_Про,Склад-Шым,0,completed
2025-10-03,ORD-11165,Футболка базовая,Одежда,Алматы,Козлов В.,Маркетплейс,1,13778.27,0,13778.27,6892.83,6885.44,CUST-408,Brand_Оде,Склад-Алм,0,completed
2026-01-06,ORD-11166,Шкаф-купе,Мебель,Актобе,Лебедева Е.,Маркетплейс,2,13241.05,0,26482.1,17596.84,8885.25,CUST-971,Brand_Меб,Склад-Акт,0,completed
2025-08-08,ORD-11167,Стул офисный,Мебель,Астана,Петров П.,Онлайн,3,13065.44,0,39196.33,28139.39,11056.94,CUST-430,Brand_Меб,Склад-Аст,0,completed
2025-07-27,ORD-11168,Мяч фитнес,Спорттовары,Караганда,Смирнова А.,Офлайн-магазин,8,4050.37,20,25922.4,16811.32,9111.07,CUST-220,Brand_Спо,Склад-Кар,0,completed
2025-12-12,ORD-11169,Эспандер,Спорттовары,Шымкент,Петров П.,Маркетплейс,8,3574.03,20,22873.79,15217.92,7655.88,CUST-450,Brand_Спо,Склад-Шым,0,completed
2026-04-13,ORD-11170,Кофе зерновой,Продукты,Шымкент,Козлов В.,Онлайн,3,1411.57,0,4234.71,3345.57,889.14,CUST-223,Brand_Про,Склад-Шым,0,completed
2026-04-29,ORD-11171,Чай зеленый,Продукты,Шымкент,Смирнова А.,B2B,9,1123.73,5,9607.93,7556.8,2051.13,CUST-286,Brand_Про,Склад-Шым,0,cancelled
2026-02-10,ORD-11172,Гантели 5кг,Спорттовары,Астана,Петров П.,Онлайн,6,2149.16,0,12894.98,9180.91,3714.08,CUST-643,Brand_Спо,Склад-Аст,0,completed
2026-04-16,ORD-11173,Смарт-часы,Электроника,Шымкент,Лебедева Е.,Офлайн-магазин,3,95322.59,0,285967.76,132546.04,153421.73,CUST-750,Brand_Эле,Склад-Шым,0,completed
2026-06-11,ORD-11174,Гантели 5кг,Спорттовары,Астана,Лебедева Е.,B2B,5,1993.45,0,9967.23,7850.77,2116.46,CUST-499,Brand_Спо,Склад-Аст,0,completed
2026-04-15,ORD-11175,Кровать двуспальная,Мебель,Караганда,Смирнова А.,Офлайн-магазин,1,22023.99,0,22023.99,15049.79,6974.2,CUST-313,Brand_Меб,Склад-Кар,0,completed
2026-05-31,ORD-11176,Коврик для йоги,Спорттовары,Алматы,Козлов В.,Офлайн-магазин,8,1393.09,10,10030.26,5581.79,4448.47,CUST-529,Brand_Спо,Склад-Алм,0,completed
2026-02-07,ORD-11177,Гантели 5кг,Спорттовары,Астана,Смирнова А.,Онлайн,5,2329.86,0,11649.3,6530.32,5118.98,CUST-699,Brand_Спо,Склад-Аст,0,completed
2026-07-01,ORD-11178,Джинсы классика,Одежда,Караганда,Петров П.,Маркетплейс,2,12130.26,0,24260.52,10842.43,13418.08,CUST-205,Brand_Оде,Склад-Кар,0,completed
2026-06-08,ORD-11179,Мяч фитнес,Спорттовары,Астана,Козлов В.,Маркетплейс,9,1354.03,20,9749.04,4498.9,5250.15,CUST-872,Brand_Спо,Склад-Аст,0,completed
2026-01-12,ORD-11180,Кофе зерновой,Продукты,Караганда,Смирнова А.,Онлайн,8,1509.68,0,12077.43,5644.78,6432.65,CUST-986,Brand_Про,Склад-Кар,0,completed
2026-03-28,ORD-11181,Чай зеленый,Продукты,Актобе,Иванов И.,Онлайн,10,1934.36,15,16442.08,8163.77,8278.31,CUST-606,Brand_Про,Склад-Акт,0,completed
2026-07-16,ORD-11182,Кровать двуспальная,Мебель,Алматы,Иванов И.,Маркетплейс,2,23014.72,0,46029.44,24466.11,21563.33,CUST-357,Brand_Меб,Склад-Алм,0,completed
2026-01-20,ORD-11183,Смартфон X,Электроника,Алматы,Козлов В.,Офлайн-магазин,2,68935.6,0,137871.21,79070.08,58801.13,CUST-899,Brand_Эле,Склад-Алм,0,completed
2026-07-19,ORD-11184,Шкаф-купе,Мебель,Актобе,Лебедева Е.,B2B,3,38523.84,20,92457.23,38539.92,53917.31,CUST-958,Brand_Меб,Склад-Акт,0,completed
2026-06-16,ORD-11185,Смарт-часы,Электроника,Алматы,Иванов И.,Офлайн-магазин,3,57195.07,0,171585.21,130664.85,40920.35,CUST-503,Brand_Эле,Склад-Алм,0,completed
2025-08-11,ORD-11186,Сыр пармезан,Продукты,Караганда,Лебедева Е.,Онлайн,7,916.18,0,6413.25,2631.08,3782.18,CUST-124,Brand_Про,Склад-Кар,0,completed
2026-06-09,ORD-11187,Кофе зерновой,Продукты,Шымкент,Козлов В.,Онлайн,8,1654.97,15,11253.79,6115.71,5138.08,CUST-460,Brand_Про,Склад-Шым,0,completed
2025-11-26,ORD-11188,Сыр пармезан,Продукты,Алматы,Смирнова А.,B2B,5,1720.71,10,7743.21,3745.8,3997.41,CUST-660,Brand_Про,Склад-Алм,0,completed
2026-06-18,ORD-11189,Сыр пармезан,Продукты,Шымкент,Петров П.,B2B,2,1764.79,0,3529.57,2282.08,1247.49,CUST-956,Brand_Про,Склад-Шым,0,completed
2025-11-15,ORD-11190,Шоколад горький,Продукты,Алматы,Иванов И.,B2B,10,848.85,0,8488.52,4027.6,4460.91,CUST-371,Brand_Про,Склад-Алм,0,completed
2026-07-19,ORD-11191,Диван угловой,Мебель,Шымкент,Козлов В.,Маркетплейс,1,11641.87,0,11641.87,5175.89,6465.99,CUST-618,Brand_Меб,Склад-Шым,0,completed
2026-07-15,ORD-11192,Эспандер,Спорттовары,Актобе,Лебедева Е.,Офлайн-магазин,10,3533.89,0,35338.86,16943.14,18395.72,CUST-712,Brand_Спо,Склад-Акт,0,completed
2026-06-26,ORD-11193,Диван угловой,Мебель,Астана,Смирнова А.,Маркетплейс,1,29928.4,5,28431.98,20982.91,7449.07,CUST-997,Brand_Меб,Склад-Аст,0,completed
2025-12-19,ORD-11194,Скакалка,Спорттовары,Алматы,Смирнова А.,Офлайн-магазин,1,3467.89,0,3467.89,1602.18,1865.71,CUST-126,Brand_Спо,Склад-Алм,0,cancelled
2026-04-01,ORD-11195,Джинсы классика,Одежда,Астана,Петров П.,B2B,1,12126.61,0,12126.61,6290.28,5836.33,CUST-978,Brand_Оде,Склад-Аст,0,cancelled
2026-05-31,ORD-11196,Кровать двуспальная,Мебель,Караганда,Лебедева Е.,Офлайн-магазин,1,29963.04,20,23970.43,15602.4,8368.03,CUST-496,Brand_Меб,Склад-Кар,0,completed
2025-12-02,ORD-11197,Шоколад горький,Продукты,Караганда,Смирнова А.,Маркетплейс,6,717.57,0,4305.42,1854.84,2450.57,CUST-429,Brand_Про,Склад-Кар,0,completed
2026-07-16,ORD-11198,Свитер шерстяной,Одежда,Актобе,Петров П.,Онлайн,3,14158.08,15,36103.09,15954.79,20148.3,CUST-333,Brand_Оде,Склад-Акт,0,completed
2026-01-16,ORD-11199,Гантели 5кг,Спорттовары,Караганда,Смирнова А.,Онлайн,10,4852.49,0,48524.88,30882.45,17642.42,CUST-275,Brand_Спо,Склад-Кар,0,completed
2025-08-02,ORD-11200,Мяч фитнес,Спорттовары,Актобе,Иванов И.,Маркетплейс,3,4459.15,0,13377.45,7247.43,6130.02,CUST-382,Brand_Спо,Склад-Акт,0,cancelled
2026-05-09,ORD-11201,Кофе зерновой,Продукты,Актобе,Козлов В.,B2B,3,1571.49,10,4243.03,2820.43,1422.6,CUST-813,Brand_Про,Склад-Акт,0,completed
2026-07-02,ORD-11202,Шоколад горький,Продукты,Астана,Лебедева Е.,B2B,9,501.05,15,3833.06,2855.99,977.07,CUST-154,Brand_Про,Склад-Аст,0,cancelled
2026-07-21,ORD-11203,Оливковое масло,Продукты,Алматы,Иванов И.,Онлайн,7,1353.76,10,8528.68,4260.25,4268.44,CUST-877,Brand_Про,Склад-Алм,0,completed
2025-10-21,ORD-11204,Футболка базовая,Одежда,Караганда,Иванов И.,Маркетплейс,1,2471.01,20,1976.81,1427.19,549.62,CUST-585,Brand_Оде,Склад-Кар,0,completed
2025-09-30,ORD-11205,Чай зеленый,Продукты,Алматы,Смирнова А.,Маркетплейс,7,565.29,20,3165.6,1381.13,1784.47,CUST-305,Brand_Про,Склад-Алм,0,completed
2025-11-15,ORD-11206,Кофе зерновой,Продукты,Шымкент,Козлов В.,Онлайн,5,1182.71,0,5913.53,3799.23,2114.3,CUST-160,Brand_Про,Склад-Шым,0,cancelled
2026-07-06,ORD-11207,Кофе зерновой,Продукты,Астана,Иванов И.,Онлайн,6,195.15,0,1170.87,481.3,689.57,CUST-676,Brand_Про,Склад-Аст,6,returned
2026-01-29,ORD-11208,Ноутбук Pro,Электроника,Астана,Лебедева Е.,B2B,3,24783.71,0,74351.13,40008.28,34342.85,CUST-258,Brand_Эле,Склад-Аст,0,completed
2026-05-25,ORD-11209,Оливковое масло,Продукты,Астана,Козлов В.,Офлайн-магазин,3,1455.77,20,3493.85,1439.95,2053.91,CUST-650,Brand_Про,Склад-Аст,0,completed
2025-09-21,ORD-11210,Шоколад горький,Продукты,Алматы,Смирнова А.,Офлайн-магазин,9,1232.86,0,11095.78,4880.91,6214.87,CUST-258,Brand_Про,Склад-Алм,0,completed
2026-05-31,ORD-11211,Сыр пармезан,Продукты,Актобе,Козлов В.,B2B,9,407.65,0,3668.86,1828.88,1839.97,CUST-937,Brand_Про,Склад-Акт,0,completed
2026-03-30,ORD-11212,Кроссовки спорт,Одежда,Алматы,Смирнова А.,Онлайн,3,8233.7,5,23466.05,17343.98,6122.07,CUST-770,Brand_Оде,Склад-Алм,0,completed
2026-01-02,ORD-11213,Скакалка,Спорттовары,Актобе,Лебедева Е.,B2B,4,5420.22,0,21680.9,9847.25,11833.65,CUST-399,Brand_Спо,Склад-Акт,0,completed
2026-06-07,ORD-11214,Кровать двуспальная,Мебель,Караганда,Козлов В.,Онлайн,1,34106.46,0,34106.46,18028.87,16077.59,CUST-498,Brand_Меб,Склад-Кар,0,completed
2025-12-25,ORD-11215,Диван угловой,Мебель,Алматы,Лебедева Е.,Онлайн,1,17237.16,0,17237.16,10945.39,6291.77,CUST-655,Brand_Меб,Склад-Алм,1,returned
2025-10-18,ORD-11216,Кофе зерновой,Продукты,Актобе,Иванов И.,Онлайн,7,764.77,0,5353.42,4206.04,1147.37,CUST-945,Brand_Про,Склад-Акт,0,completed
2026-07-07,ORD-11217,Шкаф-купе,Мебель,Актобе,Петров П.,Маркетплейс,3,48967.07,0,146901.22,71364.21,75537.01,CUST-290,Brand_Меб,Склад-Акт,0,completed
2025-11-12,ORD-11218,Кофе зерновой,Продукты,Астана,Козлов В.,Офлайн-магазин,10,1254.64,0,12546.41,9646.11,2900.3,CUST-805,Brand_Про,Склад-Аст,0,completed
2025-09-19,ORD-11219,Кофе зерновой,Продукты,Астана,Смирнова А.,Офлайн-магазин,4,1212.09,0,4848.34,3564.09,1284.25,CUST-245,Brand_Про,Склад-Аст,0,completed
2026-05-24,ORD-11220,Свитер шерстяной,Одежда,Шымкент,Козлов В.,Маркетплейс,3,3838.68,15,9788.64,5517.67,4270.97,CUST-943,Brand_Оде,Склад-Шым,0,completed
2026-02-18,ORD-11221,Диван угловой,Мебель,Астана,Козлов В.,Маркетплейс,1,43641.47,0,43641.47,24360.12,19281.35,CUST-559,Brand_Меб,Склад-Аст,0,completed
2025-09-25,ORD-11222,Футболка базовая,Одежда,Алматы,Иванов И.,Офлайн-магазин,2,14846.88,0,29693.76,18255.01,11438.75,CUST-857,Brand_Оде,Склад-Алм,0,completed
2025-11-30,ORD-11223,Диван угловой,Мебель,Актобе,Смирнова А.,Маркетплейс,2,42032.18,0,84064.35,37640.68,46423.67,CUST-306,Brand_Меб,Склад-Акт,0,completed
2025-09-04,ORD-11224,Мяч фитнес,Спорттовары,Астана,Петров П.,Онлайн,8,4260.57,0,34084.53,16751.12,17333.42,CUST-288,Brand_Спо,Склад-Аст,0,completed
2025-09-02,ORD-11225,Ноутбук Pro,Электроника,Караганда,Лебедева Е.,Маркетплейс,3,61612.62,0,184837.86,118074.53,66763.33,CUST-615,Brand_Эле,Склад-Кар,0,completed
2025-10-26,ORD-11226,Куртка зимняя,Одежда,Алматы,Лебедева Е.,Онлайн,2,3517.34,15,5979.48,4596.64,1382.84,CUST-305,Brand_Оде,Склад-Алм,0,completed
2026-06-16,ORD-11227,Наушники Air,Электроника,Караганда,Петров П.,Маркетплейс,1,70221.33,0,70221.33,45706.04,24515.29,CUST-838,Brand_Эле,Склад-Кар,0,completed
2026-03-03,ORD-11228,Наушники Air,Электроника,Алматы,Петров П.,Маркетплейс,1,85504.0,0,85504.0,67177.98,18326.02,CUST-801,Brand_Эле,Склад-Алм,0,completed
2025-08-24,ORD-11229,Шкаф-купе,Мебель,Актобе,Иванов И.,Офлайн-магазин,2,29402.94,0,58805.88,44728.21,14077.67,CUST-106,Brand_Меб,Склад-Акт,0,completed
2026-02-02,ORD-11230,Смарт-часы,Электроника,Алматы,Козлов В.,Онлайн,3,32508.67,0,97526.0,60293.79,37232.21,CUST-943,Brand_Эле,Склад-Алм,0,completed
2026-03-22,ORD-11231,Мяч фитнес,Спорттовары,Шымкент,Лебедева Е.,B2B,4,3610.01,0,14440.05,9314.46,5125.59,CUST-751,Brand_Спо,Склад-Шым,0,completed
2026-03-11,ORD-11232,Стол письменный,Мебель,Караганда,Лебедева Е.,Маркетплейс,1,17513.01,0,17513.01,12125.86,5387.15,CUST-497,Brand_Меб,Склад-Кар,0,cancelled
2025-11-30,ORD-11233,Куртка зимняя,Одежда,Алматы,Козлов В.,Маркетплейс,1,4225.52,0,4225.52,2891.42,1334.11,CUST-332,Brand_Оде,Склад-Алм,0,completed
2026-02-12,ORD-11234,Куртка зимняя,Одежда,Астана,Козлов В.,B2B,2,7213.6,20,11541.76,9013.53,2528.23,CUST-445,Brand_Оде,Склад-Аст,0,completed
2026-01-04,ORD-11235,Стол письменный,Мебель,Актобе,Петров П.,Офлайн-магазин,3,20040.23,0,60120.69,28728.12,31392.57,CUST-775,Brand_Меб,Склад-Акт,0,completed
2026-06-03,ORD-11236,Сыр пармезан,Продукты,Актобе,Козлов В.,Маркетплейс,5,1772.67,0,8863.37,4046.42,4816.96,CUST-767,Brand_Про,Склад-Акт,0,completed
2026-03-10,ORD-11237,Оливковое масло,Продукты,Караганда,Иванов И.,Офлайн-магазин,6,608.35,0,3650.09,1688.85,1961.24,CUST-629,Brand_Про,Склад-Кар,0,completed
2026-02-28,ORD-11238,Кроссовки спорт,Одежда,Алматы,Петров П.,B2B,3,10881.82,0,32645.47,25902.65,6742.82,CUST-887,Brand_Оде,Склад-Алм,0,completed
2025-10-09,ORD-11239,Шкаф-купе,Мебель,Астана,Петров П.,B2B,2,27606.98,0,55213.95,38395.02,16818.93,CUST-598,Brand_Меб,Склад-Аст,0,completed
2025-12-30,ORD-11240,Скакалка,Спорттовары,Актобе,Иванов И.,Онлайн,2,995.76,0,1991.52,1529.62,461.9,CUST-439,Brand_Спо,Склад-Акт,0,completed
2025-09-06,ORD-11241,Шоколад горький,Продукты,Астана,Петров П.,Офлайн-магазин,2,812.12,0,1624.25,1240.43,383.81,CUST-948,Brand_Про,Склад-Аст,0,completed
2026-03-07,ORD-11242,Диван угловой,Мебель,Астана,Смирнова А.,Маркетплейс,3,9089.62,0,27268.86,20512.3,6756.55,CUST-221,Brand_Меб,Склад-Аст,0,completed
2026-04-20,ORD-11243,Мяч фитнес,Спорттовары,Астана,Лебедева Е.,B2B,4,2518.56,10,9066.83,6924.1,2142.73,CUST-140,Brand_Спо,Склад-Аст,0,completed
2025-09-29,ORD-11244,Кровать двуспальная,Мебель,Караганда,Козлов В.,Офлайн-магазин,3,4027.36,0,12082.07,8785.85,3296.22,CUST-698,Brand_Меб,Склад-Кар,3,returned
2026-05-10,ORD-11245,Кроссовки спорт,Одежда,Алматы,Козлов В.,Маркетплейс,1,5762.36,5,5474.24,2577.79,2896.45,CUST-793,Brand_Оде,Склад-Алм,0,completed
2026-02-08,ORD-11246,Футболка базовая,Одежда,Астана,Смирнова А.,Маркетплейс,1,12698.13,0,12698.13,10075.06,2623.07,CUST-736,Brand_Оде,Склад-Аст,0,completed
2026-05-20,ORD-11247,Стол письменный,Мебель,Шымкент,Смирнова А.,Офлайн-магазин,2,33825.28,5,64268.03,38293.7,25974.33,CUST-153,Brand_Меб,Склад-Шым,2,returned
2026-06-19,ORD-11248,Куртка зимняя,Одежда,Шымкент,Козлов В.,B2B,1,6681.64,0,6681.64,5332.21,1349.43,CUST-775,Brand_Оде,Склад-Шым,0,completed
2025-09-01,ORD-11249,Оливковое масло,Продукты,Алматы,Петров П.,Онлайн,10,1438.88,0,14388.75,7946.45,6442.3,CUST-489,Brand_Про,Склад-Алм,10,returned
2026-02-05,ORD-11250,Планшет Z,Электроника,Караганда,Смирнова А.,Маркетплейс,2,74573.46,0,149146.92,80069.74,69077.18,CUST-836,Brand_Эле,Склад-Кар,2,returned
2025-12-02,ORD-11251,Гантели 5кг,Спорттовары,Караганда,Смирнова А.,Маркетплейс,8,1280.52,5,9731.98,7028.34,2703.64,CUST-982,Brand_Спо,Склад-Кар,8,returned
2026-04-08,ORD-11252,Смартфон X,Электроника,Астана,Иванов И.,Офлайн-магазин,1,11811.64,0,11811.64,5452.28,6359.36,CUST-897,Brand_Эле,Склад-Аст,0,completed
2025-09-04,ORD-11253,Смартфон X,Электроника,Алматы,Смирнова А.,Онлайн,3,26432.06,0,79296.18,59356.34,19939.84,CUST-994,Brand_Эле,Склад-Алм,0,completed
2026-01-07,ORD-11254,Смарт-часы,Электроника,Алматы,Иванов И.,Офлайн-магазин,3,34975.31,10,94433.34,41237.3,53196.04,CUST-103,Brand_Эле,Склад-Алм,0,cancelled
2026-02-28,ORD-11255,Джинсы классика,Одежда,Алматы,Иванов И.,B2B,3,5493.1,0,16479.29,9729.66,6749.62,CUST-607,Brand_Оде,Склад-Алм,0,completed
2026-05-27,ORD-11256,Кроссовки спорт,Одежда,Шымкент,Лебедева Е.,Онлайн,1,9629.87,0,9629.87,4158.4,5471.47,CUST-369,Brand_Оде,Склад-Шым,0,cancelled
2025-10-03,ORD-11257,Скакалка,Спорттовары,Астана,Иванов И.,Онлайн,3,2126.52,10,5741.61,2669.67,3071.94,CUST-706,Brand_Спо,Склад-Аст,0,completed
2025-12-20,ORD-11258,Мяч фитнес,Спорттовары,Актобе,Смирнова А.,Офлайн-магазин,5,3712.42,10,16705.88,10227.68,6478.2,CUST-799,Brand_Спо,Склад-Акт,0,completed
2025-11-27,ORD-11259,Чай зеленый,Продукты,Алматы,Иванов И.,Онлайн,6,1204.25,5,6864.2,4447.58,2416.62,CUST-181,Brand_Про,Склад-Алм,0,completed
2026-07-02,ORD-11260,Стул офисный,Мебель,Алматы,Смирнова А.,Маркетплейс,3,51470.79,0,154412.36,121015.82,33396.55,CUST-844,Brand_Меб,Склад-Алм,0,completed
2026-01-01,ORD-11261,Диван угловой,Мебель,Караганда,Смирнова А.,B2B,2,22848.35,0,45696.7,36540.86,9155.84,CUST-701,Brand_Меб,Склад-Кар,0,completed
2025-10-17,ORD-11262,Планшет Z,Электроника,Караганда,Козлов В.,B2B,2,50074.9,0,100149.8,76077.37,24072.42,CUST-245,Brand_Эле,Склад-Кар,0,completed
2026-02-04,ORD-11263,Стул офисный,Мебель,Астана,Смирнова А.,B2B,1,40340.36,0,40340.36,16361.24,23979.11,CUST-777,Brand_Меб,Склад-Аст,0,completed
2025-10-18,ORD-11264,Свитер шерстяной,Одежда,Астана,Петров П.,Онлайн,2,1289.47,0,2578.95,1311.02,1267.93,CUST-609,Brand_Оде,Склад-Аст,0,completed
2026-02-07,ORD-11265,Куртка зимняя,Одежда,Актобе,Смирнова А.,Офлайн-магазин,2,3530.68,0,7061.36,4234.38,2826.98,CUST-972,Brand_Оде,Склад-Акт,0,completed
2025-10-11,ORD-11266,Стул офисный,Мебель,Шымкент,Иванов И.,Онлайн,3,23916.99,0,71750.97,37004.04,34746.93,CUST-606,Brand_Меб,Склад-Шым,0,completed
2025-11-09,ORD-11267,Кровать двуспальная,Мебель,Алматы,Смирнова А.,Офлайн-магазин,3,22912.15,0,68736.44,44499.43,24237.01,CUST-713,Brand_Меб,Склад-Алм,0,completed
2025-09-26,ORD-11268,Эспандер,Спорттовары,Шымкент,Смирнова А.,Офлайн-магазин,10,3267.58,5,31042.0,12636.7,18405.3,CUST-352,Brand_Спо,Склад-Шым,0,completed
2025-11-06,ORD-11269,Чай зеленый,Продукты,Шымкент,Козлов В.,Маркетплейс,6,1501.14,0,9006.85,4795.47,4211.39,CUST-230,Brand_Про,Склад-Шым,0,completed
2026-01-02,ORD-11270,Гантели 5кг,Спорттовары,Актобе,Лебедева Е.,Офлайн-магазин,8,2817.19,0,22537.54,17043.4,5494.14,CUST-197,Brand_Спо,Склад-Акт,0,completed
2026-02-03,ORD-11271,Свитер шерстяной,Одежда,Шымкент,Иванов И.,B2B,3,9102.64,15,23211.73,9906.08,13305.66,CUST-297,Brand_Оде,Склад-Шым,0,completed
2025-12-10,ORD-11272,Куртка зимняя,Одежда,Алматы,Козлов В.,Офлайн-магазин,3,4150.09,0,12450.27,6753.87,5696.41,CUST-675,Brand_Оде,Склад-Алм,0,completed
2025-10-04,ORD-11273,Шоколад горький,Продукты,Караганда,Смирнова А.,Офлайн-магазин,4,1827.29,5,6943.72,3598.57,3345.15,CUST-299,Brand_Про,Склад-Кар,0,completed
2026-04-16,ORD-11274,Эспандер,Спорттовары,Астана,Козлов В.,B2B,5,660.45,0,3302.26,1511.19,1791.07,CUST-767,Brand_Спо,Склад-Аст,0,completed
2026-06-16,ORD-11275,Стул офисный,Мебель,Шымкент,Козлов В.,Офлайн-магазин,3,32730.36,0,98191.09,45441.99,52749.1,CUST-421,Brand_Меб,Склад-Шым,0,completed
2025-09-15,ORD-11276,Сыр пармезан,Продукты,Шымкент,Петров П.,B2B,3,964.6,0,2893.81,1531.18,1362.63,CUST-153,Brand_Про,Склад-Шым,0,completed
2026-01-05,ORD-11277,Мяч фитнес,Спорттовары,Шымкент,Петров П.,Маркетплейс,9,3712.49,0,33412.44,19168.84,14243.59,CUST-282,Brand_Спо,Склад-Шым,0,completed
2026-01-05,ORD-11278,Коврик для йоги,Спорттовары,Шымкент,Смирнова А.,Онлайн,1,4781.09,10,4302.98,2576.07,1726.91,CUST-243,Brand_Спо,Склад-Шым,1,returned
2025-10-07,ORD-11279,Смарт-часы,Электроника,Астана,Петров П.,Онлайн,2,50612.58,0,101225.15,57197.95,44027.2,CUST-604,Brand_Эле,Склад-Аст,0,completed
2026-02-12,ORD-11280,Коврик для йоги,Спорттовары,Актобе,Козлов В.,B2B,9,1792.62,10,14520.25,8413.02,6107.23,CUST-989,Brand_Спо,Склад-Акт,0,completed
2025-12-02,ORD-11281,Джинсы классика,Одежда,Алматы,Лебедева Е.,Онлайн,3,1830.66,10,4942.77,2923.54,2019.23,CUST-876,Brand_Оде,Склад-Алм,0,completed
2025-11-18,ORD-11282,Джинсы классика,Одежда,Актобе,Смирнова А.,Маркетплейс,3,7869.39,0,23608.17,9625.1,13983.06,CUST-604,Brand_Оде,Склад-Акт,0,completed
2025-08-03,ORD-11283,Шкаф-купе,Мебель,Алматы,Иванов И.,Офлайн-магазин,1,45628.09,0,45628.09,28886.95,16741.14,CUST-818,Brand_Меб,Склад-Алм,0,completed
2025-09-01,ORD-11284,Эспандер,Спорттовары,Актобе,Петров П.,B2B,3,2066.7,0,6200.11,4749.78,1450.33,CUST-388,Brand_Спо,Склад-Акт,0,completed
2025-12-05,ORD-11285,Эспандер,Спорттовары,Актобе,Козлов В.,Офлайн-магазин,10,1864.65,0,18646.52,8918.8,9727.72,CUST-502,Brand_Спо,Склад-Акт,0,completed
2025-09-21,ORD-11286,Сыр пармезан,Продукты,Алматы,Козлов В.,B2B,3,505.34,0,1516.02,841.36,674.66,CUST-995,Brand_Про,Склад-Алм,0,completed
2025-11-04,ORD-11287,Свитер шерстяной,Одежда,Шымкент,Петров П.,Маркетплейс,2,7264.17,0,14528.35,9449.92,5078.43,CUST-963,Brand_Оде,Склад-Шым,0,completed
2025-11-28,ORD-11288,Свитер шерстяной,Одежда,Алматы,Смирнова А.,Онлайн,1,4043.52,10,3639.17,2182.91,1456.26,CUST-837,Brand_Оде,Склад-Алм,0,completed
2026-01-05,ORD-11289,Кровать двуспальная,Мебель,Актобе,Петров П.,B2B,3,27047.42,0,81142.25,58260.24,22882.01,CUST-354,Brand_Меб,Склад-Акт,0,completed
2025-08-30,ORD-11290,Коврик для йоги,Спорттовары,Алматы,Иванов И.,Онлайн,5,613.96,15,2609.35,1508.27,1101.08,CUST-263,Brand_Спо,Склад-Алм,0,completed
2025-09-09,ORD-11291,Планшет Z,Электроника,Астана,Петров П.,B2B,1,67294.79,0,67294.79,44512.17,22782.63,CUST-135,Brand_Эле,Склад-Аст,0,completed
2025-09-21,ORD-11292,Чай зеленый,Продукты,Шымкент,Козлов В.,Офлайн-магазин,1,445.73,20,356.58,167.53,189.05,CUST-842,Brand_Про,Склад-Шым,0,completed
2025-11-19,ORD-11293,Шкаф-купе,Мебель,Актобе,Смирнова А.,Маркетплейс,3,4853.48,0,14560.43,6192.75,8367.68,CUST-320,Brand_Меб,Склад-Акт,0,completed
2025-08-24,ORD-11294,Кровать двуспальная,Мебель,Алматы,Иванов И.,B2B,2,31599.48,0,63198.96,49874.27,13324.69,CUST-145,Brand_Меб,Склад-Алм,0,completed
2026-06-23,ORD-11295,Планшет Z,Электроника,Шымкент,Козлов В.,Офлайн-магазин,1,39637.12,0,39637.12,31126.07,8511.05,CUST-806,Brand_Эле,Склад-Шым,0,completed
2026-03-08,ORD-11296,Смартфон X,Электроника,Актобе,Козлов В.,B2B,3,38593.48,5,109991.41,56602.33,53389.08,CUST-476,Brand_Эле,Склад-Акт,0,completed
2026-03-12,ORD-11297,Шкаф-купе,Мебель,Астана,Смирнова А.,Маркетплейс,3,37975.71,0,113927.12,79074.31,34852.81,CUST-278,Brand_Меб,Склад-Аст,0,completed
2026-05-15,ORD-11298,Диван угловой,Мебель,Караганда,Смирнова А.,Маркетплейс,3,13013.92,20,31233.41,20935.26,10298.15,CUST-542,Brand_Меб,Склад-Кар,0,completed
2025-09-04,ORD-11299,Эспандер,Спорттовары,Астана,Смирнова А.,Маркетплейс,8,4461.04,10,32119.47,24278.99,7840.48,CUST-980,Brand_Спо,Склад-Аст,0,completed
2026-06-07,ORD-11300,Свитер шерстяной,Одежда,Шымкент,Лебедева Е.,Офлайн-магазин,3,13945.61,0,41836.82,30394.59,11442.23,CUST-809,Brand_Оде,Склад-Шым,0,completed
2026-02-09,ORD-11301,Наушники Air,Электроника,Алматы,Лебедева Е.,Онлайн,1,80351.83,0,80351.83,40327.53,40024.3,CUST-268,Brand_Эле,Склад-Алм,0,completed
2025-11-15,ORD-11302,Сыр пармезан,Продукты,Алматы,Смирнова А.,Маркетплейс,7,1299.85,0,9098.97,6621.72,2477.25,CUST-459,Brand_Про,Склад-Алм,0,completed
2026-02-15,ORD-11303,Ноутбук Pro,Электроника,Караганда,Петров П.,Офлайн-магазин,1,91401.65,5,86831.56,51932.32,34899.24,CUST-811,Brand_Эле,Склад-Кар,1,returned
2025-12-25,ORD-11304,Кроссовки спорт,Одежда,Шымкент,Петров П.,Онлайн,1,15113.57,0,15113.57,6233.43,8880.14,CUST-290,Brand_Оде,Склад-Шым,0,completed
2026-07-05,ORD-11305,Смартфон X,Электроника,Шымкент,Козлов В.,Онлайн,2,54883.15,0,109766.3,44370.54,65395.75,CUST-451,Brand_Эле,Склад-Шым,0,completed
2026-02-05,ORD-11306,Чай зеленый,Продукты,Шымкент,Козлов В.,B2B,10,1504.23,0,15042.27,10103.1,4939.18,CUST-611,Brand_Про,Склад-Шым,0,cancelled
2026-01-01,ORD-11307,Кофе зерновой,Продукты,Шымкент,Козлов В.,B2B,9,1739.41,20,12523.77,8459.01,4064.76,CUST-459,Brand_Про,Склад-Шым,0,completed
2026-07-07,ORD-11308,Стул офисный,Мебель,Караганда,Иванов И.,B2B,2,9633.64,0,19267.29,8416.33,10850.96,CUST-950,Brand_Меб,Склад-Кар,0,completed
2026-06-10,ORD-11309,Наушники Air,Электроника,Караганда,Смирнова А.,Офлайн-магазин,2,88108.97,0,176217.94,92325.06,83892.88,CUST-975,Brand_Эле,Склад-Кар,0,completed
2026-03-10,ORD-11310,Свитер шерстяной,Одежда,Караганда,Иванов И.,Онлайн,1,12172.46,0,12172.46,8156.73,4015.73,CUST-618,Brand_Оде,Склад-Кар,0,completed
2026-03-06,ORD-11311,Смарт-часы,Электроника,Астана,Козлов В.,Маркетплейс,3,104255.14,0,312765.42,240826.93,71938.49,CUST-149,Brand_Эле,Склад-Аст,0,completed
2025-11-28,ORD-11312,Коврик для йоги,Спорттовары,Актобе,Козлов В.,Офлайн-магазин,5,4783.89,5,22723.46,11727.91,10995.55,CUST-212,Brand_Спо,Склад-Акт,0,completed
2026-07-08,ORD-11313,Футболка базовая,Одежда,Астана,Козлов В.,B2B,1,5363.37,0,5363.37,3742.62,1620.74,CUST-280,Brand_Оде,Склад-Аст,0,completed
2026-01-30,ORD-11314,Планшет Z,Электроника,Астана,Петров П.,Маркетплейс,3,94623.86,10,255484.42,175142.54,80341.88,CUST-218,Brand_Эле,Склад-Аст,0,completed
2025-09-11,ORD-11315,Джинсы классика,Одежда,Астана,Лебедева Е.,Онлайн,2,7104.31,0,14208.62,9655.73,4552.89,CUST-637,Brand_Оде,Склад-Аст,0,completed
2026-07-12,ORD-11316,Оливковое масло,Продукты,Алматы,Козлов В.,B2B,5,239.45,0,1197.27,815.13,382.15,CUST-189,Brand_Про,Склад-Алм,0,completed
2025-12-03,ORD-11317,Сыр пармезан,Продукты,Караганда,Лебедева Е.,Офлайн-магазин,3,1932.17,0,5796.51,2694.21,3102.3,CUST-780,Brand_Про,Склад-Кар,0,completed
2025-10-30,ORD-11318,Шкаф-купе,Мебель,Шымкент,Лебедева Е.,Маркетплейс,1,32226.28,10,29003.65,18354.91,10648.74,CUST-140,Brand_Меб,Склад-Шым,0,completed
2025-11-17,ORD-11319,Джинсы классика,Одежда,Шымкент,Петров П.,B2B,2,1160.88,0,2321.76,1660.61,661.16,CUST-781,Brand_Оде,Склад-Шым,0,completed
2025-12-05,ORD-11320,Скакалка,Спорттовары,Алматы,Смирнова А.,Офлайн-магазин,4,3134.66,10,11284.77,5365.53,5919.24,CUST-590,Brand_Спо,Склад-Алм,0,completed
2025-11-08,ORD-11321,Ноутбук Pro,Электроника,Караганда,Лебедева Е.,Онлайн,3,25430.26,0,76290.78,46075.6,30215.18,CUST-169,Brand_Эле,Склад-Кар,0,completed
2026-03-23,ORD-11322,Коврик для йоги,Спорттовары,Актобе,Петров П.,Офлайн-магазин,6,3859.6,15,19683.95,11073.33,8610.61,CUST-143,Brand_Спо,Склад-Акт,0,completed
2026-01-02,ORD-11323,Стул офисный,Мебель,Астана,Смирнова А.,B2B,3,34059.11,10,91959.59,64320.53,27639.06,CUST-729,Brand_Меб,Склад-Аст,0,completed
2026-04-08,ORD-11324,Стол письменный,Мебель,Астана,Лебедева Е.,Маркетплейс,1,35809.4,0,35809.4,14766.56,21042.84,CUST-186,Brand_Меб,Склад-Аст,0,completed
2026-07-17,ORD-11325,Футболка базовая,Одежда,Шымкент,Смирнова А.,B2B,2,4494.54,0,8989.08,7143.37,1845.71,CUST-956,Brand_Оде,Склад-Шым,0,completed
2026-04-22,ORD-11326,Эспандер,Спорттовары,Шымкент,Козлов В.,B2B,10,3318.02,0,33180.15,25528.2,7651.95,CUST-776,Brand_Спо,Склад-Шым,0,completed
2026-05-11,ORD-11327,Кроссовки спорт,Одежда,Шымкент,Иванов И.,B2B,3,6514.76,0,19544.27,12753.54,6790.73,CUST-374,Brand_Оде,Склад-Шым,0,completed
2025-12-07,ORD-11328,Оливковое масло,Продукты,Актобе,Петров П.,Маркетплейс,4,758.6,0,3034.41,1636.78,1397.63,CUST-945,Brand_Про,Склад-Акт,0,completed
2026-01-09,ORD-11329,Мяч фитнес,Спорттовары,Шымкент,Смирнова А.,B2B,10,2164.51,10,19480.55,14043.48,5437.06,CUST-294,Brand_Спо,Склад-Шым,0,completed
2026-07-08,ORD-11330,Оливковое масло,Продукты,Актобе,Смирнова А.,Офлайн-магазин,8,2114.74,0,16917.92,7940.7,8977.22,CUST-997,Brand_Про,Склад-Акт,0,completed
2025-12-18,ORD-11331,Джинсы классика,Одежда,Актобе,Смирнова А.,Офлайн-магазин,2,13022.74,0,26045.48,14498.27,11547.21,CUST-681,Brand_Оде,Склад-Акт,0,completed
2026-03-14,ORD-11332,Эспандер,Спорттовары,Астана,Смирнова А.,Онлайн,2,2513.19,20,4021.1,1613.7,2407.41,CUST-360,Brand_Спо,Склад-Аст,0,completed
2026-04-01,ORD-11333,Шкаф-купе,Мебель,Актобе,Смирнова А.,B2B,2,18447.21,0,36894.42,21069.78,15824.65,CUST-709,Brand_Меб,Склад-Акт,0,cancelled
2025-09-15,ORD-11334,Кровать двуспальная,Мебель,Караганда,Смирнова А.,Онлайн,1,12337.74,0,12337.74,8686.38,3651.36,CUST-142,Brand_Меб,Склад-Кар,0,cancelled
2025-08-26,ORD-11335,Кофе зерновой,Продукты,Актобе,Лебедева Е.,Маркетплейс,2,444.49,20,711.19,342.76,368.43,CUST-680,Brand_Про,Склад-Акт,0,completed
2025-08-21,ORD-11336,Смартфон X,Электроника,Шымкент,Лебедева Е.,Маркетплейс,2,39657.44,0,79314.87,38719.54,40595.33,CUST-869,Brand_Эле,Склад-Шым,0,completed
2025-12-05,ORD-11337,Эспандер,Спорттовары,Астана,Петров П.,Онлайн,4,3000.42,0,12001.66,9440.03,2561.64,CUST-654,Brand_Спо,Склад-Аст,0,completed
2026-06-02,ORD-11338,Ноутбук Pro,Электроника,Алматы,Лебедева Е.,Маркетплейс,1,66065.91,0,66065.91,48766.74,17299.17,CUST-570,Brand_Эле,Склад-Алм,0,completed
2026-05-30,ORD-11339,Джинсы классика,Одежда,Астана,Смирнова А.,Онлайн,1,1068.91,0,1068.91,613.64,455.27,CUST-969,Brand_Оде,Склад-Аст,0,completed
2026-02-04,ORD-11340,Стол письменный,Мебель,Астана,Иванов И.,Онлайн,3,30251.08,0,90753.23,41760.48,48992.75,CUST-971,Brand_Меб,Склад-Аст,0,completed
2026-06-01,ORD-11341,Стул офисный,Мебель,Актобе,Смирнова А.,Офлайн-магазин,2,47140.35,0,94280.71,70716.06,23564.64,CUST-121,Brand_Меб,Склад-Акт,0,completed
2026-04-03,ORD-11342,Скакалка,Спорттовары,Караганда,Козлов В.,Офлайн-магазин,3,3710.33,20,8904.8,4161.68,4743.12,CUST-323,Brand_Спо,Склад-Кар,0,completed
2025-12-29,ORD-11343,Сыр пармезан,Продукты,Шымкент,Петров П.,Маркетплейс,7,752.01,0,5264.08,3094.67,2169.41,CUST-676,Brand_Про,Склад-Шым,0,completed
2025-11-23,ORD-11344,Наушники Air,Электроника,Алматы,Козлов В.,Маркетплейс,2,57072.36,0,114144.72,65578.05,48566.67,CUST-534,Brand_Эле,Склад-Алм,0,completed
2025-09-05,ORD-11345,Диван угловой,Мебель,Шымкент,Петров П.,Маркетплейс,2,23012.06,0,46024.13,21512.44,24511.68,CUST-760,Brand_Меб,Склад-Шым,0,completed
2026-04-12,ORD-11346,Скакалка,Спорттовары,Астана,Иванов И.,B2B,1,2595.7,5,2465.92,1683.83,782.09,CUST-730,Brand_Спо,Склад-Аст,0,completed
2026-07-13,ORD-11347,Коврик для йоги,Спорттовары,Шымкент,Иванов И.,Маркетплейс,3,4604.44,0,13813.33,10268.83,3544.5,CUST-290,Brand_Спо,Склад-Шым,0,completed
2025-11-16,ORD-11348,Диван угловой,Мебель,Астана,Лебедева Е.,Онлайн,1,15705.37,0,15705.37,9879.37,5826.01,CUST-992,Brand_Меб,Склад-Аст,0,completed
2025-10-20,ORD-11349,Оливковое масло,Продукты,Караганда,Козлов В.,Офлайн-магазин,1,667.65,10,600.88,385.2,215.68,CUST-891,Brand_Про,Склад-Кар,0,completed
2025-09-11,ORD-11350,Чай зеленый,Продукты,Актобе,Иванов И.,B2B,6,1177.02,10,6355.93,3899.13,2456.8,CUST-905,Brand_Про,Склад-Акт,0,completed
2025-07-26,ORD-11351,Чай зеленый,Продукты,Шымкент,Лебедева Е.,Онлайн,9,1004.26,20,7230.65,3282.57,3948.08,CUST-259,Brand_Про,Склад-Шым,0,completed
2025-09-27,ORD-11352,Свитер шерстяной,Одежда,Шымкент,Лебедева Е.,Маркетплейс,1,9040.36,0,9040.36,6184.36,2856.0,CUST-265,Brand_Оде,Склад-Шым,0,completed
2026-06-14,ORD-11353,Коврик для йоги,Спорттовары,Алматы,Козлов В.,Офлайн-магазин,5,542.26,0,2711.31,1950.88,760.43,CUST-504,Brand_Спо,Склад-Алм,0,completed
2026-04-29,ORD-11354,Мяч фитнес,Спорттовары,Актобе,Козлов В.,Маркетплейс,5,3598.83,0,17994.15,10131.99,7862.16,CUST-611,Brand_Спо,Склад-Акт,0,completed
2025-09-24,ORD-11355,Ноутбук Pro,Электроника,Алматы,Лебедева Е.,Маркетплейс,1,32686.1,0,32686.1,18466.51,14219.59,CUST-482,Brand_Эле,Склад-Алм,0,completed
2025-08-03,ORD-11356,Сыр пармезан,Продукты,Астана,Иванов И.,Офлайн-магазин,3,1031.4,0,3094.21,1968.45,1125.76,CUST-243,Brand_Про,Склад-Аст,0,completed
2026-06-19,ORD-11357,Сыр пармезан,Продукты,Астана,Петров П.,Онлайн,8,691.05,0,5528.44,3094.24,2434.2,CUST-480,Brand_Про,Склад-Аст,0,completed
2025-11-03,ORD-11358,Стол письменный,Мебель,Караганда,Иванов И.,Офлайн-магазин,3,10682.89,15,27241.37,14972.24,12269.12,CUST-495,Brand_Меб,Склад-Кар,0,completed
2026-06-21,ORD-11359,Стул офисный,Мебель,Актобе,Смирнова А.,Маркетплейс,3,37261.93,0,111785.8,86476.47,25309.32,CUST-590,Brand_Меб,Склад-Акт,0,completed
2025-08-25,ORD-11360,Шоколад горький,Продукты,Астана,Смирнова А.,Офлайн-магазин,2,221.66,0,443.32,303.43,139.89,CUST-125,Brand_Про,Склад-Аст,0,completed
2026-04-08,ORD-11361,Свитер шерстяной,Одежда,Шымкент,Иванов И.,B2B,2,8049.78,20,12879.65,6939.17,5940.48,CUST-476,Brand_Оде,Склад-Шым,0,completed
2025-08-17,ORD-11362,Скакалка,Спорттовары,Алматы,Козлов В.,B2B,9,4098.43,0,36885.87,26252.53,10633.34,CUST-679,Brand_Спо,Склад-Алм,0,completed
2026-04-07,ORD-11363,Ноутбук Pro,Электроника,Караганда,Смирнова А.,B2B,3,90003.02,0,270009.05,123362.95,146646.1,CUST-195,Brand_Эле,Склад-Кар,3,returned
2026-06-02,ORD-11364,Диван угловой,Мебель,Караганда,Петров П.,Онлайн,2,6588.06,0,13176.13,5971.11,7205.01,CUST-298,Brand_Меб,Склад-Кар,0,completed
2026-02-20,ORD-11365,Кроссовки спорт,Одежда,Актобе,Лебедева Е.,Маркетплейс,1,4379.45,10,3941.51,2930.65,1010.85,CUST-594,Brand_Оде,Склад-Акт,0,completed
2025-08-24,ORD-11366,Кроссовки спорт,Одежда,Астана,Козлов В.,Онлайн,3,2303.69,0,6911.08,5250.78,1660.3,CUST-481,Brand_Оде,Склад-Аст,0,completed
2026-03-19,ORD-11367,Оливковое масло,Продукты,Актобе,Лебедева Е.,Маркетплейс,6,1353.66,0,8121.98,5418.18,2703.8,CUST-703,Brand_Про,Склад-Акт,0,completed
2026-04-14,ORD-11368,Оливковое масло,Продукты,Астана,Петров П.,Онлайн,8,1039.77,0,8318.17,6454.7,1863.47,CUST-841,Brand_Про,Склад-Аст,0,completed
2026-02-14,ORD-11369,Смарт-часы,Электроника,Шымкент,Смирнова А.,Онлайн,3,22235.61,0,66706.84,47588.03,19118.81,CUST-354,Brand_Эле,Склад-Шым,0,completed
2026-03-16,ORD-11370,Футболка базовая,Одежда,Актобе,Лебедева Е.,Маркетплейс,3,7625.79,0,22877.38,14335.63,8541.75,CUST-348,Brand_Оде,Склад-Акт,0,completed
2025-10-13,ORD-11371,Мяч фитнес,Спорттовары,Алматы,Смирнова А.,Онлайн,7,4764.32,10,30015.23,16979.29,13035.94,CUST-441,Brand_Спо,Склад-Алм,0,cancelled
2026-01-27,ORD-11372,Планшет Z,Электроника,Астана,Козлов В.,B2B,3,49136.16,0,147408.48,84323.88,63084.6,CUST-349,Brand_Эле,Склад-Аст,0,completed
2026-05-30,ORD-11373,Куртка зимняя,Одежда,Астана,Лебедева Е.,Маркетплейс,2,8992.78,5,17086.28,7395.59,9690.69,CUST-108,Brand_Оде,Склад-Аст,0,completed
2025-10-06,ORD-11374,Мяч фитнес,Спорттовары,Караганда,Иванов И.,Офлайн-магазин,1,1055.35,0,1055.35,435.94,619.41,CUST-963,Brand_Спо,Склад-Кар,0,completed
2026-01-25,ORD-11375,Оливковое масло,Продукты,Алматы,Иванов И.,Офлайн-магазин,6,816.54,0,4899.25,3912.18,987.07,CUST-140,Brand_Про,Склад-Алм,0,completed
2026-06-01,ORD-11376,Ноутбук Pro,Электроника,Астана,Козлов В.,B2B,2,17817.41,0,35634.81,23026.29,12608.52,CUST-951,Brand_Эле,Склад-Аст,0,completed
2026-05-31,ORD-11377,Чай зеленый,Продукты,Алматы,Козлов В.,Маркетплейс,9,576.28,0,5186.55,3332.84,1853.71,CUST-132,Brand_Про,Склад-Алм,0,completed
2026-02-08,ORD-11378,Чай зеленый,Продукты,Караганда,Козлов В.,Маркетплейс,5,1166.78,0,5833.91,3980.26,1853.65,CUST-926,Brand_Про,Склад-Кар,0,completed
2025-11-19,ORD-11379,Шоколад горький,Продукты,Астана,Петров П.,B2B,3,596.03,0,1788.09,757.26,1030.84,CUST-251,Brand_Про,Склад-Аст,0,completed
2025-09-15,ORD-11380,Стол письменный,Мебель,Астана,Иванов И.,Маркетплейс,3,26486.6,0,79459.79,39388.34,40071.44,CUST-519,Brand_Меб,Склад-Аст,0,completed
2025-09-22,ORD-11381,Скакалка,Спорттовары,Шымкент,Петров П.,B2B,6,739.09,0,4434.54,2113.48,2321.06,CUST-132,Brand_Спо,Склад-Шым,0,completed
2025-11-28,ORD-11382,Стол письменный,Мебель,Караганда,Козлов В.,B2B,2,60147.07,0,120294.13,87371.13,32923.0,CUST-824,Brand_Меб,Склад-Кар,0,completed
2026-02-23,ORD-11383,Оливковое масло,Продукты,Астана,Иванов И.,Офлайн-магазин,7,669.81,0,4688.69,3517.49,1171.19,CUST-143,Brand_Про,Склад-Аст,0,completed
2025-10-01,ORD-11384,Свитер шерстяной,Одежда,Актобе,Козлов В.,Маркетплейс,3,4633.07,0,13899.2,5773.44,8125.75,CUST-469,Brand_Оде,Склад-Акт,0,completed
2026-07-21,ORD-11385,Оливковое масло,Продукты,Шымкент,Смирнова А.,Онлайн,8,426.39,10,3070.01,1487.19,1582.82,CUST-774,Brand_Про,Склад-Шым,0,completed
2026-04-06,ORD-11386,Оливковое масло,Продукты,Караганда,Лебедева Е.,Офлайн-магазин,1,1231.89,0,1231.89,847.1,384.79,CUST-651,Brand_Про,Склад-Кар,0,completed
2026-03-12,ORD-11387,Планшет Z,Электроника,Шымкент,Иванов И.,B2B,3,95085.34,5,270993.21,159833.7,111159.51,CUST-574,Brand_Эле,Склад-Шым,0,completed
2026-05-29,ORD-11388,Гантели 5кг,Спорттовары,Шымкент,Лебедева Е.,Офлайн-магазин,5,4193.38,0,20966.89,13855.38,7111.51,CUST-334,Brand_Спо,Склад-Шым,0,completed
2026-06-29,ORD-11389,Эспандер,Спорттовары,Караганда,Смирнова А.,Онлайн,4,4481.82,0,17927.27,13997.68,3929.6,CUST-506,Brand_Спо,Склад-Кар,0,completed
2025-07-23,ORD-11390,Стул офисный,Мебель,Алматы,Смирнова А.,B2B,3,4258.25,15,10858.55,7683.08,3175.47,CUST-608,Brand_Меб,Склад-Алм,0,completed
2026-05-15,ORD-11391,Свитер шерстяной,Одежда,Актобе,Смирнова А.,Онлайн,2,4518.51,0,9037.02,4802.59,4234.43,CUST-305,Brand_Оде,Склад-Акт,0,completed
2025-07-29,ORD-11392,Стул офисный,Мебель,Шымкент,Петров П.,B2B,1,5231.83,0,5231.83,3661.05,1570.78,CUST-773,Brand_Меб,Склад-Шым,0,completed
2025-12-18,ORD-11393,Сыр пармезан,Продукты,Астана,Козлов В.,Офлайн-магазин,3,1716.12,0,5148.35,3634.92,1513.42,CUST-655,Brand_Про,Склад-Аст,0,completed
2026-07-11,ORD-11394,Коврик для йоги,Спорттовары,Алматы,Петров П.,Онлайн,4,507.75,0,2030.99,1438.22,592.77,CUST-376,Brand_Спо,Склад-Алм,0,completed
2025-10-21,ORD-11395,Наушники Air,Электроника,Шымкент,Иванов И.,B2B,1,73276.74,0,73276.74,47318.19,25958.55,CUST-464,Brand_Эле,Склад-Шым,0,completed
2025-09-07,ORD-11396,Чай зеленый,Продукты,Караганда,Петров П.,Маркетплейс,1,1458.01,5,1385.11,1103.72,281.39,CUST-450,Brand_Про,Склад-Кар,0,completed
2025-10-12,ORD-11397,Скакалка,Спорттовары,Астана,Козлов В.,Маркетплейс,6,671.71,20,3224.22,1423.26,1800.96,CUST-931,Brand_Спо,Склад-Аст,0,completed
2026-02-13,ORD-11398,Джинсы классика,Одежда,Астана,Лебедева Е.,B2B,3,15313.21,5,43642.64,34497.54,9145.1,CUST-954,Brand_Оде,Склад-Аст,0,completed
2026-06-23,ORD-11399,Шкаф-купе,Мебель,Караганда,Козлов В.,Маркетплейс,2,42144.88,0,84289.76,35130.78,49158.98,CUST-103,Brand_Меб,Склад-Кар,0,completed
2026-05-10,ORD-11400,Кофе зерновой,Продукты,Шымкент,Смирнова А.,B2B,1,1553.36,20,1242.69,539.44,703.25,CUST-708,Brand_Про,Склад-Шым,0,completed
2026-04-14,ORD-11401,Коврик для йоги,Спорттовары,Актобе,Петров П.,B2B,9,4793.12,15,36667.39,16423.37,20244.02,CUST-905,Brand_Спо,Склад-Акт,0,completed
2026-06-13,ORD-11402,Чай зеленый,Продукты,Шымкент,Лебедева Е.,B2B,1,894.86,5,850.11,659.36,190.75,CUST-240,Brand_Про,Склад-Шым,0,completed
2026-07-13,ORD-11403,Сыр пармезан,Продукты,Астана,Смирнова А.,Маркетплейс,7,2079.48,15,12372.89,5320.89,7051.99,CUST-407,Brand_Про,Склад-Аст,0,completed
2026-02-15,ORD-11404,Смартфон X,Электроника,Шымкент,Смирнова А.,Офлайн-магазин,1,108087.85,5,102683.46,55963.81,46719.65,CUST-370,Brand_Эле,Склад-Шым,0,completed
2026-01-08,ORD-11405,Кофе зерновой,Продукты,Астана,Лебедева Е.,Офлайн-магазин,2,1286.65,0,2573.31,1313.95,1259.36,CUST-663,Brand_Про,Склад-Аст,0,completed
2026-04-25,ORD-11406,Смарт-часы,Электроника,Актобе,Лебедева Е.,Маркетплейс,3,66394.33,0,199182.98,151006.66,48176.32,CUST-141,Brand_Эле,Склад-Акт,0,completed
2025-12-28,ORD-11407,Стул офисный,Мебель,Шымкент,Смирнова А.,Онлайн,1,13768.25,0,13768.25,10710.02,3058.22,CUST-588,Brand_Меб,Склад-Шым,0,completed
2025-08-12,ORD-11408,Диван угловой,Мебель,Караганда,Лебедева Е.,Онлайн,1,19664.31,0,19664.31,12279.9,7384.42,CUST-183,Brand_Меб,Склад-Кар,0,completed
2026-01-09,ORD-11409,Джинсы классика,Одежда,Актобе,Иванов И.,Онлайн,1,8486.65,10,7637.98,3572.65,4065.33,CUST-984,Brand_Оде,Склад-Акт,0,cancelled
2026-07-06,ORD-11410,Гантели 5кг,Спорттовары,Караганда,Иванов И.,Маркетплейс,8,2306.42,0,18451.36,7818.74,10632.62,CUST-782,Brand_Спо,Склад-Кар,0,completed
2026-02-05,ORD-11411,Свитер шерстяной,Одежда,Шымкент,Смирнова А.,Офлайн-магазин,3,8051.24,0,24153.71,15249.03,8904.68,CUST-731,Brand_Оде,Склад-Шым,0,completed
2025-09-23,ORD-11412,Диван угловой,Мебель,Актобе,Козлов В.,Онлайн,2,10990.18,0,21980.37,15358.0,6622.37,CUST-690,Brand_Меб,Склад-Акт,0,completed
2025-10-24,ORD-11413,Коврик для йоги,Спорттовары,Астана,Петров П.,Онлайн,4,2908.65,5,11052.88,7445.52,3607.36,CUST-323,Brand_Спо,Склад-Аст,0,completed
2025-12-10,ORD-11414,Смарт-часы,Электроника,Алматы,Петров П.,Онлайн,1,90060.82,0,90060.82,48321.48,41739.33,CUST-250,Brand_Эле,Склад-Алм,0,completed
2026-06-18,ORD-11415,Планшет Z,Электроника,Шымкент,Козлов В.,B2B,3,99928.54,0,299785.62,173085.64,126699.98,CUST-750,Brand_Эле,Склад-Шым,0,completed
2025-10-04,ORD-11416,Кроссовки спорт,Одежда,Шымкент,Петров П.,Офлайн-магазин,2,9077.46,20,14523.94,6093.86,8430.08,CUST-574,Brand_Оде,Склад-Шым,0,completed
2025-10-11,ORD-11417,Смартфон X,Электроника,Караганда,Лебедева Е.,Маркетплейс,2,32568.89,0,65137.79,33538.4,31599.38,CUST-281,Brand_Эле,Склад-Кар,0,completed
2026-02-25,ORD-11418,Наушники Air,Электроника,Актобе,Иванов И.,B2B,2,58324.83,0,116649.65,67626.15,49023.51,CUST-382,Brand_Эле,Склад-Акт,0,completed
2026-03-23,ORD-11419,Диван угловой,Мебель,Астана,Козлов В.,Офлайн-магазин,1,33323.5,0,33323.5,16454.09,16869.41,CUST-324,Brand_Меб,Склад-Аст,0,completed
2026-04-30,ORD-11420,Гантели 5кг,Спорттовары,Алматы,Смирнова А.,Маркетплейс,5,5033.09,0,25165.45,12802.29,12363.16,CUST-918,Brand_Спо,Склад-Алм,0,completed
2025-12-27,ORD-11421,Стул офисный,Мебель,Алматы,Лебедева Е.,Онлайн,2,20825.17,0,41650.34,20730.11,20920.23,CUST-669,Brand_Меб,Склад-Алм,0,cancelled
2026-06-01,ORD-11422,Скакалка,Спорттовары,Астана,Козлов В.,Онлайн,1,1658.19,0,1658.19,1120.7,537.49,CUST-681,Brand_Спо,Склад-Аст,0,completed
2026-01-12,ORD-11423,Наушники Air,Электроника,Астана,Петров П.,Онлайн,3,41362.8,15,105475.14,71555.47,33919.67,CUST-304,Brand_Эле,Склад-Аст,0,completed
2026-06-08,ORD-11424,Шкаф-купе,Мебель,Актобе,Лебедева Е.,Маркетплейс,2,8325.64,0,16651.28,7967.76,8683.52,CUST-146,Brand_Меб,Склад-Акт,0,completed
2026-01-10,ORD-11425,Сыр пармезан,Продукты,Астана,Лебедева Е.,Маркетплейс,4,971.27,0,3885.07,2428.07,1457.0,CUST-205,Brand_Про,Склад-Аст,0,completed
2026-05-07,ORD-11426,Джинсы классика,Одежда,Караганда,Иванов И.,Офлайн-магазин,2,10431.03,0,20862.06,14508.44,6353.62,CUST-661,Brand_Оде,Склад-Кар,0,completed
2026-03-04,ORD-11427,Джинсы классика,Одежда,Астана,Петров П.,Маркетплейс,1,2300.71,0,2300.71,1765.29,535.42,CUST-387,Brand_Оде,Склад-Аст,0,completed
2026-06-16,ORD-11428,Мяч фитнес,Спорттовары,Астана,Иванов И.,Маркетплейс,10,2385.04,0,23850.36,17223.93,6626.43,CUST-649,Brand_Спо,Склад-Аст,0,completed
2026-06-09,ORD-11429,Футболка базовая,Одежда,Караганда,Смирнова А.,Офлайн-магазин,3,11443.22,20,27463.72,19961.35,7502.37,CUST-521,Brand_Оде,Склад-Кар,0,completed
2026-01-07,ORD-11430,Смартфон X,Электроника,Актобе,Лебедева Е.,Офлайн-магазин,2,82927.21,0,165854.42,112540.79,53313.63,CUST-871,Brand_Эле,Склад-Акт,2,returned
2026-03-10,ORD-11431,Гантели 5кг,Спорттовары,Алматы,Иванов И.,Онлайн,4,2978.65,0,11914.62,5513.87,6400.75,CUST-850,Brand_Спо,Склад-Алм,0,completed
2025-10-21,ORD-11432,Джинсы классика,Одежда,Астана,Петров П.,Маркетплейс,1,9285.7,0,9285.7,4552.32,4733.39,CUST-220,Brand_Оде,Склад-Аст,0,completed
2025-11-03,ORD-11433,Шоколад горький,Продукты,Караганда,Петров П.,Онлайн,3,1795.81,0,5387.42,2171.4,3216.03,CUST-645,Brand_Про,Склад-Кар,0,completed
2025-10-19,ORD-11434,Стул офисный,Мебель,Алматы,Петров П.,Офлайн-магазин,1,7667.68,0,7667.68,4400.08,3267.6,CUST-270,Brand_Меб,Склад-Алм,0,completed
2025-12-05,ORD-11435,Скакалка,Спорттовары,Актобе,Лебедева Е.,Маркетплейс,3,4329.99,10,11690.98,9135.89,2555.1,CUST-725,Brand_Спо,Склад-Акт,0,completed
2026-03-06,ORD-11436,Шоколад горький,Продукты,Шымкент,Лебедева Е.,Офлайн-магазин,1,1659.67,0,1659.67,860.07,799.61,CUST-576,Brand_Про,Склад-Шым,0,completed
2025-09-06,ORD-11437,Коврик для йоги,Спорттовары,Астана,Иванов И.,Офлайн-магазин,2,5652.78,0,11305.55,6306.72,4998.83,CUST-829,Brand_Спо,Склад-Аст,0,completed
2025-09-29,ORD-11438,Смарт-часы,Электроника,Астана,Лебедева Е.,Офлайн-магазин,1,22630.08,5,21498.58,10676.15,10822.43,CUST-447,Brand_Эле,Склад-Аст,0,completed
2026-04-16,ORD-11439,Коврик для йоги,Спорттовары,Шымкент,Смирнова А.,Маркетплейс,3,5363.14,5,15284.96,8729.06,6555.9,CUST-310,Brand_Спо,Склад-Шым,0,completed
2025-10-01,ORD-11440,Футболка базовая,Одежда,Актобе,Петров П.,B2B,2,2313.85,5,4396.31,3055.86,1340.45,CUST-268,Brand_Оде,Склад-Акт,0,completed
2026-07-05,ORD-11441,Шоколад горький,Продукты,Алматы,Иванов И.,Онлайн,1,2007.87,5,1907.48,1421.37,486.11,CUST-185,Brand_Про,Склад-Алм,0,completed
2026-01-03,ORD-11442,Свитер шерстяной,Одежда,Алматы,Иванов И.,Офлайн-магазин,1,9037.69,0,9037.69,6848.02,2189.67,CUST-158,Brand_Оде,Склад-Алм,0,completed
2026-06-09,ORD-11443,Коврик для йоги,Спорттовары,Астана,Смирнова А.,Маркетплейс,2,3137.49,15,5333.74,3739.01,1594.72,CUST-187,Brand_Спо,Склад-Аст,0,completed
2026-04-27,ORD-11444,Свитер шерстяной,Одежда,Актобе,Лебедева Е.,B2B,2,5933.02,0,11866.04,8391.61,3474.44,CUST-944,Brand_Оде,Склад-Акт,0,completed
2025-12-16,ORD-11445,Скакалка,Спорттовары,Алматы,Смирнова А.,B2B,1,4058.25,0,4058.25,2381.89,1676.36,CUST-150,Brand_Спо,Склад-Алм,0,completed
2025-07-23,ORD-11446,Чай зеленый,Продукты,Караганда,Смирнова А.,Маркетплейс,6,360.86,15,1840.38,1126.34,714.04,CUST-676,Brand_Про,Склад-Кар,0,completed
2025-09-22,ORD-11447,Кроссовки спорт,Одежда,Астана,Смирнова А.,Офлайн-магазин,2,6636.59,0,13273.18,7253.59,6019.6,CUST-903,Brand_Оде,Склад-Аст,0,completed
2026-05-13,ORD-11448,Стул офисный,Мебель,Актобе,Иванов И.,B2B,2,7276.79,0,14553.58,8209.29,6344.29,CUST-671,Brand_Меб,Склад-Акт,0,completed
2026-03-14,ORD-11449,Эспандер,Спорттовары,Алматы,Лебедева Е.,Офлайн-магазин,2,1533.25,0,3066.51,2210.33,856.18,CUST-986,Brand_Спо,Склад-Алм,2,returned
2026-02-07,ORD-11450,Оливковое масло,Продукты,Алматы,Лебедева Е.,Онлайн,5,757.7,10,3409.65,2110.54,1299.11,CUST-354,Brand_Про,Склад-Алм,0,completed
2026-04-12,ORD-11451,Кроссовки спорт,Одежда,Астана,Лебедева Е.,Онлайн,2,8832.83,0,17665.66,11821.86,5843.8,CUST-509,Brand_Оде,Склад-Аст,0,completed
2026-06-03,ORD-11452,Чай зеленый,Продукты,Актобе,Лебедева Е.,Маркетплейс,5,1058.89,0,5294.47,2631.81,2662.66,CUST-834,Brand_Про,Склад-Акт,0,completed
2025-09-26,ORD-11453,Оливковое масло,Продукты,Караганда,Петров П.,Онлайн,5,1050.98,0,5254.9,3937.91,1317.0,CUST-398,Brand_Про,Склад-Кар,0,completed
2026-06-10,ORD-11454,Стол письменный,Мебель,Шымкент,Смирнова А.,Маркетплейс,1,6099.47,0,6099.47,2998.69,3100.78,CUST-448,Brand_Меб,Склад-Шым,0,completed
2026-04-26,ORD-11455,Куртка зимняя,Одежда,Астана,Иванов И.,Онлайн,2,7165.66,0,14331.33,10273.23,4058.09,CUST-625,Brand_Оде,Склад-Аст,0,completed
2026-05-12,ORD-11456,Скакалка,Спорттовары,Алматы,Петров П.,Онлайн,4,3781.95,0,15127.8,9082.55,6045.25,CUST-382,Brand_Спо,Склад-Алм,0,completed
2026-01-07,ORD-11457,Кроссовки спорт,Одежда,Актобе,Иванов И.,Маркетплейс,2,1676.56,0,3353.11,1418.4,1934.72,CUST-344,Brand_Оде,Склад-Акт,0,completed
2025-11-03,ORD-11458,Джинсы классика,Одежда,Шымкент,Петров П.,Маркетплейс,2,11988.59,5,22778.32,12707.75,10070.57,CUST-244,Brand_Оде,Склад-Шым,0,completed
2025-09-12,ORD-11459,Смартфон X,Электроника,Актобе,Козлов В.,B2B,1,106235.51,0,106235.51,68265.09,37970.42,CUST-707,Brand_Эле,Склад-Акт,0,completed
2025-09-06,ORD-11460,Кроссовки спорт,Одежда,Астана,Петров П.,B2B,2,11391.07,5,21643.03,16296.19,5346.84,CUST-840,Brand_Оде,Склад-Аст,0,completed
2025-08-30,ORD-11461,Смарт-часы,Электроника,Актобе,Козлов В.,Маркетплейс,1,49171.13,0,49171.13,29516.12,19655.01,CUST-665,Brand_Эле,Склад-Акт,0,completed
2026-04-16,ORD-11462,Смартфон X,Электроника,Астана,Петров П.,Онлайн,3,8667.95,0,26003.86,18500.53,7503.33,CUST-230,Brand_Эле,Склад-Аст,0,completed
2026-05-23,ORD-11463,Коврик для йоги,Спорттовары,Астана,Козлов В.,Маркетплейс,8,3996.49,0,31971.94,16416.3,15555.64,CUST-222,Brand_Спо,Склад-Аст,0,cancelled
2026-02-19,ORD-11464,Смарт-часы,Электроника,Астана,Козлов В.,Маркетплейс,2,79990.19,0,159980.39,67700.18,92280.21,CUST-172,Brand_Эле,Склад-Аст,0,completed
2025-09-23,ORD-11465,Скакалка,Спорттовары,Шымкент,Иванов И.,Маркетплейс,4,2488.32,0,9953.26,5881.77,4071.49,CUST-700,Brand_Спо,Склад-Шым,0,completed
2025-10-01,ORD-11466,Стол письменный,Мебель,Астана,Петров П.,Офлайн-магазин,3,49891.18,0,149673.53,64269.91,85403.62,CUST-443,Brand_Меб,Склад-Аст,0,completed
2026-01-10,ORD-11467,Стул офисный,Мебель,Алматы,Смирнова А.,Онлайн,3,50491.08,15,128752.25,58198.72,70553.53,CUST-865,Brand_Меб,Склад-Алм,0,completed
2025-08-12,ORD-11468,Кофе зерновой,Продукты,Шымкент,Петров П.,B2B,7,888.34,0,6218.35,4454.16,1764.19,CUST-810,Brand_Про,Склад-Шым,0,completed
2025-09-09,ORD-11469,Ноутбук Pro,Электроника,Караганда,Иванов И.,Онлайн,1,31634.61,0,31634.61,15224.88,16409.73,CUST-722,Brand_Эле,Склад-Кар,0,completed
2025-09-05,ORD-11470,Наушники Air,Электроника,Астана,Козлов В.,Онлайн,3,52615.21,0,157845.63,123295.54,34550.09,CUST-360,Brand_Эле,Склад-Аст,0,completed
2026-01-12,ORD-11471,Кофе зерновой,Продукты,Караганда,Лебедева Е.,Офлайн-магазин,10,1026.35,0,10263.51,6676.94,3586.57,CUST-881,Brand_Про,Склад-Кар,0,completed
2026-05-05,ORD-11472,Свитер шерстяной,Одежда,Астана,Лебедева Е.,Маркетплейс,3,5679.85,5,16187.56,8042.63,8144.93,CUST-105,Brand_Оде,Склад-Аст,0,completed
2026-04-18,ORD-11473,Стол письменный,Мебель,Шымкент,Смирнова А.,Офлайн-магазин,3,34303.31,10,92618.94,52142.88,40476.06,CUST-760,Brand_Меб,Склад-Шым,0,completed
2026-01-29,ORD-11474,Коврик для йоги,Спорттовары,Алматы,Иванов И.,Маркетплейс,1,3868.5,0,3868.5,1620.89,2247.61,CUST-678,Brand_Спо,Склад-Алм,0,completed
2026-05-15,ORD-11475,Планшет Z,Электроника,Шымкент,Лебедева Е.,Офлайн-магазин,3,7525.14,15,19189.11,12149.77,7039.34,CUST-874,Brand_Эле,Склад-Шым,0,completed
2026-05-24,ORD-11476,Скакалка,Спорттовары,Караганда,Лебедева Е.,B2B,9,2892.59,0,26033.28,18322.16,7711.11,CUST-792,Brand_Спо,Склад-Кар,0,completed
2026-07-04,ORD-11477,Стул офисный,Мебель,Актобе,Смирнова А.,Офлайн-магазин,2,39676.54,0,79353.08,51953.32,27399.76,CUST-250,Brand_Меб,Склад-Акт,0,completed
2026-01-07,ORD-11478,Коврик для йоги,Спорттовары,Шымкент,Иванов И.,Маркетплейс,3,1906.34,5,5433.06,2575.17,2857.89,CUST-939,Brand_Спо,Склад-Шым,0,completed
2025-11-13,ORD-11479,Чай зеленый,Продукты,Караганда,Козлов В.,Онлайн,10,989.72,0,9897.23,7878.29,2018.95,CUST-507,Brand_Про,Склад-Кар,0,completed
2026-06-14,ORD-11480,Наушники Air,Электроника,Караганда,Иванов И.,B2B,3,29802.86,0,89408.58,55850.31,33558.27,CUST-333,Brand_Эле,Склад-Кар,0,cancelled
2026-04-14,ORD-11481,Гантели 5кг,Спорттовары,Шымкент,Лебедева Е.,Маркетплейс,9,2404.87,0,21643.8,16423.88,5219.91,CUST-956,Brand_Спо,Склад-Шым,0,completed
2025-12-14,ORD-11482,Планшет Z,Электроника,Караганда,Иванов И.,Офлайн-магазин,3,112711.37,0,338134.1,181421.08,156713.02,CUST-969,Brand_Эле,Склад-Кар,0,completed
2025-10-05,ORD-11483,Шкаф-купе,Мебель,Шымкент,Лебедева Е.,Офлайн-магазин,3,30195.06,0,90585.19,64627.13,25958.06,CUST-487,Brand_Меб,Склад-Шым,0,completed
2026-01-14,ORD-11484,Стул офисный,Мебель,Астана,Иванов И.,B2B,1,31609.61,0,31609.61,21313.36,10296.25,CUST-294,Brand_Меб,Склад-Аст,0,completed
2026-04-18,ORD-11485,Оливковое масло,Продукты,Шымкент,Иванов И.,Маркетплейс,4,2106.71,20,6741.47,4156.71,2584.77,CUST-915,Brand_Про,Склад-Шым,0,completed
2025-12-28,ORD-11486,Эспандер,Спорттовары,Алматы,Иванов И.,Офлайн-магазин,4,3792.22,0,15168.9,10118.97,5049.93,CUST-714,Brand_Спо,Склад-Алм,0,completed
2026-02-07,ORD-11487,Стул офисный,Мебель,Алматы,Иванов И.,B2B,1,29680.04,0,29680.04,19806.26,9873.78,CUST-442,Brand_Меб,Склад-Алм,0,completed
2025-08-04,ORD-11488,Смартфон X,Электроника,Караганда,Лебедева Е.,Онлайн,3,72221.75,0,216665.24,112062.26,104602.98,CUST-978,Brand_Эле,Склад-Кар,0,completed
2026-01-02,ORD-11489,Наушники Air,Электроника,Караганда,Петров П.,Офлайн-магазин,2,91614.36,0,183228.73,119243.62,63985.11,CUST-477,Brand_Эле,Склад-Кар,0,completed
2025-11-11,ORD-11490,Шоколад горький,Продукты,Алматы,Козлов В.,B2B,10,1044.96,0,10449.64,4858.3,5591.34,CUST-559,Brand_Про,Склад-Алм,0,completed
2025-10-01,ORD-11491,Кровать двуспальная,Мебель,Астана,Лебедева Е.,Офлайн-магазин,1,32123.87,0,32123.87,14032.6,18091.27,CUST-842,Brand_Меб,Склад-Аст,0,completed
2026-06-07,ORD-11492,Кровать двуспальная,Мебель,Алматы,Петров П.,Онлайн,1,19127.21,0,19127.21,11659.81,7467.41,CUST-168,Brand_Меб,Склад-Алм,0,completed
2025-10-29,ORD-11493,Джинсы классика,Одежда,Караганда,Петров П.,Онлайн,2,3231.56,0,6463.12,4991.11,1472.01,CUST-510,Brand_Оде,Склад-Кар,0,completed
2025-09-15,ORD-11494,Шкаф-купе,Мебель,Алматы,Козлов В.,Онлайн,1,18962.53,0,18962.53,8181.15,10781.38,CUST-488,Brand_Меб,Склад-Алм,0,completed
2025-09-17,ORD-11495,Кроссовки спорт,Одежда,Астана,Лебедева Е.,Маркетплейс,2,3803.53,0,7607.06,4787.69,2819.37,CUST-224,Brand_Оде,Склад-Аст,0,completed
2025-10-27,ORD-11496,Кроссовки спорт,Одежда,Алматы,Лебедева Е.,Маркетплейс,2,7274.29,0,14548.59,10044.27,4504.32,CUST-692,Brand_Оде,Склад-Алм,0,completed
2026-01-03,ORD-11497,Ноутбук Pro,Электроника,Караганда,Смирнова А.,Онлайн,2,19489.11,0,38978.21,31103.51,7874.71,CUST-309,Brand_Эле,Склад-Кар,0,completed
2026-07-06,ORD-11498,Кофе зерновой,Продукты,Караганда,Козлов В.,Онлайн,8,540.18,20,3457.15,2305.61,1151.54,CUST-291,Brand_Про,Склад-Кар,0,completed
2025-08-29,ORD-11499,Ноутбук Pro,Электроника,Алматы,Козлов В.,Офлайн-магазин,3,19504.02,0,58512.06,35561.86,22950.2,CUST-275,Brand_Эле,Склад-Алм,0,cancelled
2026-05-11,ORD-11500,Эспандер,Спорттовары,Караганда,Лебедева Е.,B2B,7,2602.97,10,16398.74,12297.3,4101.43,CUST-997,Brand_Спо,Склад-Кар,0,completed
2025-09-18,ORD-11501,Гантели 5кг,Спорттовары,Актобе,Смирнова А.,B2B,6,697.32,0,4183.93,2929.21,1254.73,CUST-123,Brand_Спо,Склад-Акт,0,cancelled
2026-03-31,ORD-11502,Скакалка,Спорттовары,Караганда,Козлов В.,Онлайн,8,3870.13,20,24768.83,18436.96,6331.86,CUST-514,Brand_Спо,Склад-Кар,0,completed
2026-04-13,ORD-11503,Футболка базовая,Одежда,Шымкент,Иванов И.,B2B,1,9853.67,0,9853.67,7254.99,2598.69,CUST-744,Brand_Оде,Склад-Шым,0,completed
2026-01-16,ORD-11504,Чай зеленый,Продукты,Алматы,Козлов В.,Маркетплейс,6,226.09,0,1356.51,785.3,571.21,CUST-371,Brand_Про,Склад-Алм,0,completed
2026-02-14,ORD-11505,Гантели 5кг,Спорттовары,Алматы,Лебедева Е.,Офлайн-магазин,10,1045.37,0,10453.72,6556.01,3897.7,CUST-873,Brand_Спо,Склад-Алм,0,cancelled
2026-05-22,ORD-11506,Смарт-часы,Электроника,Актобе,Лебедева Е.,Маркетплейс,2,38325.16,0,76650.31,47273.55,29376.76,CUST-988,Brand_Эле,Склад-Акт,0,completed
2025-07-30,ORD-11507,Джинсы классика,Одежда,Алматы,Смирнова А.,Онлайн,3,11957.72,20,28698.52,22671.94,6026.58,CUST-808,Brand_Оде,Склад-Алм,0,completed
2025-11-27,ORD-11508,Эспандер,Спорттовары,Астана,Смирнова А.,Маркетплейс,9,4736.51,0,42628.56,28088.31,14540.25,CUST-562,Brand_Спо,Склад-Аст,0,completed
2026-06-07,ORD-11509,Скакалка,Спорттовары,Караганда,Иванов И.,B2B,6,1434.69,10,7747.33,5873.09,1874.25,CUST-499,Brand_Спо,Склад-Кар,0,completed
2026-03-23,ORD-11510,Свитер шерстяной,Одежда,Астана,Иванов И.,B2B,2,4874.73,5,9261.98,6370.05,2891.93,CUST-572,Brand_Оде,Склад-Аст,0,completed
2026-04-01,ORD-11511,Скакалка,Спорттовары,Караганда,Козлов В.,Офлайн-магазин,9,3996.08,0,35964.75,26549.34,9415.41,CUST-232,Brand_Спо,Склад-Кар,0,completed
2026-01-01,ORD-11512,Скакалка,Спорттовары,Астана,Козлов В.,Онлайн,6,4510.7,0,27064.18,10832.76,16231.42,CUST-798,Brand_Спо,Склад-Аст,0,completed
2026-06-07,ORD-11513,Куртка зимняя,Одежда,Алматы,Смирнова А.,Онлайн,2,9655.23,20,15448.38,8533.31,6915.07,CUST-802,Brand_Оде,Склад-Алм,0,completed
2026-03-12,ORD-11514,Коврик для йоги,Спорттовары,Алматы,Иванов И.,Офлайн-магазин,9,2766.93,0,24902.39,17396.54,7505.85,CUST-374,Brand_Спо,Склад-Алм,0,completed
2025-11-27,ORD-11515,Свитер шерстяной,Одежда,Караганда,Козлов В.,B2B,1,4161.71,0,4161.71,3021.78,1139.93,CUST-753,Brand_Оде,Склад-Кар,0,completed
2025-11-25,ORD-11516,Свитер шерстяной,Одежда,Актобе,Смирнова А.,B2B,1,16813.09,10,15131.78,9358.6,5773.19,CUST-686,Brand_Оде,Склад-Акт,1,returned
2025-09-12,ORD-11517,Сыр пармезан,Продукты,Астана,Смирнова А.,Онлайн,6,1701.99,0,10211.96,7195.34,3016.62,CUST-594,Brand_Про,Склад-Аст,0,completed
2025-10-21,ORD-11518,Сыр пармезан,Продукты,Астана,Лебедева Е.,Офлайн-магазин,10,920.92,0,9209.18,6242.34,2966.84,CUST-722,Brand_Про,Склад-Аст,0,completed
2026-07-08,ORD-11519,Кофе зерновой,Продукты,Астана,Лебедева Е.,Онлайн,7,1595.56,0,11168.93,4582.21,6586.72,CUST-631,Brand_Про,Склад-Аст,0,completed
2025-12-03,ORD-11520,Шкаф-купе,Мебель,Шымкент,Иванов И.,Маркетплейс,3,39235.47,0,117706.4,59404.4,58302.0,CUST-413,Brand_Меб,Склад-Шым,0,completed
2026-06-08,ORD-11521,Коврик для йоги,Спорттовары,Актобе,Лебедева Е.,Онлайн,8,1510.07,0,12080.52,5628.63,6451.89,CUST-953,Brand_Спо,Склад-Акт,0,completed
2026-07-17,ORD-11522,Оливковое масло,Продукты,Астана,Смирнова А.,Онлайн,6,367.48,0,2204.91,1153.24,1051.67,CUST-564,Brand_Про,Склад-Аст,0,completed
2025-09-15,ORD-11523,Шоколад горький,Продукты,Астана,Иванов И.,Офлайн-магазин,3,1529.66,0,4588.99,3462.11,1126.87,CUST-587,Brand_Про,Склад-Аст,0,completed
2026-04-16,ORD-11524,Ноутбук Pro,Электроника,Караганда,Козлов В.,Маркетплейс,1,10592.5,15,9003.62,7032.66,1970.96,CUST-985,Brand_Эле,Склад-Кар,0,completed
2026-06-16,ORD-11525,Планшет Z,Электроника,Алматы,Иванов И.,Маркетплейс,2,31316.84,0,62633.69,38312.08,24321.61,CUST-812,Brand_Эле,Склад-Алм,0,cancelled
2026-05-20,ORD-11526,Мяч фитнес,Спорттовары,Актобе,Иванов И.,Офлайн-магазин,1,5247.04,0,5247.04,2371.19,2875.85,CUST-639,Brand_Спо,Склад-Акт,0,completed
2026-05-03,ORD-11527,Сыр пармезан,Продукты,Астана,Петров П.,Маркетплейс,7,1547.95,0,10835.64,8475.84,2359.8,CUST-697,Brand_Про,Склад-Аст,0,completed
2026-04-07,ORD-11528,Кровать двуспальная,Мебель,Актобе,Козлов В.,Маркетплейс,1,21468.57,0,21468.57,14651.02,6817.54,CUST-858,Brand_Меб,Склад-Акт,0,completed
2026-06-29,ORD-11529,Оливковое масло,Продукты,Шымкент,Лебедева Е.,B2B,6,838.31,15,4275.37,2014.17,2261.2,CUST-729,Brand_Про,Склад-Шым,0,completed
2025-09-20,ORD-11530,Наушники Air,Электроника,Шымкент,Иванов И.,Офлайн-магазин,1,5902.0,0,5902.0,4253.26,1648.73,CUST-335,Brand_Эле,Склад-Шым,0,completed
2026-05-18,ORD-11531,Футболка базовая,Одежда,Астана,Петров П.,Онлайн,2,11602.38,5,22044.53,10654.95,11389.58,CUST-592,Brand_Оде,Склад-Аст,0,completed
2025-08-08,ORD-11532,Гантели 5кг,Спорттовары,Караганда,Лебедева Е.,Офлайн-магазин,5,1364.72,0,6823.61,5052.54,1771.08,CUST-492,Brand_Спо,Склад-Кар,0,completed
2026-02-04,ORD-11533,Скакалка,Спорттовары,Караганда,Петров П.,B2B,7,2284.77,0,15993.4,10474.54,5518.86,CUST-399,Brand_Спо,Склад-Кар,0,completed
2026-06-16,ORD-11534,Стол письменный,Мебель,Алматы,Петров П.,Маркетплейс,3,35057.34,15,89396.21,46053.83,43342.38,CUST-171,Brand_Меб,Склад-Алм,3,returned
2026-04-17,ORD-11535,Джинсы классика,Одежда,Актобе,Иванов И.,Офлайн-магазин,1,3462.14,0,3462.14,2224.88,1237.26,CUST-760,Brand_Оде,Склад-Акт,0,completed
2025-07-25,ORD-11536,Оливковое масло,Продукты,Алматы,Иванов И.,B2B,1,1799.93,10,1619.94,917.12,702.81,CUST-308,Brand_Про,Склад-Алм,0,completed
2026-05-01,ORD-11537,Диван угловой,Мебель,Алматы,Лебедева Е.,Офлайн-магазин,2,32103.61,0,64207.22,27919.66,36287.56,CUST-905,Brand_Меб,Склад-Алм,0,completed
2025-10-22,ORD-11538,Сыр пармезан,Продукты,Караганда,Смирнова А.,Маркетплейс,6,1526.72,0,9160.33,4637.44,4522.89,CUST-258,Brand_Про,Склад-Кар,0,completed
2026-05-10,ORD-11539,Планшет Z,Электроника,Астана,Лебедева Е.,Онлайн,3,51296.9,20,123112.57,93548.39,29564.18,CUST-847,Brand_Эле,Склад-Аст,0,completed
2025-09-12,ORD-11540,Стул офисный,Мебель,Актобе,Петров П.,B2B,3,10894.94,0,32684.82,13901.79,18783.03,CUST-303,Brand_Меб,Склад-Акт,0,completed
2026-03-05,ORD-11541,Свитер шерстяной,Одежда,Актобе,Петров П.,Онлайн,1,7461.25,0,7461.25,4705.51,2755.74,CUST-729,Brand_Оде,Склад-Акт,0,completed
2025-11-08,ORD-11542,Стол письменный,Мебель,Алматы,Козлов В.,Маркетплейс,3,53726.92,0,161180.76,84020.21,77160.55,CUST-247,Brand_Меб,Склад-Алм,0,completed
2025-11-20,ORD-11543,Куртка зимняя,Одежда,Шымкент,Петров П.,Офлайн-магазин,3,5960.5,15,15199.27,8620.27,6579.0,CUST-760,Brand_Оде,Склад-Шым,0,completed
2026-03-16,ORD-11544,Стол письменный,Мебель,Астана,Козлов В.,Маркетплейс,1,18039.99,0,18039.99,9099.65,8940.35,CUST-930,Brand_Меб,Склад-Аст,0,completed
2026-04-03,ORD-11545,Коврик для йоги,Спорттовары,Астана,Козлов В.,B2B,3,546.47,0,1639.41,944.39,695.02,CUST-439,Brand_Спо,Склад-Аст,0,completed
2025-11-25,ORD-11546,Мяч фитнес,Спорттовары,Актобе,Козлов В.,Онлайн,8,2029.86,15,13803.08,6284.68,7518.4,CUST-631,Brand_Спо,Склад-Акт,0,cancelled
2025-11-23,ORD-11547,Джинсы классика,Одежда,Алматы,Иванов И.,Офлайн-магазин,2,14418.39,0,28836.78,20653.89,8182.89,CUST-661,Brand_Оде,Склад-Алм,0,completed
2025-10-26,ORD-11548,Футболка базовая,Одежда,Алматы,Смирнова А.,B2B,3,11775.94,20,28262.25,15253.85,13008.4,CUST-857,Brand_Оде,Склад-Алм,0,completed
2026-07-17,ORD-11549,Оливковое масло,Продукты,Шымкент,Петров П.,Офлайн-магазин,9,1689.65,0,15206.88,6453.08,8753.8,CUST-868,Brand_Про,Склад-Шым,0,completed
2025-08-11,ORD-11550,Футболка базовая,Одежда,Шымкент,Смирнова А.,Офлайн-магазин,3,7280.35,0,21841.04,13739.46,8101.58,CUST-428,Brand_Оде,Склад-Шым,0,completed
2025-09-16,ORD-11551,Стул офисный,Мебель,Шымкент,Петров П.,Офлайн-магазин,1,39566.38,0,39566.38,18188.12,21378.26,CUST-897,Brand_Меб,Склад-Шым,0,completed
2026-05-18,ORD-11552,Кофе зерновой,Продукты,Алматы,Смирнова А.,Офлайн-магазин,5,1074.57,0,5372.87,3728.6,1644.27,CUST-726,Brand_Про,Склад-Алм,0,completed
2025-10-30,ORD-11553,Смарт-часы,Электроника,Караганда,Козлов В.,Онлайн,3,29885.11,0,89655.32,39194.77,50460.55,CUST-248,Brand_Эле,Склад-Кар,0,cancelled
2026-02-10,ORD-11554,Ноутбук Pro,Электроника,Астана,Иванов И.,Офлайн-магазин,1,25050.51,20,20040.41,11303.68,8736.72,CUST-242,Brand_Эле,Склад-Аст,0,completed
2025-08-18,ORD-11555,Смарт-часы,Электроника,Алматы,Иванов И.,Онлайн,2,57170.84,0,114341.67,87507.3,26834.38,CUST-732,Brand_Эле,Склад-Алм,0,completed
2025-08-07,ORD-11556,Стол письменный,Мебель,Шымкент,Лебедева Е.,B2B,1,21059.94,10,18953.95,7862.27,11091.68,CUST-541,Brand_Меб,Склад-Шым,0,completed
2026-02-01,ORD-11557,Чай зеленый,Продукты,Актобе,Иванов И.,Офлайн-магазин,5,1041.08,5,4945.13,2274.03,2671.1,CUST-280,Brand_Про,Склад-Акт,0,completed
2025-09-11,ORD-11558,Планшет Z,Электроника,Алматы,Лебедева Е.,B2B,3,99946.17,0,299838.5,160372.29,139466.2,CUST-780,Brand_Эле,Склад-Алм,0,completed
2026-01-05,ORD-11559,Джинсы классика,Одежда,Актобе,Смирнова А.,B2B,1,3025.68,10,2723.11,1852.4,870.71,CUST-458,Brand_Оде,Склад-Акт,0,completed
2026-02-01,ORD-11560,Смартфон X,Электроника,Астана,Лебедева Е.,Маркетплейс,3,21756.41,0,65269.24,47607.22,17662.02,CUST-334,Brand_Эле,Склад-Аст,0,completed
2026-03-11,ORD-11561,Ноутбук Pro,Электроника,Шымкент,Петров П.,B2B,3,48166.31,0,144498.94,78994.14,65504.8,CUST-233,Brand_Эле,Склад-Шым,0,completed
2025-11-07,ORD-11562,Планшет Z,Электроника,Алматы,Петров П.,Онлайн,2,17772.73,20,28436.37,12774.9,15661.47,CUST-590,Brand_Эле,Склад-Алм,0,completed
2025-11-17,ORD-11563,Мяч фитнес,Спорттовары,Шымкент,Иванов И.,Офлайн-магазин,8,1091.67,5,8296.69,4749.76,3546.93,CUST-122,Brand_Спо,Склад-Шым,0,completed
2026-02-18,ORD-11564,Джинсы классика,Одежда,Астана,Смирнова А.,Онлайн,2,7095.98,0,14191.96,10581.84,3610.12,CUST-800,Brand_Оде,Склад-Аст,0,completed
2026-06-10,ORD-11565,Ноутбук Pro,Электроника,Шымкент,Иванов И.,Офлайн-магазин,1,12330.08,0,12330.08,6723.28,5606.8,CUST-608,Brand_Эле,Склад-Шым,1,returned
2026-05-06,ORD-11566,Диван угловой,Мебель,Караганда,Смирнова А.,Онлайн,2,27488.92,0,54977.85,39108.61,15869.24,CUST-391,Brand_Меб,Склад-Кар,0,completed
2026-02-24,ORD-11567,Джинсы классика,Одежда,Шымкент,Козлов В.,Онлайн,2,3409.27,0,6818.53,2734.87,4083.67,CUST-160,Brand_Оде,Склад-Шым,0,completed
2025-09-20,ORD-11568,Коврик для йоги,Спорттовары,Алматы,Петров П.,Онлайн,9,3272.89,0,29456.0,17076.53,12379.46,CUST-192,Brand_Спо,Склад-Алм,0,completed
2026-03-29,ORD-11569,Кроссовки спорт,Одежда,Актобе,Иванов И.,Онлайн,1,8967.09,15,7622.03,4413.95,3208.08,CUST-131,Brand_Оде,Склад-Акт,0,completed
2025-09-15,ORD-11570,Кофе зерновой,Продукты,Караганда,Иванов И.,Офлайн-магазин,1,1339.57,0,1339.57,590.3,749.27,CUST-829,Brand_Про,Склад-Кар,0,completed
2025-11-16,ORD-11571,Кофе зерновой,Продукты,Алматы,Смирнова А.,Маркетплейс,5,1124.7,0,5623.49,2698.14,2925.35,CUST-216,Brand_Про,Склад-Алм,0,completed
2026-07-17,ORD-11572,Футболка базовая,Одежда,Алматы,Лебедева Е.,B2B,2,4093.75,0,8187.5,5004.6,3182.9,CUST-536,Brand_Оде,Склад-Алм,0,completed
2026-07-17,ORD-11573,Шкаф-купе,Мебель,Шымкент,Козлов В.,Онлайн,1,14180.39,0,14180.39,7565.31,6615.08,CUST-922,Brand_Меб,Склад-Шым,0,cancelled
2025-11-01,ORD-11574,Мяч фитнес,Спорттовары,Астана,Козлов В.,Маркетплейс,7,4273.44,0,29914.1,13747.49,16166.62,CUST-165,Brand_Спо,Склад-Аст,0,completed
2026-04-16,ORD-11575,Джинсы классика,Одежда,Караганда,Иванов И.,Онлайн,2,1936.07,0,3872.15,2208.0,1664.15,CUST-438,Brand_Оде,Склад-Кар,0,completed
2026-06-07,ORD-11576,Коврик для йоги,Спорттовары,Алматы,Иванов И.,Онлайн,10,3488.94,0,34889.44,20478.13,14411.31,CUST-138,Brand_Спо,Склад-Алм,10,returned
2025-08-01,ORD-11577,Оливковое масло,Продукты,Астана,Лебедева Е.,Онлайн,10,2098.97,15,17841.25,11234.06,6607.2,CUST-783,Brand_Про,Склад-Аст,0,completed
2026-07-19,ORD-11578,Планшет Z,Электроника,Астана,Иванов И.,Маркетплейс,3,78780.99,0,236342.96,170907.34,65435.62,CUST-950,Brand_Эле,Склад-Аст,0,completed
2026-05-24,ORD-11579,Кровать двуспальная,Мебель,Актобе,Лебедева Е.,B2B,1,41233.48,0,41233.48,19770.03,21463.45,CUST-801,Brand_Меб,Склад-Акт,0,completed
2025-09-21,ORD-11580,Кровать двуспальная,Мебель,Актобе,Лебедева Е.,Маркетплейс,2,9882.31,5,18776.39,8625.42,10150.97,CUST-150,Brand_Меб,Склад-Акт,0,completed
2026-03-27,ORD-11581,Шкаф-купе,Мебель,Шымкент,Петров П.,Офлайн-магазин,2,16071.88,0,32143.75,15569.6,16574.15,CUST-627,Brand_Меб,Склад-Шым,0,completed
2026-06-29,ORD-11582,Скакалка,Спорттовары,Шымкент,Лебедева Е.,Онлайн,1,3732.03,0,3732.03,2720.72,1011.31,CUST-541,Brand_Спо,Склад-Шым,0,completed
2026-06-25,ORD-11583,Футболка базовая,Одежда,Астана,Козлов В.,Онлайн,2,9505.27,10,17109.48,7567.12,9542.36,CUST-961,Brand_Оде,Склад-Аст,0,completed
2025-10-11,ORD-11584,Планшет Z,Электроника,Алматы,Лебедева Е.,Онлайн,2,37365.41,0,74730.81,52339.24,22391.57,CUST-709,Brand_Эле,Склад-Алм,0,completed
2026-04-06,ORD-11585,Мяч фитнес,Спорттовары,Астана,Иванов И.,Онлайн,1,4426.95,15,3762.9,2901.66,861.25,CUST-934,Brand_Спо,Склад-Аст,0,completed
2025-08-27,ORD-11586,Мяч фитнес,Спорттовары,Шымкент,Смирнова А.,Офлайн-магазин,2,1848.04,0,3696.08,2779.72,916.37,CUST-625,Brand_Спо,Склад-Шым,0,completed
2025-11-18,ORD-11587,Мяч фитнес,Спорттовары,Актобе,Смирнова А.,B2B,9,572.2,0,5149.79,3732.3,1417.49,CUST-147,Brand_Спо,Склад-Акт,0,completed
2026-02-21,ORD-11588,Диван угловой,Мебель,Караганда,Иванов И.,Офлайн-магазин,2,14107.17,0,28214.33,14666.44,13547.89,CUST-882,Brand_Меб,Склад-Кар,0,completed
2026-06-18,ORD-11589,Ноутбук Pro,Электроника,Актобе,Козлов В.,Маркетплейс,3,26901.76,0,80705.29,50350.06,30355.23,CUST-574,Brand_Эле,Склад-Акт,0,completed
2026-02-07,ORD-11590,Мяч фитнес,Спорттовары,Алматы,Смирнова А.,Онлайн,4,3039.94,15,10335.78,7874.72,2461.07,CUST-694,Brand_Спо,Склад-Алм,0,completed
2026-02-23,ORD-11591,Планшет Z,Электроника,Караганда,Иванов И.,B2B,3,54739.9,0,164219.71,97711.18,66508.54,CUST-927,Brand_Эле,Склад-Кар,0,completed
2026-07-10,ORD-11592,Скакалка,Спорттовары,Астана,Смирнова А.,B2B,2,3548.43,20,5677.49,3590.52,2086.97,CUST-774,Brand_Спо,Склад-Аст,0,completed
2026-06-30,ORD-11593,Стол письменный,Мебель,Шымкент,Иванов И.,B2B,3,53435.82,0,160307.47,103226.78,57080.69,CUST-354,Brand_Меб,Склад-Шым,0,completed
2025-12-04,ORD-11594,Мяч фитнес,Спорттовары,Алматы,Смирнова А.,B2B,5,3582.55,0,17912.74,10346.02,7566.73,CUST-446,Brand_Спо,Склад-Алм,0,completed
2025-09-12,ORD-11595,Стол письменный,Мебель,Астана,Смирнова А.,Офлайн-магазин,2,39834.09,0,79668.17,49289.48,30378.69,CUST-687,Brand_Меб,Склад-Аст,0,completed
2025-11-12,ORD-11596,Оливковое масло,Продукты,Караганда,Лебедева Е.,Офлайн-магазин,1,1547.21,10,1392.49,1105.64,286.85,CUST-254,Brand_Про,Склад-Кар,0,completed
2026-04-17,ORD-11597,Шкаф-купе,Мебель,Актобе,Иванов И.,B2B,3,5359.56,5,15274.74,7942.25,7332.49,CUST-949,Brand_Меб,Склад-Акт,0,completed
2025-09-17,ORD-11598,Гантели 5кг,Спорттовары,Шымкент,Лебедева Е.,Офлайн-магазин,7,2179.52,0,15256.66,7404.63,7852.03,CUST-100,Brand_Спо,Склад-Шым,0,completed
2026-01-12,ORD-11599,Джинсы классика,Одежда,Алматы,Смирнова А.,Маркетплейс,3,9377.7,0,28133.09,14994.38,13138.71,CUST-122,Brand_Оде,Склад-Алм,0,completed
2025-10-14,ORD-11600,Шоколад горький,Продукты,Шымкент,Козлов В.,Офлайн-магазин,2,722.54,0,1445.08,825.96,619.12,CUST-993,Brand_Про,Склад-Шым,0,completed
2025-10-28,ORD-11601,Шоколад горький,Продукты,Алматы,Лебедева Е.,B2B,2,1163.65,0,2327.3,1620.11,707.19,CUST-865,Brand_Про,Склад-Алм,0,completed
2025-08-24,ORD-11602,Гантели 5кг,Спорттовары,Шымкент,Лебедева Е.,Онлайн,9,4656.44,5,39812.55,29720.85,10091.71,CUST-664,Brand_Спо,Склад-Шым,0,completed
2025-10-04,ORD-11603,Планшет Z,Электроника,Алматы,Козлов В.,Маркетплейс,3,54490.87,5,155298.97,111024.9,44274.07,CUST-737,Brand_Эле,Склад-Алм,0,completed
2025-10-24,ORD-11604,Кровать двуспальная,Мебель,Шымкент,Лебедева Е.,B2B,3,41304.89,0,123914.68,89454.82,34459.86,CUST-695,Brand_Меб,Склад-Шым,0,completed
2026-02-09,ORD-11605,Скакалка,Спорттовары,Караганда,Смирнова А.,B2B,2,2766.47,0,5532.94,3515.31,2017.64,CUST-922,Brand_Спо,Склад-Кар,0,cancelled
2026-06-24,ORD-11606,Смартфон X,Электроника,Алматы,Лебедева Е.,Офлайн-магазин,3,100905.81,0,302717.44,128181.23,174536.21,CUST-589,Brand_Эле,Склад-Алм,0,completed
2026-01-22,ORD-11607,Кроссовки спорт,Одежда,Алматы,Смирнова А.,Онлайн,2,2502.79,0,5005.59,3369.29,1636.29,CUST-952,Brand_Оде,Склад-Алм,0,completed
2026-05-23,ORD-11608,Скакалка,Спорттовары,Караганда,Петров П.,B2B,4,3174.35,0,12697.39,8681.75,4015.64,CUST-627,Brand_Спо,Склад-Кар,0,completed
2026-05-14,ORD-11609,Шоколад горький,Продукты,Шымкент,Лебедева Е.,Онлайн,8,951.37,0,7610.96,3119.8,4491.16,CUST-686,Brand_Про,Склад-Шым,0,completed
2025-12-23,ORD-11610,Куртка зимняя,Одежда,Актобе,Лебедева Е.,Маркетплейс,1,3816.29,0,3816.29,2101.0,1715.29,CUST-985,Brand_Оде,Склад-Акт,0,completed
2025-12-09,ORD-11611,Скакалка,Спорттовары,Караганда,Козлов В.,B2B,1,3258.3,0,3258.3,1871.31,1386.99,CUST-939,Brand_Спо,Склад-Кар,0,completed
2025-12-28,ORD-11612,Сыр пармезан,Продукты,Шымкент,Козлов В.,B2B,9,975.13,20,7020.91,5005.96,2014.95,CUST-426,Brand_Про,Склад-Шым,0,completed
2025-11-12,ORD-11613,Свитер шерстяной,Одежда,Актобе,Иванов И.,B2B,1,3118.54,15,2650.76,1333.95,1316.8,CUST-490,Brand_Оде,Склад-Акт,0,completed
2025-09-26,ORD-11614,Кроссовки спорт,Одежда,Шымкент,Смирнова А.,Онлайн,2,2725.9,0,5451.8,3497.11,1954.69,CUST-154,Brand_Оде,Склад-Шым,0,completed
2025-07-26,ORD-11615,Стол письменный,Мебель,Астана,Иванов И.,Офлайн-магазин,2,17112.78,0,34225.56,24122.68,10102.88,CUST-589,Brand_Меб,Склад-Аст,0,completed
2026-07-12,ORD-11616,Диван угловой,Мебель,Караганда,Петров П.,Маркетплейс,1,44481.34,0,44481.34,19636.85,24844.5,CUST-826,Brand_Меб,Склад-Кар,0,completed
2025-09-11,ORD-11617,Планшет Z,Электроника,Актобе,Смирнова А.,B2B,1,11893.2,5,11298.54,5009.08,6289.45,CUST-505,Brand_Эле,Склад-Акт,0,completed
2026-03-25,ORD-11618,Шкаф-купе,Мебель,Астана,Петров П.,Онлайн,3,13719.03,0,41157.09,31967.02,9190.07,CUST-904,Brand_Меб,Склад-Аст,0,completed
2025-07-28,ORD-11619,Сыр пармезан,Продукты,Астана,Козлов В.,Маркетплейс,3,2169.49,0,6508.46,3709.79,2798.67,CUST-213,Brand_Про,Склад-Аст,0,completed
2025-10-14,ORD-11620,Ноутбук Pro,Электроника,Актобе,Смирнова А.,Офлайн-магазин,2,68514.37,0,137028.75,73760.89,63267.86,CUST-495,Brand_Эле,Склад-Акт,0,completed
2026-04-20,ORD-11621,Наушники Air,Электроника,Актобе,Смирнова А.,Офлайн-магазин,2,45633.12,10,82139.62,43033.37,39106.25,CUST-670,Brand_Эле,Склад-Акт,0,completed
2026-07-12,ORD-11622,Свитер шерстяной,Одежда,Шымкент,Смирнова А.,Маркетплейс,2,15348.07,0,30696.14,20576.49,10119.65,CUST-412,Brand_Оде,Склад-Шым,0,completed
2026-06-21,ORD-11623,Шоколад горький,Продукты,Караганда,Смирнова А.,Офлайн-магазин,4,1848.64,5,7024.83,3122.97,3901.86,CUST-257,Brand_Про,Склад-Кар,4,returned
2026-07-22,ORD-11624,Диван угловой,Мебель,Актобе,Лебедева Е.,B2B,3,56642.75,5,161431.85,93678.91,67752.94,CUST-507,Brand_Меб,Склад-Акт,3,returned
2025-11-04,ORD-11625,Куртка зимняя,Одежда,Астана,Козлов В.,Офлайн-магазин,1,1665.33,20,1332.26,897.99,434.27,CUST-586,Brand_Оде,Склад-Аст,0,completed
2026-01-19,ORD-11626,Смарт-часы,Электроника,Алматы,Иванов И.,B2B,1,35694.54,0,35694.54,24483.0,11211.54,CUST-495,Brand_Эле,Склад-Алм,0,completed
2026-05-29,ORD-11627,Куртка зимняя,Одежда,Актобе,Лебедева Е.,Офлайн-магазин,3,6057.91,15,15447.66,11417.49,4030.17,CUST-112,Brand_Оде,Склад-Акт,0,completed
2025-08-09,ORD-11628,Смарт-часы,Электроника,Алматы,Козлов В.,B2B,3,67605.65,0,202816.95,154546.76,48270.19,CUST-453,Brand_Эле,Склад-Алм,0,completed
2025-10-18,ORD-11629,Шоколад горький,Продукты,Шымкент,Смирнова А.,Маркетплейс,7,798.76,0,5591.35,3425.79,2165.56,CUST-470,Brand_Про,Склад-Шым,0,completed
2026-07-09,ORD-11630,Наушники Air,Электроника,Актобе,Лебедева Е.,Офлайн-магазин,3,67129.55,5,191319.22,77719.19,113600.03,CUST-873,Brand_Эле,Склад-Акт,0,completed
2026-06-29,ORD-11631,Чай зеленый,Продукты,Актобе,Иванов И.,Офлайн-магазин,8,1189.06,15,8085.6,6061.39,2024.2,CUST-923,Brand_Про,Склад-Акт,0,completed
2026-06-05,ORD-11632,Скакалка,Спорттовары,Караганда,Лебедева Е.,Офлайн-магазин,5,934.71,15,3972.51,2353.7,1618.81,CUST-957,Brand_Спо,Склад-Кар,0,completed
2026-03-24,ORD-11633,Планшет Z,Электроника,Караганда,Петров П.,Маркетплейс,1,59995.27,0,59995.27,26146.94,33848.33,CUST-712,Brand_Эле,Склад-Кар,0,completed
2026-04-24,ORD-11634,Диван угловой,Мебель,Астана,Смирнова А.,Офлайн-магазин,3,15803.61,0,47410.83,30198.67,17212.16,CUST-341,Brand_Меб,Склад-Аст,0,completed
2025-11-20,ORD-11635,Коврик для йоги,Спорттовары,Астана,Иванов И.,B2B,7,715.89,10,4510.09,3506.51,1003.58,CUST-276,Brand_Спо,Склад-Аст,0,completed
2026-04-12,ORD-11636,Коврик для йоги,Спорттовары,Актобе,Лебедева Е.,Офлайн-магазин,3,1695.01,0,5085.03,3694.2,1390.83,CUST-335,Brand_Спо,Склад-Акт,0,completed
2025-10-19,ORD-11637,Смартфон X,Электроника,Алматы,Лебедева Е.,B2B,2,68237.05,0,136474.1,57063.07,79411.02,CUST-961,Brand_Эле,Склад-Алм,0,completed
2026-06-10,ORD-11638,Скакалка,Спорттовары,Караганда,Козлов В.,Онлайн,9,712.9,0,6416.06,3324.73,3091.33,CUST-915,Brand_Спо,Склад-Кар,0,completed
2025-09-07,ORD-11639,Кофе зерновой,Продукты,Астана,Лебедева Е.,Маркетплейс,4,761.94,0,3047.76,1322.79,1724.97,CUST-148,Brand_Про,Склад-Аст,0,completed
2026-03-26,ORD-11640,Сыр пармезан,Продукты,Актобе,Петров П.,Офлайн-магазин,5,846.04,0,4230.22,3354.47,875.75,CUST-792,Brand_Про,Склад-Акт,0,completed
2025-09-10,ORD-11641,Смартфон X,Электроника,Астана,Иванов И.,B2B,1,66178.33,0,66178.33,48108.19,18070.13,CUST-437,Brand_Эле,Склад-Аст,0,completed
2026-05-19,ORD-11642,Кровать двуспальная,Мебель,Алматы,Смирнова А.,Онлайн,1,47772.48,0,47772.48,37691.42,10081.06,CUST-532,Brand_Меб,Склад-Алм,0,completed
2025-12-06,ORD-11643,Смартфон X,Электроника,Алматы,Козлов В.,Маркетплейс,1,46201.57,10,41581.42,33045.28,8536.14,CUST-557,Brand_Эле,Склад-Алм,0,completed
2026-04-25,ORD-11644,Кофе зерновой,Продукты,Караганда,Лебедева Е.,Маркетплейс,10,1591.79,0,15917.88,9695.85,6222.03,CUST-891,Brand_Про,Склад-Кар,0,completed
2026-05-05,ORD-11645,Кроссовки спорт,Одежда,Караганда,Лебедева Е.,Офлайн-магазин,3,6069.27,0,18207.82,11174.48,7033.35,CUST-736,Brand_Оде,Склад-Кар,0,completed
2026-02-14,ORD-11646,Кроссовки спорт,Одежда,Актобе,Козлов В.,Онлайн,1,9469.41,0,9469.41,5901.45,3567.96,CUST-750,Brand_Оде,Склад-Акт,0,completed
2026-05-07,ORD-11647,Наушники Air,Электроника,Актобе,Козлов В.,Онлайн,1,57917.87,0,57917.87,36867.31,21050.55,CUST-564,Brand_Эле,Склад-Акт,0,completed
2025-08-30,ORD-11648,Мяч фитнес,Спорттовары,Караганда,Иванов И.,Офлайн-магазин,1,1718.38,10,1546.54,885.62,660.92,CUST-467,Brand_Спо,Склад-Кар,0,completed
2026-03-11,ORD-11649,Скакалка,Спорттовары,Актобе,Петров П.,B2B,5,780.55,5,3707.63,2611.73,1095.9,CUST-685,Brand_Спо,Склад-Акт,0,cancelled
2026-01-26,ORD-11650,Футболка базовая,Одежда,Караганда,Смирнова А.,Маркетплейс,2,9905.71,5,18820.85,10995.67,7825.18,CUST-823,Brand_Оде,Склад-Кар,0,completed
2025-09-06,ORD-11651,Кроссовки спорт,Одежда,Шымкент,Козлов В.,Офлайн-магазин,1,14297.1,0,14297.1,9567.47,4729.63,CUST-664,Brand_Оде,Склад-Шым,0,completed
2025-10-04,ORD-11652,Кофе зерновой,Продукты,Актобе,Лебедева Е.,B2B,7,491.37,0,3439.59,1599.71,1839.88,CUST-588,Brand_Про,Склад-Акт,0,completed
2026-01-09,ORD-11653,Скакалка,Спорттовары,Алматы,Козлов В.,Онлайн,6,2570.88,0,15425.29,6983.89,8441.39,CUST-454,Brand_Спо,Склад-Алм,0,completed
2026-07-05,ORD-11654,Шоколад горький,Продукты,Караганда,Иванов И.,Маркетплейс,9,1127.93,0,10151.36,7491.38,2659.97,CUST-964,Brand_Про,Склад-Кар,0,completed
2026-01-25,ORD-11655,Стул офисный,Мебель,Актобе,Иванов И.,Онлайн,3,6940.73,0,20822.19,16035.92,4786.26,CUST-519,Brand_Меб,Склад-Акт,0,completed
2025-12-09,ORD-11656,Наушники Air,Электроника,Астана,Петров П.,Офлайн-магазин,2,42195.05,10,75951.08,58316.53,17634.55,CUST-838,Brand_Эле,Склад-Аст,0,completed
2025-12-12,ORD-11657,Смартфон X,Электроника,Алматы,Козлов В.,Офлайн-магазин,3,29528.74,0,88586.23,51472.99,37113.24,CUST-529,Brand_Эле,Склад-Алм,0,completed
2025-08-28,ORD-11658,Шкаф-купе,Мебель,Шымкент,Иванов И.,B2B,1,6582.31,5,6253.2,2730.06,3523.13,CUST-101,Brand_Меб,Склад-Шым,0,completed
2026-05-30,ORD-11659,Кроссовки спорт,Одежда,Алматы,Иванов И.,Маркетплейс,2,4507.19,0,9014.39,6779.22,2235.17,CUST-332,Brand_Оде,Склад-Алм,0,completed
2026-03-04,ORD-11660,Смарт-часы,Электроника,Астана,Петров П.,Онлайн,2,10527.18,0,21054.36,12044.68,9009.68,CUST-115,Brand_Эле,Склад-Аст,0,completed
2025-07-24,ORD-11661,Диван угловой,Мебель,Алматы,Лебедева Е.,Маркетплейс,3,39345.9,0,118037.7,61050.78,56986.92,CUST-244,Brand_Меб,Склад-Алм,0,completed
2026-05-08,ORD-11662,Мяч фитнес,Спорттовары,Караганда,Лебедева Е.,Офлайн-магазин,6,3053.57,0,18321.41,9212.67,9108.74,CUST-884,Brand_Спо,Склад-Кар,0,cancelled
2025-09-19,ORD-11663,Стул офисный,Мебель,Актобе,Лебедева Е.,Офлайн-магазин,1,32001.03,5,30400.98,14753.2,15647.78,CUST-892,Brand_Меб,Склад-Акт,0,completed
2025-08-27,ORD-11664,Планшет Z,Электроника,Шымкент,Иванов И.,Офлайн-магазин,3,57738.94,0,173216.82,97228.8,75988.02,CUST-170,Brand_Эле,Склад-Шым,0,completed
2026-03-18,ORD-11665,Чай зеленый,Продукты,Шымкент,Козлов В.,Маркетплейс,4,1270.09,0,5080.36,3898.45,1181.9,CUST-161,Brand_Про,Склад-Шым,0,completed
2026-02-14,ORD-11666,Оливковое масло,Продукты,Караганда,Иванов И.,B2B,4,1005.38,0,4021.51,1960.94,2060.58,CUST-357,Brand_Про,Склад-Кар,0,completed
2025-12-22,ORD-11667,Скакалка,Спорттовары,Астана,Лебедева Е.,Маркетплейс,6,1849.67,20,8878.42,6822.66,2055.75,CUST-745,Brand_Спо,Склад-Аст,0,completed
2025-12-21,ORD-11668,Стол письменный,Мебель,Актобе,Иванов И.,Маркетплейс,1,26980.14,0,26980.14,15587.33,11392.81,CUST-151,Brand_Меб,Склад-Акт,0,completed
2026-02-08,ORD-11669,Сыр пармезан,Продукты,Актобе,Смирнова А.,Маркетплейс,6,382.85,10,2067.37,997.29,1070.08,CUST-944,Brand_Про,Склад-Акт,0,completed
2025-07-26,ORD-11670,Коврик для йоги,Спорттовары,Актобе,Смирнова А.,Маркетплейс,1,1344.1,0,1344.1,913.9,430.2,CUST-782,Brand_Спо,Склад-Акт,0,completed
2026-05-25,ORD-11671,Ноутбук Pro,Электроника,Алматы,Иванов И.,Онлайн,3,63237.94,5,180228.14,115420.05,64808.09,CUST-245,Brand_Эле,Склад-Алм,0,completed
2026-01-06,ORD-11672,Сыр пармезан,Продукты,Караганда,Иванов И.,Офлайн-магазин,1,522.69,0,522.69,338.91,183.78,CUST-422,Brand_Про,Склад-Кар,1,returned
2025-12-06,ORD-11673,Ноутбук Pro,Электроника,Алматы,Иванов И.,Офлайн-магазин,2,26221.53,15,44576.59,33377.58,11199.01,CUST-261,Brand_Эле,Склад-Алм,0,completed
2026-02-20,ORD-11674,Смартфон X,Электроника,Шымкент,Иванов И.,Маркетплейс,3,38478.26,15,98119.55,77185.25,20934.3,CUST-802,Brand_Эле,Склад-Шым,0,completed
2026-05-19,ORD-11675,Сыр пармезан,Продукты,Актобе,Смирнова А.,Онлайн,5,1061.64,0,5308.21,3895.7,1412.51,CUST-553,Brand_Про,Склад-Акт,0,completed
2026-07-17,ORD-11676,Джинсы классика,Одежда,Караганда,Лебедева Е.,Онлайн,3,7624.3,15,19441.97,12784.37,6657.61,CUST-782,Brand_Оде,Склад-Кар,3,returned
2025-08-24,ORD-11677,Смартфон X,Электроника,Караганда,Смирнова А.,Офлайн-магазин,3,51677.71,0,155033.13,104804.22,50228.91,CUST-103,Brand_Эле,Склад-Кар,0,completed
2025-12-11,ORD-11678,Чай зеленый,Продукты,Алматы,Петров П.,B2B,9,322.25,0,2900.25,2288.07,612.18,CUST-173,Brand_Про,Склад-Алм,0,completed
2026-04-25,ORD-11679,Оливковое масло,Продукты,Алматы,Петров П.,Маркетплейс,10,1396.98,15,11874.36,6393.67,5480.69,CUST-482,Brand_Про,Склад-Алм,0,completed
2026-07-08,ORD-11680,Эспандер,Спорттовары,Астана,Иванов И.,Маркетплейс,2,3825.45,0,7650.9,4307.63,3343.27,CUST-691,Brand_Спо,Склад-Аст,0,completed
2025-07-28,ORD-11681,Наушники Air,Электроника,Актобе,Козлов В.,Онлайн,3,14622.53,0,43867.6,25254.27,18613.33,CUST-896,Brand_Эле,Склад-Акт,0,completed
2026-07-13,ORD-11682,Кроссовки спорт,Одежда,Актобе,Смирнова А.,Офлайн-магазин,1,11589.59,0,11589.59,7279.54,4310.05,CUST-694,Brand_Оде,Склад-Акт,0,completed
2026-07-14,ORD-11683,Чай зеленый,Продукты,Алматы,Иванов И.,B2B,8,1244.09,0,9952.68,7357.29,2595.4,CUST-435,Brand_Про,Склад-Алм,0,completed
2025-07-26,ORD-11684,Джинсы классика,Одежда,Шымкент,Иванов И.,Онлайн,1,8010.31,15,6808.77,3418.28,3390.48,CUST-288,Brand_Оде,Склад-Шым,0,completed
2025-12-15,ORD-11685,Наушники Air,Электроника,Актобе,Смирнова А.,Офлайн-магазин,1,90953.6,0,90953.6,60447.45,30506.15,CUST-897,Brand_Эле,Склад-Акт,0,completed
2025-10-06,ORD-11686,Джинсы классика,Одежда,Шымкент,Смирнова А.,Онлайн,1,2042.48,5,1940.36,1219.57,720.79,CUST-531,Brand_Оде,Склад-Шым,0,completed
2026-07-03,ORD-11687,Планшет Z,Электроника,Астана,Иванов И.,B2B,2,73349.4,0,146698.8,67567.52,79131.28,CUST-190,Brand_Эле,Склад-Аст,2,returned
2026-02-03,ORD-11688,Кровать двуспальная,Мебель,Астана,Петров П.,Онлайн,3,22061.77,0,66185.3,52293.7,13891.6,CUST-442,Brand_Меб,Склад-Аст,3,returned
2026-05-06,ORD-11689,Скакалка,Спорттовары,Караганда,Смирнова А.,Офлайн-магазин,3,1186.47,0,3559.4,2268.9,1290.5,CUST-271,Brand_Спо,Склад-Кар,0,completed
2026-02-09,ORD-11690,Ноутбук Pro,Электроника,Астана,Козлов В.,Офлайн-магазин,3,6468.47,0,19405.41,10634.51,8770.9,CUST-179,Brand_Эле,Склад-Аст,0,completed
2025-11-29,ORD-11691,Кровать двуспальная,Мебель,Алматы,Лебедева Е.,Офлайн-магазин,2,2925.16,0,5850.31,4214.92,1635.39,CUST-331,Brand_Меб,Склад-Алм,0,completed
2026-07-22,ORD-11692,Коврик для йоги,Спорттовары,Астана,Петров П.,B2B,2,2041.63,0,4083.26,2626.34,1456.92,CUST-169,Brand_Спо,Склад-Аст,0,completed
2026-01-18,ORD-11693,Коврик для йоги,Спорттовары,Актобе,Лебедева Е.,B2B,6,462.99,0,2777.94,1593.13,1184.81,CUST-615,Brand_Спо,Склад-Акт,0,completed
2026-03-02,ORD-11694,Свитер шерстяной,Одежда,Шымкент,Смирнова А.,Онлайн,3,13128.85,20,31509.24,21303.62,10205.62,CUST-820,Brand_Оде,Склад-Шым,0,completed
2026-07-10,ORD-11695,Наушники Air,Электроника,Актобе,Лебедева Е.,Онлайн,1,116890.47,15,99356.9,76193.54,23163.36,CUST-883,Brand_Эле,Склад-Акт,0,completed
2026-07-15,ORD-11696,Гантели 5кг,Спорттовары,Алматы,Лебедева Е.,B2B,9,1589.34,20,11443.26,8693.28,2749.98,CUST-382,Brand_Спо,Склад-Алм,0,completed
2026-01-07,ORD-11697,Кофе зерновой,Продукты,Алматы,Лебедева Е.,Офлайн-магазин,8,507.13,0,4057.05,1710.41,2346.64,CUST-729,Brand_Про,Склад-Алм,0,completed
2025-12-19,ORD-11698,Гантели 5кг,Спорттовары,Астана,Петров П.,Офлайн-магазин,5,1034.57,0,5172.84,2645.9,2526.94,CUST-770,Brand_Спо,Склад-Аст,0,cancelled
2025-11-07,ORD-11699,Свитер шерстяной,Одежда,Алматы,Иванов И.,B2B,3,7019.84,0,21059.52,10077.26,10982.26,CUST-229,Brand_Оде,Склад-Алм,0,completed
2026-06-08,ORD-11700,Ноутбук Pro,Электроника,Алматы,Петров П.,Онлайн,3,42754.31,0,128262.94,62541.91,65721.03,CUST-834,Brand_Эле,Склад-Алм,0,completed
2026-03-03,ORD-11701,Диван угловой,Мебель,Астана,Иванов И.,Офлайн-магазин,3,28782.33,0,86346.99,65572.29,20774.7,CUST-615,Brand_Меб,Склад-Аст,0,completed
2025-09-07,ORD-11702,Диван угловой,Мебель,Алматы,Козлов В.,Маркетплейс,1,30780.07,0,30780.07,24431.51,6348.56,CUST-832,Brand_Меб,Склад-Алм,0,completed
2026-05-22,ORD-11703,Кроссовки спорт,Одежда,Караганда,Козлов В.,Маркетплейс,3,8352.27,0,25056.82,15407.63,9649.19,CUST-172,Brand_Оде,Склад-Кар,0,completed
2026-07-07,ORD-11704,Ноутбук Pro,Электроника,Актобе,Иванов И.,B2B,3,98345.72,5,280285.3,164771.49,115513.82,CUST-722,Brand_Эле,Склад-Акт,0,completed
2025-08-11,ORD-11705,Свитер шерстяной,Одежда,Актобе,Петров П.,Онлайн,1,13529.52,0,13529.52,9969.35,3560.17,CUST-940,Brand_Оде,Склад-Акт,0,completed
2025-12-10,ORD-11706,Смарт-часы,Электроника,Караганда,Козлов В.,Офлайн-магазин,3,26435.97,0,79307.9,59278.98,20028.91,CUST-529,Brand_Эле,Склад-Кар,3,returned
2026-03-28,ORD-11707,Смарт-часы,Электроника,Алматы,Смирнова А.,B2B,2,92854.78,20,148567.65,109431.04,39136.6,CUST-571,Brand_Эле,Склад-Алм,2,returned
2025-08-11,ORD-11708,Стол письменный,Мебель,Караганда,Петров П.,Онлайн,3,39841.46,15,101595.74,55335.97,46259.77,CUST-393,Brand_Меб,Склад-Кар,0,completed
2025-11-29,ORD-11709,Кофе зерновой,Продукты,Караганда,Козлов В.,B2B,5,543.33,0,2716.67,1291.57,1425.09,CUST-526,Brand_Про,Склад-Кар,0,completed
2026-01-14,ORD-11710,Планшет Z,Электроника,Актобе,Козлов В.,Офлайн-магазин,1,71591.8,0,71591.8,33474.7,38117.1,CUST-954,Brand_Эле,Склад-Акт,0,completed
2025-09-20,ORD-11711,Планшет Z,Электроника,Астана,Смирнова А.,Офлайн-магазин,3,58153.41,0,174460.24,127617.57,46842.67,CUST-770,Brand_Эле,Склад-Аст,0,completed
2026-05-02,ORD-11712,Шоколад горький,Продукты,Астана,Иванов И.,Онлайн,8,1012.07,5,7691.76,5353.17,2338.59,CUST-251,Brand_Про,Склад-Аст,8,returned
2026-06-14,ORD-11713,Куртка зимняя,Одежда,Алматы,Лебедева Е.,B2B,1,5769.74,0,5769.74,3089.89,2679.85,CUST-237,Brand_Оде,Склад-Алм,0,completed
2025-12-13,ORD-11714,Стол письменный,Мебель,Шымкент,Иванов И.,Маркетплейс,1,35814.32,0,35814.32,18061.05,17753.27,CUST-934,Brand_Меб,Склад-Шым,0,completed
2025-08-08,ORD-11715,Футболка базовая,Одежда,Алматы,Смирнова А.,B2B,1,7576.78,0,7576.78,5209.09,2367.69,CUST-578,Brand_Оде,Склад-Алм,0,completed
2026-02-06,ORD-11716,Эспандер,Спорттовары,Караганда,Смирнова А.,B2B,10,3913.75,15,33266.91,22910.86,10356.05,CUST-750,Brand_Спо,Склад-Кар,10,returned
2026-01-09,ORD-11717,Куртка зимняя,Одежда,Астана,Козлов В.,Маркетплейс,2,10440.17,15,17748.28,9889.54,7858.75,CUST-708,Brand_Оде,Склад-Аст,2,returned
2026-04-05,ORD-11718,Стул офисный,Мебель,Караганда,Петров П.,Маркетплейс,1,12088.83,0,12088.83,6216.32,5872.51,CUST-814,Brand_Меб,Склад-Кар,0,completed
2025-07-26,ORD-11719,Эспандер,Спорттовары,Актобе,Смирнова А.,Онлайн,3,3155.33,10,8519.4,4508.79,4010.6,CUST-689,Brand_Спо,Склад-Акт,3,returned
2026-02-02,ORD-11720,Диван угловой,Мебель,Караганда,Петров П.,Онлайн,1,19656.35,0,19656.35,15574.42,4081.94,CUST-476,Brand_Меб,Склад-Кар,0,completed
2026-05-19,ORD-11721,Планшет Z,Электроника,Астана,Козлов В.,Онлайн,1,41372.58,15,35166.69,23219.37,11947.32,CUST-353,Brand_Эле,Склад-Аст,0,completed
2025-10-10,ORD-11722,Стул офисный,Мебель,Шымкент,Смирнова А.,Маркетплейс,3,18246.31,20,43791.15,27440.78,16350.37,CUST-888,Brand_Меб,Склад-Шым,0,completed
2026-03-13,ORD-11723,Футболка базовая,Одежда,Алматы,Иванов И.,Онлайн,3,9682.28,10,26142.15,11942.66,14199.49,CUST-477,Brand_Оде,Склад-Алм,0,completed
2026-04-29,ORD-11724,Стул офисный,Мебель,Актобе,Смирнова А.,Маркетплейс,1,12011.45,0,12011.45,9462.43,2549.02,CUST-280,Brand_Меб,Склад-Акт,0,completed
2026-02-28,ORD-11725,Мяч фитнес,Спорттовары,Шымкент,Смирнова А.,B2B,2,995.52,0,1991.04,1308.37,682.68,CUST-763,Brand_Спо,Склад-Шым,0,completed
2026-07-03,ORD-11726,Смарт-часы,Электроника,Караганда,Смирнова А.,Офлайн-магазин,2,32339.56,0,64679.12,29288.18,35390.94,CUST-798,Brand_Эле,Склад-Кар,0,completed
2026-01-03,ORD-11727,Стол письменный,Мебель,Астана,Козлов В.,Онлайн,2,11137.7,5,21161.64,16294.46,4867.17,CUST-465,Brand_Меб,Склад-Аст,0,completed
2025-10-08,ORD-11728,Шкаф-купе,Мебель,Алматы,Иванов И.,Маркетплейс,3,25223.61,0,75670.83,60054.9,15615.93,CUST-255,Brand_Меб,Склад-Алм,0,completed
2026-03-26,ORD-11729,Джинсы классика,Одежда,Алматы,Смирнова А.,Офлайн-магазин,2,7385.84,0,14771.69,11494.52,3277.17,CUST-127,Brand_Оде,Склад-Алм,0,completed
2026-05-27,ORD-11730,Чай зеленый,Продукты,Актобе,Иванов И.,Офлайн-магазин,7,1722.63,0,12058.38,7850.23,4208.15,CUST-268,Brand_Про,Склад-Акт,0,completed
2025-08-08,ORD-11731,Футболка базовая,Одежда,Астана,Козлов В.,Маркетплейс,3,6515.18,0,19545.53,13881.75,5663.78,CUST-838,Brand_Оде,Склад-Аст,0,completed
2025-08-04,ORD-11732,Гантели 5кг,Спорттовары,Актобе,Козлов В.,Офлайн-магазин,3,3310.56,15,8441.92,6170.19,2271.73,CUST-799,Brand_Спо,Склад-Акт,0,completed
2025-11-08,ORD-11733,Джинсы классика,Одежда,Астана,Петров П.,B2B,3,4573.02,0,13719.06,10391.48,3327.58,CUST-278,Brand_Оде,Склад-Аст,0,completed
2025-07-22,ORD-11734,Шоколад горький,Продукты,Караганда,Петров П.,Маркетплейс,3,713.88,0,2141.63,1222.29,919.34,CUST-135,Brand_Про,Склад-Кар,0,completed
2026-03-19,ORD-11735,Стул офисный,Мебель,Алматы,Лебедева Е.,B2B,3,5017.64,0,15052.91,9676.82,5376.09,CUST-223,Brand_Меб,Склад-Алм,0,completed
2026-04-06,ORD-11736,Джинсы классика,Одежда,Караганда,Иванов И.,Онлайн,2,1101.29,0,2202.58,1230.3,972.29,CUST-965,Brand_Оде,Склад-Кар,0,completed
2026-05-01,ORD-11737,Свитер шерстяной,Одежда,Актобе,Петров П.,Онлайн,3,8107.76,20,19458.61,14967.9,4490.71,CUST-646,Brand_Оде,Склад-Акт,0,completed
2025-12-01,ORD-11738,Кровать двуспальная,Мебель,Астана,Смирнова А.,B2B,1,22133.86,0,22133.86,17527.16,4606.69,CUST-807,Brand_Меб,Склад-Аст,0,cancelled
2025-10-08,ORD-11739,Джинсы классика,Одежда,Актобе,Иванов И.,Онлайн,3,15644.21,0,46932.63,37492.38,9440.25,CUST-786,Brand_Оде,Склад-Акт,0,completed
2026-05-07,ORD-11740,Джинсы классика,Одежда,Астана,Смирнова А.,B2B,2,1915.78,0,3831.56,2894.25,937.31,CUST-445,Brand_Оде,Склад-Аст,0,cancelled
2025-11-07,ORD-11741,Кофе зерновой,Продукты,Караганда,Петров П.,B2B,4,1936.74,0,7746.97,5106.04,2640.93,CUST-378,Brand_Про,Склад-Кар,0,completed
2026-02-10,ORD-11742,Диван угловой,Мебель,Алматы,Петров П.,Онлайн,3,35065.94,0,105197.81,78131.33,27066.48,CUST-890,Brand_Меб,Склад-Алм,3,returned
2025-09-22,ORD-11743,Эспандер,Спорттовары,Астана,Иванов И.,Онлайн,7,2567.23,0,17970.62,11940.39,6030.23,CUST-393,Brand_Спо,Склад-Аст,0,completed
2026-06-26,ORD-11744,Стол письменный,Мебель,Актобе,Козлов В.,Маркетплейс,1,25679.22,0,25679.22,13115.39,12563.83,CUST-470,Brand_Меб,Склад-Акт,0,completed
2026-01-01,ORD-11745,Оливковое масло,Продукты,Алматы,Петров П.,Онлайн,2,976.74,0,1953.48,1344.29,609.19,CUST-679,Brand_Про,Склад-Алм,0,completed
2026-07-01,ORD-11746,Шоколад горький,Продукты,Караганда,Смирнова А.,Онлайн,2,1499.21,0,2998.42,1650.3,1348.12,CUST-705,Brand_Про,Склад-Кар,0,cancelled
2026-01-02,ORD-11747,Шкаф-купе,Мебель,Караганда,Смирнова А.,Офлайн-магазин,2,7293.01,10,13127.42,5346.33,7781.09,CUST-262,Brand_Меб,Склад-Кар,0,completed
2026-06-28,ORD-11748,Смартфон X,Электроника,Актобе,Козлов В.,Онлайн,3,23251.61,0,69754.82,32078.04,37676.78,CUST-306,Brand_Эле,Склад-Акт,0,completed
2026-05-10,ORD-11749,Кроссовки спорт,Одежда,Актобе,Козлов В.,B2B,3,10687.52,0,32062.55,18031.77,14030.78,CUST-635,Brand_Оде,Склад-Акт,0,completed
2026-03-21,ORD-11750,Футболка базовая,Одежда,Астана,Козлов В.,B2B,1,6513.82,0,6513.82,4173.91,2339.92,CUST-235,Brand_Оде,Склад-Аст,0,completed
2026-03-03,ORD-11751,Стул офисный,Мебель,Караганда,Смирнова А.,B2B,3,48601.42,0,145804.25,72157.44,73646.81,CUST-312,Brand_Меб,Склад-Кар,0,completed
2026-06-10,ORD-11752,Эспандер,Спорттовары,Астана,Иванов И.,Онлайн,6,3393.51,0,20361.03,8395.89,11965.14,CUST-842,Brand_Спо,Склад-Аст,0,completed
2026-05-14,ORD-11753,Чай зеленый,Продукты,Астана,Иванов И.,Офлайн-магазин,3,239.36,0,718.09,307.13,410.96,CUST-893,Brand_Про,Склад-Аст,0,completed
2026-01-16,ORD-11754,Кровать двуспальная,Мебель,Шымкент,Смирнова А.,B2B,2,22723.12,0,45446.24,19086.36,26359.88,CUST-674,Brand_Меб,Склад-Шым,0,completed
2026-03-16,ORD-11755,Диван угловой,Мебель,Шымкент,Лебедева Е.,B2B,2,40412.88,0,80825.77,46808.66,34017.11,CUST-416,Brand_Меб,Склад-Шым,0,completed
2025-09-05,ORD-11756,Стол письменный,Мебель,Караганда,Смирнова А.,B2B,1,47596.67,0,47596.67,25333.35,22263.33,CUST-350,Brand_Меб,Склад-Кар,0,completed
2026-01-18,ORD-11757,Чай зеленый,Продукты,Караганда,Петров П.,Онлайн,7,1538.88,20,8617.72,5572.08,3045.65,CUST-551,Brand_Про,Склад-Кар,0,cancelled
2025-08-31,ORD-11758,Смарт-часы,Электроника,Шымкент,Петров П.,B2B,2,39707.02,0,79414.05,53833.88,25580.17,CUST-836,Brand_Эле,Склад-Шым,0,completed
2025-07-26,ORD-11759,Куртка зимняя,Одежда,Шымкент,Иванов И.,Офлайн-магазин,1,10938.13,0,10938.13,7326.01,3612.11,CUST-340,Brand_Оде,Склад-Шым,0,completed
2025-08-31,ORD-11760,Оливковое масло,Продукты,Шымкент,Лебедева Е.,Маркетплейс,7,1690.12,0,11830.86,6065.41,5765.45,CUST-353,Brand_Про,Склад-Шым,0,completed
2025-12-21,ORD-11761,Шоколад горький,Продукты,Шымкент,Петров П.,Маркетплейс,5,1774.6,15,7542.05,4863.07,2678.98,CUST-717,Brand_Про,Склад-Шым,0,completed
2026-05-19,ORD-11762,Свитер шерстяной,Одежда,Астана,Смирнова А.,Маркетплейс,2,10554.02,0,21108.03,13297.38,7810.65,CUST-519,Brand_Оде,Склад-Аст,0,completed
2025-12-04,ORD-11763,Смарт-часы,Электроника,Актобе,Петров П.,Офлайн-магазин,1,28913.59,0,28913.59,17353.99,11559.6,CUST-840,Brand_Эле,Склад-Акт,0,completed
2026-03-23,ORD-11764,Свитер шерстяной,Одежда,Актобе,Лебедева Е.,Маркетплейс,1,2569.19,0,2569.19,2021.78,547.4,CUST-878,Brand_Оде,Склад-Акт,0,cancelled
2026-05-10,ORD-11765,Стол письменный,Мебель,Алматы,Петров П.,Онлайн,1,31475.42,0,31475.42,16384.33,15091.1,CUST-456,Brand_Меб,Склад-Алм,0,completed
2025-10-28,ORD-11766,Сыр пармезан,Продукты,Шымкент,Смирнова А.,B2B,10,2238.24,0,22382.36,15916.06,6466.3,CUST-110,Brand_Про,Склад-Шым,0,completed
2025-08-12,ORD-11767,Шоколад горький,Продукты,Актобе,Козлов В.,Маркетплейс,2,963.75,0,1927.49,1242.03,685.46,CUST-942,Brand_Про,Склад-Акт,0,completed
2025-08-05,ORD-11768,Куртка зимняя,Одежда,Алматы,Петров П.,Онлайн,3,4395.5,15,11208.51,8332.28,2876.23,CUST-641,Brand_Оде,Склад-Алм,0,completed
2026-07-18,ORD-11769,Мяч фитнес,Спорттовары,Астана,Смирнова А.,Маркетплейс,1,4601.5,0,4601.5,2632.51,1968.99,CUST-687,Brand_Спо,Склад-Аст,0,completed
2026-05-30,ORD-11770,Футболка базовая,Одежда,Шымкент,Смирнова А.,Маркетплейс,2,4116.87,0,8233.75,4599.53,3634.21,CUST-174,Brand_Оде,Склад-Шым,0,completed
2025-11-13,ORD-11771,Скакалка,Спорттовары,Шымкент,Иванов И.,Офлайн-магазин,3,3425.48,0,10276.44,5785.21,4491.23,CUST-858,Brand_Спо,Склад-Шым,3,returned
2025-09-29,ORD-11772,Ноутбук Pro,Электроника,Астана,Смирнова А.,B2B,1,40670.51,0,40670.51,19650.56,21019.95,CUST-408,Brand_Эле,Склад-Аст,0,completed
2025-11-17,ORD-11773,Шкаф-купе,Мебель,Караганда,Лебедева Е.,B2B,1,39154.43,0,39154.43,28057.59,11096.84,CUST-766,Brand_Меб,Склад-Кар,0,cancelled
2025-12-29,ORD-11774,Свитер шерстяной,Одежда,Шымкент,Козлов В.,Онлайн,3,3245.69,0,9737.07,6475.79,3261.28,CUST-392,Brand_Оде,Склад-Шым,0,completed
2025-08-23,ORD-11775,Диван угловой,Мебель,Астана,Иванов И.,Маркетплейс,2,14426.12,0,28852.25,14176.62,14675.63,CUST-954,Brand_Меб,Склад-Аст,0,completed
2026-01-25,ORD-11776,Ноутбук Pro,Электроника,Астана,Лебедева Е.,Маркетплейс,2,56637.32,0,113274.64,65629.32,47645.32,CUST-993,Brand_Эле,Склад-Аст,0,completed
2025-10-11,ORD-11777,Джинсы классика,Одежда,Астана,Лебедева Е.,Офлайн-магазин,1,11175.46,0,11175.46,4542.79,6632.67,CUST-687,Brand_Оде,Склад-Аст,0,completed
2025-09-15,ORD-11778,Джинсы классика,Одежда,Алматы,Петров П.,Онлайн,1,4397.74,0,4397.74,2583.13,1814.6,CUST-808,Brand_Оде,Склад-Алм,0,completed
2025-09-22,ORD-11779,Кровать двуспальная,Мебель,Шымкент,Иванов И.,B2B,1,28830.23,15,24505.69,17162.84,7342.85,CUST-866,Brand_Меб,Склад-Шым,0,completed
2025-08-20,ORD-11780,Куртка зимняя,Одежда,Шымкент,Петров П.,Онлайн,1,1960.22,15,1666.19,1210.36,455.83,CUST-129,Brand_Оде,Склад-Шым,0,completed
2025-11-09,ORD-11781,Чай зеленый,Продукты,Алматы,Петров П.,Маркетплейс,2,1128.54,5,2144.23,935.63,1208.6,CUST-267,Brand_Про,Склад-Алм,0,completed
2026-06-25,ORD-11782,Куртка зимняя,Одежда,Алматы,Смирнова А.,Онлайн,3,6964.43,0,20893.29,15304.97,5588.32,CUST-659,Brand_Оде,Склад-Алм,0,completed
2026-03-15,ORD-11783,Наушники Air,Электроника,Караганда,Смирнова А.,Маркетплейс,1,63756.56,0,63756.56,46731.13,17025.43,CUST-287,Brand_Эле,Склад-Кар,1,returned
2025-12-04,ORD-11784,Наушники Air,Электроника,Шымкент,Лебедева Е.,Офлайн-магазин,2,75983.28,0,151966.56,101977.97,49988.6,CUST-447,Brand_Эле,Склад-Шым,0,completed
2026-04-06,ORD-11785,Ноутбук Pro,Электроника,Астана,Смирнова А.,Онлайн,3,69764.47,0,209293.41,116718.99,92574.41,CUST-829,Brand_Эле,Склад-Аст,0,completed
2025-11-29,ORD-11786,Гантели 5кг,Спорттовары,Астана,Козлов В.,Офлайн-магазин,8,1974.01,0,15792.11,12257.77,3534.35,CUST-202,Brand_Спо,Склад-Аст,0,completed
2025-09-26,ORD-11787,Смартфон X,Электроника,Алматы,Иванов И.,B2B,1,66868.38,0,66868.38,36019.47,30848.91,CUST-525,Brand_Эле,Склад-Алм,0,completed
2026-06-01,ORD-11788,Смартфон X,Электроника,Караганда,Иванов И.,B2B,3,44565.42,0,133696.26,87131.43,46564.83,CUST-254,Brand_Эле,Склад-Кар,0,completed
2026-01-18,ORD-11789,Смарт-часы,Электроника,Актобе,Лебедева Е.,Маркетплейс,2,108893.27,0,217786.55,114846.64,102939.91,CUST-882,Brand_Эле,Склад-Акт,0,completed
2025-09-16,ORD-11790,Стул офисный,Мебель,Астана,Петров П.,Офлайн-магазин,2,28646.52,10,51563.73,25169.54,26394.19,CUST-267,Brand_Меб,Склад-Аст,0,completed
2025-08-01,ORD-11791,Шоколад горький,Продукты,Астана,Петров П.,Онлайн,3,980.15,0,2940.44,1553.14,1387.3,CUST-705,Brand_Про,Склад-Аст,0,completed
2026-06-17,ORD-11792,Стол письменный,Мебель,Астана,Иванов И.,Офлайн-магазин,2,16000.61,0,32001.22,18468.78,13532.44,CUST-118,Brand_Меб,Склад-Аст,2,returned
2025-12-25,ORD-11793,Скакалка,Спорттовары,Караганда,Лебедева Е.,Маркетплейс,5,636.01,0,3180.06,2295.29,884.77,CUST-483,Brand_Спо,Склад-Кар,0,completed
2026-06-01,ORD-11794,Шкаф-купе,Мебель,Шымкент,Иванов И.,Маркетплейс,3,15744.66,0,47233.99,23756.41,23477.59,CUST-286,Brand_Меб,Склад-Шым,0,completed
2026-02-10,ORD-11795,Стол письменный,Мебель,Астана,Лебедева Е.,Маркетплейс,1,27872.64,0,27872.64,16192.34,11680.3,CUST-426,Brand_Меб,Склад-Аст,0,completed
2025-10-17,ORD-11796,Куртка зимняя,Одежда,Актобе,Петров П.,Онлайн,1,7603.42,15,6462.9,3988.22,2474.68,CUST-719,Brand_Оде,Склад-Акт,0,completed
2025-09-28,ORD-11797,Планшет Z,Электроника,Актобе,Петров П.,Офлайн-магазин,2,76082.81,0,152165.62,80500.5,71665.12,CUST-887,Brand_Эле,Склад-Акт,0,completed
2026-02-17,ORD-11798,Футболка базовая,Одежда,Астана,Лебедева Е.,Маркетплейс,3,6838.33,20,16411.98,8091.71,8320.28,CUST-784,Brand_Оде,Склад-Аст,0,completed
2025-10-08,ORD-11799,Стол письменный,Мебель,Актобе,Смирнова А.,Офлайн-магазин,2,5813.36,0,11626.73,6209.72,5417.01,CUST-626,Brand_Меб,Склад-Акт,0,completed
2025-08-04,ORD-11800,Эспандер,Спорттовары,Алматы,Петров П.,Офлайн-магазин,4,1637.6,0,6550.42,4612.23,1938.18,CUST-379,Brand_Спо,Склад-Алм,0,completed
2026-05-11,ORD-11801,Гантели 5кг,Спорттовары,Астана,Иванов И.,Онлайн,3,1936.18,0,5808.55,4249.15,1559.4,CUST-481,Brand_Спо,Склад-Аст,0,completed
2025-12-20,ORD-11802,Коврик для йоги,Спорттовары,Шымкент,Лебедева Е.,Офлайн-магазин,9,3778.89,0,34010.02,20399.26,13610.76,CUST-108,Brand_Спо,Склад-Шым,0,completed
2025-09-13,ORD-11803,Коврик для йоги,Спорттовары,Актобе,Смирнова А.,Маркетплейс,1,4159.13,0,4159.13,3308.71,850.42,CUST-957,Brand_Спо,Склад-Акт,0,completed
2026-07-01,ORD-11804,Смартфон X,Электроника,Караганда,Петров П.,B2B,3,51611.53,0,154834.59,77079.88,77754.71,CUST-435,Brand_Эле,Склад-Кар,0,completed
2026-02-05,ORD-11805,Диван угловой,Мебель,Караганда,Смирнова А.,Онлайн,2,35384.5,10,63692.1,33022.94,30669.17,CUST-725,Brand_Меб,Склад-Кар,0,completed
2025-10-02,ORD-11806,Стол письменный,Мебель,Астана,Иванов И.,Офлайн-магазин,1,15394.53,0,15394.53,6551.69,8842.84,CUST-726,Brand_Меб,Склад-Аст,0,completed
2025-11-28,ORD-11807,Гантели 5кг,Спорттовары,Алматы,Смирнова А.,B2B,10,4924.39,5,46781.69,20397.71,26383.98,CUST-557,Brand_Спо,Склад-Алм,0,completed
2025-10-08,ORD-11808,Шкаф-купе,Мебель,Актобе,Лебедева Е.,Маркетплейс,3,34270.45,0,102811.34,67924.89,34886.45,CUST-303,Brand_Меб,Склад-Акт,0,completed
2025-09-16,ORD-11809,Коврик для йоги,Спорттовары,Алматы,Петров П.,B2B,7,4313.35,0,30193.42,20388.88,9804.54,CUST-102,Brand_Спо,Склад-Алм,0,completed
2025-08-22,ORD-11810,Планшет Z,Электроника,Астана,Петров П.,Маркетплейс,3,28882.01,0,86646.02,64914.09,21731.92,CUST-746,Brand_Эле,Склад-Аст,0,completed
2025-08-14,ORD-11811,Чай зеленый,Продукты,Шымкент,Петров П.,Офлайн-магазин,1,1345.46,10,1210.92,932.36,278.56,CUST-730,Brand_Про,Склад-Шым,0,completed
2025-10-17,ORD-11812,Скакалка,Спорттовары,Алматы,Иванов И.,B2B,9,4367.36,0,39306.21,18301.19,21005.01,CUST-546,Brand_Спо,Склад-Алм,0,completed
2025-11-23,ORD-11813,Джинсы классика,Одежда,Актобе,Петров П.,B2B,1,13107.81,0,13107.81,7778.97,5328.84,CUST-185,Brand_Оде,Склад-Акт,1,returned
2026-04-06,ORD-11814,Кофе зерновой,Продукты,Актобе,Козлов В.,Офлайн-магазин,8,986.77,0,7894.17,4528.26,3365.9,CUST-895,Brand_Про,Склад-Акт,0,completed
2025-09-15,ORD-11815,Смартфон X,Электроника,Астана,Петров П.,Офлайн-магазин,1,28566.13,10,25709.52,11303.44,14406.08,CUST-620,Brand_Эле,Склад-Аст,0,completed
2025-11-13,ORD-11816,Чай зеленый,Продукты,Караганда,Лебедева Е.,Онлайн,8,1006.14,0,8049.1,6239.32,1809.77,CUST-817,Brand_Про,Склад-Кар,0,completed
2025-08-01,ORD-11817,Кровать двуспальная,Мебель,Караганда,Козлов В.,Онлайн,1,42357.78,0,42357.78,27602.87,14754.92,CUST-695,Brand_Меб,Склад-Кар,0,completed
2025-10-15,ORD-11818,Смарт-часы,Электроника,Актобе,Иванов И.,Маркетплейс,1,36631.91,0,36631.91,21496.91,15135.0,CUST-519,Brand_Эле,Склад-Акт,0,completed
2025-09-19,ORD-11819,Шкаф-купе,Мебель,Алматы,Смирнова А.,B2B,3,36935.44,0,110806.32,68301.8,42504.52,CUST-776,Brand_Меб,Склад-Алм,0,completed
2026-04-02,ORD-11820,Футболка базовая,Одежда,Астана,Козлов В.,B2B,3,6946.61,20,16671.86,10228.96,6442.9,CUST-726,Brand_Оде,Склад-Аст,0,completed
2026-01-19,ORD-11821,Коврик для йоги,Спорттовары,Астана,Смирнова А.,B2B,5,2188.69,0,10943.46,6973.95,3969.51,CUST-266,Brand_Спо,Склад-Аст,0,completed
2026-01-13,ORD-11822,Чай зеленый,Продукты,Актобе,Смирнова А.,B2B,1,1452.59,15,1234.7,931.75,302.95,CUST-722,Brand_Про,Склад-Акт,0,completed
2025-08-02,ORD-11823,Диван угловой,Мебель,Караганда,Петров П.,B2B,3,28727.87,15,73256.06,31146.4,42109.66,CUST-733,Brand_Меб,Склад-Кар,0,completed
2026-02-09,ORD-11824,Стул офисный,Мебель,Актобе,Иванов И.,B2B,3,23508.91,0,70526.74,35401.89,35124.85,CUST-732,Brand_Меб,Склад-Акт,0,completed
2026-05-10,ORD-11825,Сыр пармезан,Продукты,Шымкент,Иванов И.,Офлайн-магазин,10,1924.45,15,16357.82,7279.52,9078.3,CUST-395,Brand_Про,Склад-Шым,0,completed
2026-03-13,ORD-11826,Эспандер,Спорттовары,Астана,Козлов В.,Онлайн,5,3224.38,5,15315.83,7751.16,7564.66,CUST-911,Brand_Спо,Склад-Аст,0,completed
2026-05-27,ORD-11827,Свитер шерстяной,Одежда,Караганда,Иванов И.,Маркетплейс,1,4336.15,5,4119.35,1918.01,2201.34,CUST-569,Brand_Оде,Склад-Кар,0,completed
2025-08-11,ORD-11828,Кровать двуспальная,Мебель,Шымкент,Лебедева Е.,Онлайн,3,4142.75,0,12428.25,7629.16,4799.09,CUST-632,Brand_Меб,Склад-Шым,0,completed
2025-09-13,ORD-11829,Футболка базовая,Одежда,Актобе,Лебедева Е.,Офлайн-магазин,1,11929.44,0,11929.44,6227.75,5701.7,CUST-664,Brand_Оде,Склад-Акт,0,completed
2025-11-20,ORD-11830,Скакалка,Спорттовары,Караганда,Смирнова А.,Онлайн,7,3584.04,10,22579.45,9163.36,13416.09,CUST-557,Brand_Спо,Склад-Кар,7,returned
2026-01-27,ORD-11831,Смартфон X,Электроника,Алматы,Петров П.,Онлайн,2,96278.19,20,154045.11,67892.15,86152.96,CUST-897,Brand_Эле,Склад-Алм,0,completed
2026-05-23,ORD-11832,Чай зеленый,Продукты,Алматы,Смирнова А.,B2B,2,875.16,0,1750.31,1237.3,513.01,CUST-548,Brand_Про,Склад-Алм,0,completed
2026-04-25,ORD-11833,Сыр пармезан,Продукты,Караганда,Лебедева Е.,Онлайн,8,1264.29,5,9608.59,6355.61,3252.98,CUST-265,Brand_Про,Склад-Кар,0,completed
2026-02-19,ORD-11834,Смартфон X,Электроника,Алматы,Петров П.,B2B,3,50510.72,0,151532.16,74609.96,76922.2,CUST-410,Brand_Эле,Склад-Алм,3,returned
2025-11-28,ORD-11835,Свитер шерстяной,Одежда,Актобе,Иванов И.,B2B,2,9251.79,0,18503.57,14467.52,4036.06,CUST-510,Brand_Оде,Склад-Акт,0,completed
2026-01-29,ORD-11836,Куртка зимняя,Одежда,Алматы,Козлов В.,Офлайн-магазин,1,12310.22,0,12310.22,9405.8,2904.42,CUST-546,Brand_Оде,Склад-Алм,0,completed
2026-03-23,ORD-11837,Куртка зимняя,Одежда,Караганда,Петров П.,Офлайн-магазин,1,4005.01,0,4005.01,2133.53,1871.49,CUST-750,Brand_Оде,Склад-Кар,0,completed
2026-06-18,ORD-11838,Сыр пармезан,Продукты,Алматы,Смирнова А.,B2B,8,826.25,15,5618.47,3463.64,2154.83,CUST-433,Brand_Про,Склад-Алм,0,completed
2026-01-28,ORD-11839,Гантели 5кг,Спорттовары,Актобе,Козлов В.,Маркетплейс,2,1858.5,10,3345.3,2053.18,1292.12,CUST-600,Brand_Спо,Склад-Акт,0,completed
2025-09-01,ORD-11840,Куртка зимняя,Одежда,Шымкент,Смирнова А.,Офлайн-магазин,1,2630.74,5,2499.21,1003.01,1496.2,CUST-230,Brand_Оде,Склад-Шым,0,completed
2026-06-24,ORD-11841,Футболка базовая,Одежда,Алматы,Козлов В.,Офлайн-магазин,3,11169.76,0,33509.29,26404.12,7105.17,CUST-535,Brand_Оде,Склад-Алм,0,completed
2025-12-07,ORD-11842,Скакалка,Спорттовары,Астана,Лебедева Е.,Маркетплейс,6,2957.3,0,17743.82,8310.99,9432.84,CUST-412,Brand_Спо,Склад-Аст,0,completed
2025-10-17,ORD-11843,Чай зеленый,Продукты,Шымкент,Иванов И.,B2B,9,440.05,0,3960.43,2167.53,1792.9,CUST-168,Brand_Про,Склад-Шым,0,completed
2025-08-19,ORD-11844,Кофе зерновой,Продукты,Актобе,Иванов И.,Маркетплейс,10,844.28,0,8442.84,4890.89,3551.95,CUST-582,Brand_Про,Склад-Акт,0,completed
2025-11-16,ORD-11845,Чай зеленый,Продукты,Шымкент,Петров П.,Маркетплейс,9,984.26,15,7529.62,3349.58,4180.04,CUST-572,Brand_Про,Склад-Шым,0,completed
2025-09-20,ORD-11846,Оливковое масло,Продукты,Шымкент,Лебедева Е.,B2B,5,684.96,0,3424.78,2604.61,820.16,CUST-441,Brand_Про,Склад-Шым,0,completed
2025-11-17,ORD-11847,Шкаф-купе,Мебель,Актобе,Иванов И.,Офлайн-магазин,1,14425.96,0,14425.96,8201.36,6224.6,CUST-170,Brand_Меб,Склад-Акт,0,completed
2026-07-09,ORD-11848,Джинсы классика,Одежда,Актобе,Лебедева Е.,Офлайн-магазин,1,8772.27,0,8772.27,5284.52,3487.76,CUST-931,Brand_Оде,Склад-Акт,0,completed
2026-05-03,ORD-11849,Планшет Z,Электроника,Астана,Козлов В.,B2B,1,32041.73,0,32041.73,19928.06,12113.67,CUST-800,Brand_Эле,Склад-Аст,0,completed
2025-08-23,ORD-11850,Чай зеленый,Продукты,Алматы,Козлов В.,Маркетплейс,6,969.05,10,5232.87,4032.63,1200.25,CUST-594,Brand_Про,Склад-Алм,0,completed
2026-04-10,ORD-11851,Смартфон X,Электроника,Актобе,Лебедева Е.,Онлайн,2,60870.11,0,121740.23,57850.54,63889.69,CUST-490,Brand_Эле,Склад-Акт,0,completed
2026-04-02,ORD-11852,Наушники Air,Электроника,Караганда,Козлов В.,Офлайн-магазин,2,72791.64,0,145583.27,62036.2,83547.07,CUST-314,Brand_Эле,Склад-Кар,0,completed
2026-02-09,ORD-11853,Свитер шерстяной,Одежда,Актобе,Лебедева Е.,Маркетплейс,3,7819.21,15,19938.98,15725.22,4213.75,CUST-724,Brand_Оде,Склад-Акт,0,completed
2026-05-18,ORD-11854,Скакалка,Спорттовары,Алматы,Иванов И.,Онлайн,9,984.55,0,8860.97,4750.49,4110.48,CUST-117,Brand_Спо,Склад-Алм,0,completed
2026-04-20,ORD-11855,Куртка зимняя,Одежда,Астана,Иванов И.,Онлайн,3,9191.3,0,27573.91,16787.74,10786.17,CUST-274,Brand_Оде,Склад-Аст,3,returned
2026-06-20,ORD-11856,Сыр пармезан,Продукты,Шымкент,Лебедева Е.,Маркетплейс,10,1672.41,15,14215.52,8177.0,6038.52,CUST-997,Brand_Про,Склад-Шым,0,completed
2026-01-27,ORD-11857,Диван угловой,Мебель,Актобе,Смирнова А.,Офлайн-магазин,3,36043.63,0,108130.88,68872.27,39258.61,CUST-173,Brand_Меб,Склад-Акт,0,completed
2026-03-04,ORD-11858,Мяч фитнес,Спорттовары,Актобе,Лебедева Е.,Онлайн,5,1673.97,0,8369.85,3975.79,4394.07,CUST-980,Brand_Спо,Склад-Акт,0,completed
2026-03-10,ORD-11859,Наушники Air,Электроника,Алматы,Смирнова А.,Маркетплейс,2,40457.48,15,68777.71,49377.03,19400.68,CUST-608,Brand_Эле,Склад-Алм,0,completed
2025-10-11,ORD-11860,Мяч фитнес,Спорттовары,Актобе,Иванов И.,Онлайн,4,1965.25,0,7860.98,3804.46,4056.52,CUST-870,Brand_Спо,Склад-Акт,0,completed
2026-03-01,ORD-11861,Коврик для йоги,Спорттовары,Алматы,Лебедева Е.,Офлайн-магазин,9,4894.05,0,44046.48,34272.74,9773.74,CUST-111,Brand_Спо,Склад-Алм,0,completed
2025-08-02,ORD-11862,Скакалка,Спорттовары,Астана,Иванов И.,B2B,10,4676.82,0,46768.19,24611.72,22156.47,CUST-535,Brand_Спо,Склад-Аст,0,completed
2026-02-23,ORD-11863,Гантели 5кг,Спорттовары,Астана,Смирнова А.,Онлайн,9,2528.25,0,22754.25,9289.81,13464.44,CUST-866,Brand_Спо,Склад-Аст,0,completed
2025-07-28,ORD-11864,Чай зеленый,Продукты,Астана,Козлов В.,Онлайн,2,1953.39,0,3906.78,1939.53,1967.25,CUST-110,Brand_Про,Склад-Аст,0,completed
2025-11-26,ORD-11865,Гантели 5кг,Спорттовары,Актобе,Козлов В.,Маркетплейс,6,1334.84,0,8009.01,3983.2,4025.81,CUST-687,Brand_Спо,Склад-Акт,0,completed
2025-08-21,ORD-11866,Эспандер,Спорттовары,Актобе,Иванов И.,Онлайн,5,936.66,0,4683.32,3520.58,1162.74,CUST-831,Brand_Спо,Склад-Акт,0,completed
2026-03-15,ORD-11867,Кроссовки спорт,Одежда,Алматы,Смирнова А.,B2B,2,4861.26,10,8750.26,6702.75,2047.52,CUST-806,Brand_Оде,Склад-Алм,0,completed
2026-01-16,ORD-11868,Скакалка,Спорттовары,Караганда,Лебедева Е.,Офлайн-магазин,6,1970.68,0,11824.07,7655.76,4168.31,CUST-741,Brand_Спо,Склад-Кар,0,completed
2026-01-08,ORD-11869,Эспандер,Спорттовары,Караганда,Иванов И.,Маркетплейс,8,2772.23,0,22177.87,9633.61,12544.26,CUST-495,Brand_Спо,Склад-Кар,0,completed
2026-01-30,ORD-11870,Свитер шерстяной,Одежда,Караганда,Лебедева Е.,Офлайн-магазин,2,6092.59,5,11575.93,5099.25,6476.67,CUST-502,Brand_Оде,Склад-Кар,0,completed
2026-07-04,ORD-11871,Коврик для йоги,Спорттовары,Астана,Лебедева Е.,Офлайн-магазин,8,4268.25,0,34146.01,14043.2,20102.81,CUST-708,Brand_Спо,Склад-Аст,0,completed
2026-02-22,ORD-11872,Кровать двуспальная,Мебель,Алматы,Смирнова А.,Офлайн-магазин,1,21644.1,0,21644.1,11927.72,9716.37,CUST-170,Brand_Меб,Склад-Алм,0,completed
2026-07-17,ORD-11873,Стул офисный,Мебель,Алматы,Иванов И.,B2B,3,26074.92,15,66491.05,40836.49,25654.55,CUST-406,Brand_Меб,Склад-Алм,0,completed
2026-02-16,ORD-11874,Кофе зерновой,Продукты,Шымкент,Иванов И.,Онлайн,9,662.78,0,5965.06,2709.02,3256.04,CUST-108,Brand_Про,Склад-Шым,0,cancelled
2025-12-04,ORD-11875,Кроссовки спорт,Одежда,Караганда,Петров П.,B2B,3,3646.62,15,9298.88,6076.85,3222.02,CUST-564,Brand_Оде,Склад-Кар,0,completed
2025-09-19,ORD-11876,Скакалка,Спорттовары,Астана,Лебедева Е.,Маркетплейс,1,2105.58,0,2105.58,1326.63,778.95,CUST-607,Brand_Спо,Склад-Аст,0,completed
2026-02-12,ORD-11877,Оливковое масло,Продукты,Алматы,Лебедева Е.,Офлайн-магазин,9,542.41,0,4881.68,3628.45,1253.23,CUST-621,Brand_Про,Склад-Алм,9,returned
2026-03-11,ORD-11878,Шоколад горький,Продукты,Шымкент,Иванов И.,Офлайн-магазин,6,1581.81,0,9490.86,7185.56,2305.3,CUST-602,Brand_Про,Склад-Шым,0,completed
2025-09-23,ORD-11879,Диван угловой,Мебель,Астана,Иванов И.,B2B,3,36066.73,5,102790.19,72263.93,30526.26,CUST-940,Brand_Меб,Склад-Аст,0,completed
2025-12-07,ORD-11880,Ноутбук Pro,Электроника,Шымкент,Петров П.,Онлайн,2,78384.43,0,156768.87,92173.4,64595.47,CUST-467,Brand_Эле,Склад-Шым,0,completed
2026-04-10,ORD-11881,Джинсы классика,Одежда,Астана,Козлов В.,Маркетплейс,2,15642.71,0,31285.41,22893.41,8392.0,CUST-834,Brand_Оде,Склад-Аст,0,completed
2025-07-26,ORD-11882,Коврик для йоги,Спорттовары,Актобе,Иванов И.,Маркетплейс,9,1824.13,20,13133.75,10345.85,2787.9,CUST-230,Brand_Спо,Склад-Акт,0,completed
2026-02-09,ORD-11883,Куртка зимняя,Одежда,Шымкент,Петров П.,Онлайн,1,4978.47,0,4978.47,2330.69,2647.78,CUST-187,Brand_Оде,Склад-Шым,0,completed
2026-05-30,ORD-11884,Планшет Z,Электроника,Караганда,Козлов В.,Офлайн-магазин,2,5943.26,5,11292.2,4605.77,6686.43,CUST-606,Brand_Эле,Склад-Кар,0,completed
2026-07-10,ORD-11885,Эспандер,Спорттовары,Алматы,Лебедева Е.,Офлайн-магазин,5,1857.63,0,9288.13,6616.05,2672.07,CUST-758,Brand_Спо,Склад-Алм,0,completed
2025-08-29,ORD-11886,Смарт-часы,Электроника,Караганда,Лебедева Е.,Маркетплейс,3,16494.92,10,44536.29,31187.04,13349.26,CUST-576,Brand_Эле,Склад-Кар,0,completed
2025-08-05,ORD-11887,Скакалка,Спорттовары,Караганда,Петров П.,B2B,10,2705.04,0,27050.44,12803.86,14246.58,CUST-607,Brand_Спо,Склад-Кар,0,completed
2025-12-21,ORD-11888,Джинсы классика,Одежда,Шымкент,Иванов И.,Маркетплейс,3,13943.44,0,41830.32,20312.55,21517.77,CUST-210,Brand_Оде,Склад-Шым,0,completed
2026-04-21,ORD-11889,Коврик для йоги,Спорттовары,Алматы,Петров П.,Маркетплейс,9,3628.75,0,32658.73,22045.2,10613.54,CUST-586,Brand_Спо,Склад-Алм,0,completed
2025-07-28,ORD-11890,Свитер шерстяной,Одежда,Караганда,Козлов В.,Офлайн-магазин,1,2022.78,5,1921.64,1225.66,695.97,CUST-342,Brand_Оде,Склад-Кар,0,completed
2026-02-07,ORD-11891,Стол письменный,Мебель,Алматы,Лебедева Е.,Маркетплейс,2,15893.2,5,30197.08,12199.34,17997.75,CUST-719,Brand_Меб,Склад-Алм,0,completed
2025-12-29,ORD-11892,Смартфон X,Электроника,Алматы,Козлов В.,Офлайн-магазин,2,21899.72,5,41609.47,17076.47,24532.99,CUST-730,Brand_Эле,Склад-Алм,0,completed
2026-03-15,ORD-11893,Ноутбук Pro,Электроника,Алматы,Козлов В.,Офлайн-магазин,1,25717.98,0,25717.98,15847.79,9870.19,CUST-142,Brand_Эле,Склад-Алм,0,completed
2026-04-08,ORD-11894,Стул офисный,Мебель,Караганда,Козлов В.,Офлайн-магазин,1,15031.0,0,15031.0,10964.38,4066.62,CUST-826,Brand_Меб,Склад-Кар,0,completed
2025-12-12,ORD-11895,Стул офисный,Мебель,Караганда,Иванов И.,Офлайн-магазин,1,37420.21,0,37420.21,15062.21,22358.0,CUST-350,Brand_Меб,Склад-Кар,0,completed
2026-02-15,ORD-11896,Ноутбук Pro,Электроника,Астана,Смирнова А.,Маркетплейс,1,21691.71,0,21691.71,9482.25,12209.46,CUST-247,Brand_Эле,Склад-Аст,0,completed
2026-01-13,ORD-11897,Джинсы классика,Одежда,Актобе,Смирнова А.,Онлайн,3,3856.55,5,10991.17,6961.11,4030.06,CUST-943,Brand_Оде,Склад-Акт,0,completed
2026-03-07,ORD-11898,Стол письменный,Мебель,Караганда,Лебедева Е.,Онлайн,3,17580.76,0,52742.29,34631.7,18110.59,CUST-196,Brand_Меб,Склад-Кар,0,completed
2025-11-14,ORD-11899,Кроссовки спорт,Одежда,Караганда,Иванов И.,B2B,2,10552.69,5,20050.12,15803.6,4246.52,CUST-376,Brand_Оде,Склад-Кар,0,completed
2026-01-14,ORD-11900,Оливковое масло,Продукты,Актобе,Смирнова А.,Онлайн,1,1050.44,0,1050.44,464.84,585.6,CUST-427,Brand_Про,Склад-Акт,0,completed
2026-04-22,ORD-11901,Коврик для йоги,Спорттовары,Астана,Козлов В.,B2B,10,2744.23,20,21953.83,11023.45,10930.38,CUST-910,Brand_Спо,Склад-Аст,0,completed
2026-04-11,ORD-11902,Стол письменный,Мебель,Астана,Козлов В.,B2B,1,7655.83,0,7655.83,3886.81,3769.01,CUST-124,Brand_Меб,Склад-Аст,0,completed
2026-04-09,ORD-11903,Кроссовки спорт,Одежда,Актобе,Иванов И.,Онлайн,1,10752.28,0,10752.28,6966.24,3786.05,CUST-187,Brand_Оде,Склад-Акт,0,completed
2026-03-02,ORD-11904,Кофе зерновой,Продукты,Алматы,Козлов В.,Офлайн-магазин,10,993.23,10,8939.04,6556.27,2382.77,CUST-335,Brand_Про,Склад-Алм,0,completed
2025-12-11,ORD-11905,Эспандер,Спорттовары,Актобе,Козлов В.,Маркетплейс,1,4365.06,0,4365.06,1950.78,2414.28,CUST-640,Brand_Спо,Склад-Акт,0,completed
2026-02-17,ORD-11906,Шоколад горький,Продукты,Караганда,Петров П.,Офлайн-магазин,1,1401.76,0,1401.76,1120.22,281.55,CUST-844,Brand_Про,Склад-Кар,0,completed
2026-03-30,ORD-11907,Футболка базовая,Одежда,Шымкент,Смирнова А.,Онлайн,1,3913.1,0,3913.1,1597.52,2315.58,CUST-485,Brand_Оде,Склад-Шым,0,completed
2025-11-26,ORD-11908,Сыр пармезан,Продукты,Караганда,Петров П.,Онлайн,1,1279.52,0,1279.52,778.51,501.01,CUST-681,Brand_Про,Склад-Кар,0,completed
2025-09-06,ORD-11909,Планшет Z,Электроника,Алматы,Козлов В.,Онлайн,3,8147.83,5,23221.3,12859.8,10361.5,CUST-742,Brand_Эле,Склад-Алм,0,completed
2025-10-07,ORD-11910,Джинсы классика,Одежда,Караганда,Петров П.,B2B,3,15438.82,0,46316.45,36035.51,10280.94,CUST-570,Brand_Оде,Склад-Кар,0,completed
2026-06-03,ORD-11911,Наушники Air,Электроника,Алматы,Лебедева Е.,Маркетплейс,3,54243.37,5,154593.6,120137.95,34455.65,CUST-660,Brand_Эле,Склад-Алм,0,completed
2026-02-24,ORD-11912,Диван угловой,Мебель,Караганда,Петров П.,Онлайн,1,6723.25,15,5714.76,3850.14,1864.62,CUST-221,Brand_Меб,Склад-Кар,0,completed
2025-09-09,ORD-11913,Кроссовки спорт,Одежда,Алматы,Иванов И.,Онлайн,1,6526.27,0,6526.27,4060.12,2466.16,CUST-365,Brand_Оде,Склад-Алм,0,completed
2026-01-06,ORD-11914,Гантели 5кг,Спорттовары,Актобе,Смирнова А.,Офлайн-магазин,4,531.29,0,2125.17,1534.3,590.86,CUST-170,Brand_Спо,Склад-Акт,0,completed
2026-01-23,ORD-11915,Куртка зимняя,Одежда,Астана,Смирнова А.,B2B,1,7315.24,0,7315.24,4023.56,3291.68,CUST-711,Brand_Оде,Склад-Аст,0,completed
2025-11-27,ORD-11916,Оливковое масло,Продукты,Шымкент,Козлов В.,B2B,3,1017.03,5,2898.53,1227.31,1671.22,CUST-759,Brand_Про,Склад-Шым,0,completed
2025-07-30,ORD-11917,Свитер шерстяной,Одежда,Алматы,Лебедева Е.,Офлайн-магазин,3,3054.79,0,9164.37,5303.38,3860.99,CUST-395,Brand_Оде,Склад-Алм,3,returned
2025-07-22,ORD-11918,Кроссовки спорт,Одежда,Астана,Иванов И.,Маркетплейс,1,9050.22,0,9050.22,6113.71,2936.52,CUST-578,Brand_Оде,Склад-Аст,1,returned
2025-11-15,ORD-11919,Чай зеленый,Продукты,Караганда,Смирнова А.,Офлайн-магазин,6,624.08,5,3557.24,1434.88,2122.36,CUST-734,Brand_Про,Склад-Кар,0,completed
2025-09-08,ORD-11920,Гантели 5кг,Спорттовары,Актобе,Смирнова А.,Онлайн,2,4007.94,0,8015.89,6214.78,1801.11,CUST-905,Brand_Спо,Склад-Акт,0,completed
2026-06-10,ORD-11921,Шоколад горький,Продукты,Актобе,Иванов И.,Маркетплейс,7,1679.9,0,11759.29,4852.86,6906.43,CUST-277,Brand_Про,Склад-Акт,0,completed
2025-11-11,ORD-11922,Планшет Z,Электроника,Караганда,Козлов В.,Онлайн,1,10756.45,0,10756.45,5345.11,5411.34,CUST-188,Brand_Эле,Склад-Кар,0,completed
2025-08-06,ORD-11923,Ноутбук Pro,Электроника,Астана,Петров П.,B2B,2,14331.87,0,28663.75,11802.18,16861.56,CUST-645,Brand_Эле,Склад-Аст,2,returned
2026-01-29,ORD-11924,Наушники Air,Электроника,Караганда,Козлов В.,Маркетплейс,3,41548.13,15,105947.72,55603.76,50343.96,CUST-996,Brand_Эле,Склад-Кар,0,completed
2025-12-25,ORD-11925,Джинсы классика,Одежда,Караганда,Козлов В.,Офлайн-магазин,3,13585.51,0,40756.53,29755.81,11000.72,CUST-736,Brand_Оде,Склад-Кар,0,completed
2025-09-05,ORD-11926,Чай зеленый,Продукты,Алматы,Смирнова А.,B2B,4,1248.94,15,4246.38,2533.93,1712.45,CUST-340,Brand_Про,Склад-Алм,0,completed
2026-01-17,ORD-11927,Мяч фитнес,Спорттовары,Алматы,Козлов В.,B2B,3,4740.43,0,14221.29,7496.61,6724.68,CUST-795,Brand_Спо,Склад-Алм,0,completed
2025-09-24,ORD-11928,Стол письменный,Мебель,Караганда,Козлов В.,Онлайн,2,40388.62,20,64621.79,50015.91,14605.89,CUST-901,Brand_Меб,Склад-Кар,2,returned
2026-02-11,ORD-11929,Джинсы классика,Одежда,Шымкент,Иванов И.,B2B,3,9204.34,0,27613.02,20502.77,7110.25,CUST-738,Brand_Оде,Склад-Шым,0,completed
2025-12-19,ORD-11930,Кровать двуспальная,Мебель,Алматы,Петров П.,Онлайн,1,39365.29,0,39365.29,16320.84,23044.45,CUST-211,Brand_Меб,Склад-Алм,0,cancelled
2026-04-09,ORD-11931,Оливковое масло,Продукты,Актобе,Козлов В.,Маркетплейс,3,522.74,0,1568.21,1169.31,398.89,CUST-414,Brand_Про,Склад-Акт,0,completed
2025-08-18,ORD-11932,Сыр пармезан,Продукты,Караганда,Лебедева Е.,Офлайн-магазин,3,406.18,0,1218.53,872.78,345.76,CUST-358,Brand_Про,Склад-Кар,0,completed
2026-05-27,ORD-11933,Чай зеленый,Продукты,Шымкент,Смирнова А.,Офлайн-магазин,7,232.51,0,1627.57,830.98,796.59,CUST-938,Brand_Про,Склад-Шым,0,completed
2025-09-05,ORD-11934,Смартфон X,Электроника,Актобе,Козлов В.,Офлайн-магазин,3,96927.74,0,290783.23,133382.47,157400.76,CUST-977,Brand_Эле,Склад-Акт,0,completed
2026-06-29,ORD-11935,Стол письменный,Мебель,Шымкент,Петров П.,Маркетплейс,3,40257.23,10,108694.51,74956.42,33738.1,CUST-383,Brand_Меб,Склад-Шым,0,completed
2026-05-18,ORD-11936,Шкаф-купе,Мебель,Алматы,Козлов В.,B2B,1,20524.91,0,20524.91,9017.33,11507.58,CUST-144,Brand_Меб,Склад-Алм,0,completed
2025-10-23,ORD-11937,Ноутбук Pro,Электроника,Шымкент,Смирнова А.,Офлайн-магазин,3,95308.35,0,285925.04,206111.61,79813.43,CUST-983,Brand_Эле,Склад-Шым,0,completed
2025-08-06,ORD-11938,Наушники Air,Электроника,Алматы,Смирнова А.,B2B,1,6151.5,0,6151.5,2707.84,3443.66,CUST-993,Brand_Эле,Склад-Алм,0,completed
2026-04-06,ORD-11939,Стул офисный,Мебель,Алматы,Петров П.,Офлайн-магазин,3,7163.51,0,21490.53,13708.16,7782.37,CUST-706,Brand_Меб,Склад-Алм,0,completed
2026-06-05,ORD-11940,Коврик для йоги,Спорттовары,Алматы,Иванов И.,Маркетплейс,1,788.57,0,788.57,605.3,183.27,CUST-219,Brand_Спо,Склад-Алм,0,completed
2025-11-22,ORD-11941,Наушники Air,Электроника,Алматы,Лебедева Е.,B2B,3,86945.01,0,260835.03,185784.89,75050.14,CUST-745,Brand_Эле,Склад-Алм,0,completed
2026-02-05,ORD-11942,Куртка зимняя,Одежда,Актобе,Иванов И.,Маркетплейс,3,2684.35,0,8053.05,5944.44,2108.61,CUST-941,Brand_Оде,Склад-Акт,0,completed
2026-04-16,ORD-11943,Шоколад горький,Продукты,Алматы,Иванов И.,Онлайн,8,599.69,0,4797.5,2567.04,2230.46,CUST-222,Brand_Про,Склад-Алм,0,completed
2025-08-02,ORD-11944,Стол письменный,Мебель,Актобе,Лебедева Е.,B2B,3,39563.23,0,118689.69,54008.64,64681.05,CUST-878,Brand_Меб,Склад-Акт,0,completed
2025-08-19,ORD-11945,Кроссовки спорт,Одежда,Алматы,Козлов В.,Онлайн,1,7695.64,0,7695.64,4654.28,3041.36,CUST-581,Brand_Оде,Склад-Алм,0,completed
2025-10-09,ORD-11946,Джинсы классика,Одежда,Актобе,Лебедева Е.,B2B,2,5309.96,0,10619.92,4760.34,5859.59,CUST-446,Brand_Оде,Склад-Акт,0,completed
2025-11-15,ORD-11947,Наушники Air,Электроника,Караганда,Лебедева Е.,Онлайн,1,5896.69,5,5601.86,3750.41,1851.44,CUST-475,Brand_Эле,Склад-Кар,0,completed
2026-01-18,ORD-11948,Шкаф-купе,Мебель,Алматы,Иванов И.,Офлайн-магазин,2,50829.36,0,101658.72,52584.41,49074.32,CUST-238,Brand_Меб,Склад-Алм,0,completed
2025-11-08,ORD-11949,Стол письменный,Мебель,Астана,Иванов И.,B2B,1,41130.52,20,32904.42,21091.27,11813.15,CUST-664,Brand_Меб,Склад-Аст,0,completed
2026-01-18,ORD-11950,Диван угловой,Мебель,Караганда,Козлов В.,Онлайн,2,23437.81,0,46875.62,25434.85,21440.77,CUST-806,Brand_Меб,Склад-Кар,0,completed
2025-09-20,ORD-11951,Свитер шерстяной,Одежда,Шымкент,Петров П.,Онлайн,1,7064.6,20,5651.68,4283.18,1368.5,CUST-497,Brand_Оде,Склад-Шым,0,completed
2025-08-28,ORD-11952,Наушники Air,Электроника,Алматы,Петров П.,Офлайн-магазин,1,47933.16,15,40743.18,30847.28,9895.9,CUST-968,Brand_Эле,Склад-Алм,0,completed
2025-11-07,ORD-11953,Смарт-часы,Электроника,Актобе,Петров П.,Офлайн-магазин,3,40021.51,5,114061.3,55679.74,58381.56,CUST-209,Brand_Эле,Склад-Акт,0,completed
2026-02-24,ORD-11954,Коврик для йоги,Спорттовары,Алматы,Смирнова А.,Офлайн-магазин,3,830.4,0,2491.21,1904.87,586.34,CUST-836,Brand_Спо,Склад-Алм,0,completed
2026-01-24,ORD-11955,Мяч фитнес,Спорттовары,Шымкент,Козлов В.,Офлайн-магазин,10,2721.9,10,24497.13,12835.11,11662.02,CUST-103,Brand_Спо,Склад-Шым,0,completed
2026-01-04,ORD-11956,Смартфон X,Электроника,Шымкент,Козлов В.,B2B,1,30688.96,0,30688.96,22344.79,8344.17,CUST-534,Brand_Эле,Склад-Шым,0,completed
2025-09-22,ORD-11957,Сыр пармезан,Продукты,Астана,Лебедева Е.,Маркетплейс,2,1125.91,0,2251.81,1594.67,657.14,CUST-604,Brand_Про,Склад-Аст,2,returned
2026-01-06,ORD-11958,Ноутбук Pro,Электроника,Астана,Лебедева Е.,Маркетплейс,2,87083.03,0,174166.06,93448.19,80717.88,CUST-485,Brand_Эле,Склад-Аст,0,completed
2026-06-14,ORD-11959,Смарт-часы,Электроника,Караганда,Петров П.,Офлайн-магазин,1,56479.31,0,56479.31,40366.16,16113.14,CUST-855,Brand_Эле,Склад-Кар,0,completed
2026-01-27,ORD-11960,Сыр пармезан,Продукты,Караганда,Козлов В.,Офлайн-магазин,6,273.49,0,1640.94,723.16,917.78,CUST-162,Brand_Про,Склад-Кар,0,completed
2026-04-04,ORD-11961,Стул офисный,Мебель,Шымкент,Козлов В.,Маркетплейс,2,47057.44,0,94114.88,61785.19,32329.69,CUST-780,Brand_Меб,Склад-Шым,0,completed
2025-08-22,ORD-11962,Футболка базовая,Одежда,Караганда,Смирнова А.,Маркетплейс,3,4985.96,0,14957.88,7094.3,7863.58,CUST-941,Brand_Оде,Склад-Кар,0,completed
2025-08-28,ORD-11963,Оливковое масло,Продукты,Шымкент,Козлов В.,Офлайн-магазин,1,1048.55,0,1048.55,491.88,556.67,CUST-869,Brand_Про,Склад-Шым,0,completed
2026-02-08,ORD-11964,Мяч фитнес,Спорттовары,Астана,Козлов В.,Офлайн-магазин,5,4990.69,20,19962.76,11311.85,8650.91,CUST-110,Brand_Спо,Склад-Аст,0,completed
2026-03-07,ORD-11965,Стол письменный,Мебель,Астана,Козлов В.,Онлайн,1,49736.59,10,44762.93,30915.59,13847.34,CUST-510,Brand_Меб,Склад-Аст,0,cancelled
2026-03-22,ORD-11966,Стол письменный,Мебель,Шымкент,Лебедева Е.,Офлайн-магазин,3,16938.02,0,50814.06,30568.71,20245.34,CUST-153,Brand_Меб,Склад-Шым,0,completed
2026-02-15,ORD-11967,Планшет Z,Электроника,Актобе,Лебедева Е.,B2B,3,81256.92,0,243770.76,103118.38,140652.38,CUST-479,Brand_Эле,Склад-Акт,0,completed
2025-11-19,ORD-11968,Кофе зерновой,Продукты,Шымкент,Иванов И.,Офлайн-магазин,4,1148.18,0,4592.7,3200.57,1392.13,CUST-435,Brand_Про,Склад-Шым,0,cancelled
2026-05-23,ORD-11969,Кровать двуспальная,Мебель,Шымкент,Иванов И.,Маркетплейс,3,17338.62,0,52015.86,27499.1,24516.76,CUST-854,Brand_Меб,Склад-Шым,0,completed
2026-03-21,ORD-11970,Скакалка,Спорттовары,Караганда,Козлов В.,Маркетплейс,5,3517.06,0,17585.3,13016.91,4568.39,CUST-983,Brand_Спо,Склад-Кар,0,completed
2025-08-05,ORD-11971,Свитер шерстяной,Одежда,Шымкент,Петров П.,Офлайн-магазин,1,6220.93,10,5598.84,3259.51,2339.32,CUST-161,Brand_Оде,Склад-Шым,0,completed
2026-07-18,ORD-11972,Джинсы классика,Одежда,Астана,Козлов В.,Онлайн,1,2922.91,15,2484.48,1641.0,843.48,CUST-721,Brand_Оде,Склад-Аст,0,completed
2025-09-21,ORD-11973,Стул офисный,Мебель,Караганда,Петров П.,Онлайн,1,22736.3,0,22736.3,14034.62,8701.68,CUST-374,Brand_Меб,Склад-Кар,0,completed
2026-04-30,ORD-11974,Шкаф-купе,Мебель,Актобе,Петров П.,Онлайн,1,27510.43,20,22008.35,17213.64,4794.7,CUST-698,Brand_Меб,Склад-Акт,0,completed
2025-10-21,ORD-11975,Футболка базовая,Одежда,Астана,Козлов В.,Онлайн,2,2467.27,0,4934.53,2758.45,2176.09,CUST-179,Brand_Оде,Склад-Аст,0,completed
2025-08-22,ORD-11976,Шкаф-купе,Мебель,Алматы,Иванов И.,B2B,1,37203.48,5,35343.31,19793.13,15550.18,CUST-897,Brand_Меб,Склад-Алм,0,completed
2025-08-11,ORD-11977,Кофе зерновой,Продукты,Алматы,Смирнова А.,Офлайн-магазин,3,686.41,0,2059.23,1201.63,857.6,CUST-386,Brand_Про,Склад-Алм,0,completed
2026-01-30,ORD-11978,Гантели 5кг,Спорттовары,Алматы,Козлов В.,Офлайн-магазин,8,2566.99,0,20535.88,10199.48,10336.4,CUST-652,Brand_Спо,Склад-Алм,0,completed
2025-11-12,ORD-11979,Коврик для йоги,Спорттовары,Караганда,Смирнова А.,Маркетплейс,3,1038.62,15,2648.49,1174.58,1473.91,CUST-855,Brand_Спо,Склад-Кар,0,completed
2026-05-27,ORD-11980,Джинсы классика,Одежда,Караганда,Петров П.,B2B,3,3568.0,10,9633.6,7301.53,2332.07,CUST-496,Brand_Оде,Склад-Кар,0,completed
2025-11-12,ORD-11981,Кофе зерновой,Продукты,Шымкент,Лебедева Е.,B2B,3,276.71,20,664.11,385.87,278.25,CUST-943,Brand_Про,Склад-Шым,0,completed
2025-10-17,ORD-11982,Стол письменный,Мебель,Актобе,Смирнова А.,Маркетплейс,3,15429.36,0,46288.08,30058.16,16229.92,CUST-482,Brand_Меб,Склад-Акт,0,completed
2025-08-02,ORD-11983,Стул офисный,Мебель,Актобе,Лебедева Е.,B2B,1,24710.86,0,24710.86,14778.69,9932.17,CUST-522,Brand_Меб,Склад-Акт,0,completed
2025-08-02,ORD-11984,Футболка базовая,Одежда,Актобе,Иванов И.,Онлайн,1,11234.62,0,11234.62,5239.4,5995.23,CUST-480,Brand_Оде,Склад-Акт,0,completed
2025-12-22,ORD-11985,Свитер шерстяной,Одежда,Алматы,Смирнова А.,Маркетплейс,3,10390.08,10,28053.22,13166.53,14886.69,CUST-297,Brand_Оде,Склад-Алм,0,completed
2025-11-25,ORD-11986,Джинсы классика,Одежда,Алматы,Петров П.,Офлайн-магазин,1,7354.2,0,7354.2,5323.23,2030.97,CUST-924,Brand_Оде,Склад-Алм,1,returned
2026-01-07,ORD-11987,Кофе зерновой,Продукты,Алматы,Лебедева Е.,Офлайн-магазин,5,936.99,0,4684.96,3219.34,1465.62,CUST-331,Brand_Про,Склад-Алм,0,completed
2026-02-14,ORD-11988,Скакалка,Спорттовары,Актобе,Лебедева Е.,Маркетплейс,10,2063.55,0,20635.53,14657.54,5977.99,CUST-266,Brand_Спо,Склад-Акт,0,completed
2025-12-19,ORD-11989,Кроссовки спорт,Одежда,Астана,Лебедева Е.,B2B,1,3302.75,5,3137.61,1690.32,1447.29,CUST-651,Brand_Оде,Склад-Аст,0,completed
2026-06-17,ORD-11990,Футболка базовая,Одежда,Астана,Смирнова А.,Маркетплейс,1,2680.66,5,2546.63,1471.27,1075.36,CUST-712,Brand_Оде,Склад-Аст,0,completed
2026-02-08,ORD-11991,Оливковое масло,Продукты,Актобе,Лебедева Е.,Офлайн-магазин,2,338.76,0,677.52,533.07,144.45,CUST-177,Brand_Про,Склад-Акт,0,completed
2026-03-25,ORD-11992,Диван угловой,Мебель,Актобе,Смирнова А.,Маркетплейс,1,15092.73,20,12074.18,5709.89,6364.29,CUST-374,Brand_Меб,Склад-Акт,0,completed
2026-06-15,ORD-11993,Смарт-часы,Электроника,Астана,Козлов В.,Маркетплейс,1,92673.94,0,92673.94,43772.18,48901.76,CUST-819,Brand_Эле,Склад-Аст,0,completed
2025-11-16,ORD-11994,Наушники Air,Электроника,Шымкент,Петров П.,B2B,2,22556.84,15,38346.63,22600.78,15745.85,CUST-973,Brand_Эле,Склад-Шым,0,completed
2026-04-08,ORD-11995,Диван угловой,Мебель,Караганда,Иванов И.,Офлайн-магазин,1,54193.92,20,43355.14,19431.17,23923.96,CUST-334,Brand_Меб,Склад-Кар,0,completed
2025-08-04,ORD-11996,Смарт-часы,Электроника,Актобе,Петров П.,Маркетплейс,1,46217.1,0,46217.1,22018.79,24198.32,CUST-164,Brand_Эле,Склад-Акт,0,completed
2026-01-19,ORD-11997,Куртка зимняя,Одежда,Шымкент,Иванов И.,Маркетплейс,2,2316.92,0,4633.83,3284.26,1349.57,CUST-755,Brand_Оде,Склад-Шым,0,completed
2025-09-13,ORD-11998,Чай зеленый,Продукты,Алматы,Лебедева Е.,B2B,10,1173.55,0,11735.46,5349.76,6385.7,CUST-229,Brand_Про,Склад-Алм,0,completed
2026-01-29,ORD-11999,Чай зеленый,Продукты,Астана,Иванов И.,Офлайн-магазин,5,1527.09,0,7635.46,5116.99,2518.46,CUST-652,Brand_Про,Склад-Аст,0,completed
